16044
11037
10600
18784
10212
25670
11714
533
11451
18460
11630
31433
28598
15139
22190
21831
17862
20378
32666
10450
23661
25352
7529
11359
2850
14871
16620
20737
21495
3749
15451
24741
22393
17433
22100
29951
16343
13811
11809
23236
26439
21672
13626
13594
15782
1196
25098
30029
12638
29648
32758
31427
8077
22734
16540
28466
3940
20770
29272
13072
15565
20764
13
28235
13904
23092
7714
6459
4663
27549
18634
4565
32496
24861
30601
4385
12980
13339
10740
5358
32358
21242
12728
4548
1982
677
24029
282
28326
32363
27468
8137
25060
18958
24207
28865
26362
27158
10969
22522
22858
30315
19014
25006
25726
15139
11107
2502
32295
23449
6129
6034
8868
11199
30950
25020
22854
13237
7093
3711
17330
4506
23759
9236
15494
11682
23402
32109
18751
29800
6785
30502
25434
2950
13084
26809
23737
13412
31697
15857
25417
20813
18827
17569
26594
16584
11658
661
27758
805
21675
10185
32078
24150
27626
28889
23033
29696
11813
3513
4326
32210
32547
24742
4781
9238
14292
10588
105
8837
2010
28810
14688
12128
4169
18307
27622
22716
7083
12342
11646
19486
5960
16736
24131
15431
12708
23296
23430
22865
16968
32524
17849
3835
24261
8802
23947
32066
16631
2561
15445
24369
25223
2169
27573
21497
29107
12192
8312
15940
850
19079
7358
11719
9746
13228
32088
1814
15109
23409
30325
23997
14172
4813
17278
13452
13170
28226
20030
6194
27404
21775
20806
18446
4831
4262
31120
24897
10066
28768
19298
16392
6278
21872
20085
2889
30611
15126
17751
7787
2325
3861
29710
17771
24808
28262
14846
32556
27439
6702
781
14863
1691
14574
21508
16068
5098
14329
30264
15712
7853
24876
1643
12463
847
30937
27373
3019
13907
30724
29958
26093
4317
14034
12697
6276
18036
6974
11521
900
26630
8206
11839
27649
6188
18437
11607
10492
21680
20827
2295
4733
31053
15722
16218
26338
24501
170
11884
6774
16601
28383
7983
17733
15204
14225
8285
9007
9096
1725
29775
23100
32766
7626
5661
31535
22600
30910
6663
28766
14394
21426
27923
20160
3256
9348
14328
15688
15809
23755
26939
26225
10669
2064
10904
10267
26034
6715
17827
30101
26541
587
15279
8187
32031
21834
5359
30914
13174
9600
10971
657
5519
23016
29141
9298
25208
6624
1549
4746
8570
8484
32674
25317
14167
4093
21002
32278
24784
2998
15027
25565
13930
17232
746
30057
7538
11383
6397
14817
19007
3252
17564
20798
14263
8931
31365
2395
14357
1256
4961
18767
745
1438
27112
18170
25695
14096
9292
15070
29125
23788
11477
1584
26440
25396
7624
32559
4862
11575
9358
22453
28970
20672
8210
21004
23995
4493
32363
14338
32533
12546
7611
18496
19988
26143
13399
3543
24398
4528
1064
22044
20889
707
23889
14518
1486
24415
13329
26101
972
1395
19947
12134
12479
30733
18949
32420
15010
11468
2255
11888
23810
19864
14052
31236
25349
17040
32565
30373
2732
6212
10340
19320
11605
5669
8558
7062
20868
6458
16781
22114
2530
1812
16221
25115
17798
27907
9021
21677
30068
8074
14584
11981
11107
28177
17573
19780
5572
16090
32459
1163
31999
10038
7113
6809
9728
21497
25205
4857
15858
22059
5636
287
13130
10240
14122
21756
8200
32266
24705
21968
10553
14510
16943
16192
30657
2517
196
13480
11863
8931
31585
32434
209
32493
15647
18216
20642
7463
7598
18182
29345
16283
21821
6868
524
545
1946
12594
25804
23947
2715
1973
25850
27424
27580
10737
931
31820
30985
9943
26824
23189
20799
28738
5289
17361
16174
22732
13892
30358
25697
9190
19224
25331
30465
23592
27694
21341
5879
25573
27738
8684
32337
29699
11199
19912
4327
32009
17553
1246
3902
7802
29983
30167
28844
10338
27408
32330
10429
23342
21484
2352
23510
22976
22239
12697
18200
451
23482
32158
24455
7740
17211
17815
27756
10338
29838
7054
8440
2736
25619
18163
31017
6712
30562
10384
24050
14906
27277
6848
21654
24053
6821
8668
15701
23741
22911
247
25930
19534
11959
1739
28564
21856
10742
9970
22964
13948
10865
13146
7990
26893
16306
18931
16532
7354
1947
19114
12631
31987
11688
27035
29055
29898
28532
12674
22053
25861
19071
2675
17759
113
14126
6348
26980
17017
5395
2151
7920
13302
11375
6164
8938
29257
26869
31046
17221
11432
12753
22540
5924
2997
745
8003
577
14165
11107
19723
1935
28351
21863
27511
12062
26323
15142
393
831
25262
11547
4189
26858
14971
19856
28836
22364
17547
9573
9300
13060
21673
30221
28830
20384
17831
27865
21537
23972
16701
7033
11613
18139
14868
22976
9578
15952
19485
29863
13033
1903
30503
20117
18748
14440
26545
21725
2034
31700
16892
28296
32389
5531
9061
18518
22600
12053
19954
8703
1179
11887
12843
190
12129
7505
19243
27408
7604
25277
246
4538
17111
21563
1293
2569
8555
25139
23872
32093
19686
25498
4292
29161
8002
17616
11141
4276
30450
7625
3005
3299
4378
29548
11718
4155
21503
10296
27181
20706
7613
24621
23047
13413
27448
23530
21896
9215
27476
3859
16593
30233
21097
30197
6922
4365
497
28269
945
11055
22660
6149
10801
19470
15879
32609
23479
29431
16416
6362
9025
1723
21228
20072
12280
29362
2549
9413
30143
5376
23902
15311
15372
25111
20321
11823
3830
24958
1532
5176
18064
26576
11494
11793
6262
12807
13256
30999
26533
17914
15530
13437
18064
15397
20139
6453
24432
22185
8438
18708
14043
2451
4593
14641
31896
22625
7864
7054
24242
11459
28361
3066
4811
2718
18433
1077
2483
17750
32455
23382
313
6733
13959
21610
26689
21671
1634
94
18711
24145
22051
30495
11779
25153
1909
11263
13342
25599
16212
24923
16483
28772
25538
32634
2825
19361
8635
21177
29969
16516
3946
29925
23579
29943
16029
26089
24701
26570
21367
6057
20886
31666
29540
28973
13408
13201
8274
3330
6213
1015
21535
14045
11828
24041
28749
27778
22003
22242
22013
26084
5559
4632
14875
26766
12274
20224
2518
27201
19308
16660
29523
18143
24981
5332
26274
3463
26394
17931
8945
10498
25270
11091
9215
26462
26187
23259
980
9432
7729
19560
9392
7680
27341
23706
14145
11543
14438
5489
28952
30396
2357
24591
1886
18888
26043
960
16835
13942
10072
5687
14776
8391
20760
16667
6622
21028
27344
194
29118
20037
4714
16444
29114
28499
14205
30355
9027
3401
13601
10577
29005
13472
15873
30787
5376
12331
20145
5757
15025
27200
6722
21662
29456
26904
9492
8277
17571
27256
492
7460
29043
25233
25926
14948
17669
25126
749
27274
32395
10220
27080
24488
11100
24886
20983
28983
1442
24017
4383
3859
11090
15149
10497
26055
16738
19134
9298
6155
22326
14242
13766
12683
7771
12164
19823
14058
19063
4800
6213
30471
11648
28616
7686
383
25645
19910
28992
26227
9898
2691
9643
9099
4496
20359
189
25146
31508
25218
6265
27460
10367
21738
21640
29566
30686
22246
1418
9685
20986
12651
1710
3730
30858
11172
7552
19421
1192
24472
3075
10111
10626
16903
2304
32236
3922
24980
4765
5760
23184
8490
20273
20745
13157
29080
28759
19590
24932
20094
19522
27438
20341
621
8528
22452
3089
30282
14305
28618
6581
4083
22121
14308
9104
25637
15300
15422
27263
16286
5066
800
32316
19326
6692
29793
5843
20723
24414
23082
8789
24597
25660
24316
23247
24079
32594
11508
30845
16000
16591
4686
21564
27681
18586
20265
3646
9383
17056
28809
3329
19435
32108
23714
26754
31304
20216
29780
5550
19012
15298
28146
26137
10611
5155
19783
12274
12441
31708
7387
12855
18191
4082
19570
2341
5480
7869
22742
18163
2899
9787
8406
1215
31939
3242
2959
32713
6734
18261
25578
5855
18643
25518
3430
15384
7264
9885
30232
11973
31315
13848
27120
4517
9919
244
11069
12632
16657
22778
29811
3862
29683
29502
18220
929
23664
17068
11374
3704
27737
24804
18988
9550
19432
31048
29199
6074
32420
27218
3446
23344
20356
4396
2747
21296
18519
29562
12216
27069
14435
15226
30089
3089
3661
14928
20884
24463
2361
25755
4039
17145
1329
32076
8737
28643
26315
25272
2420
20584
27142
12780
15209
23835
22646
13376
10692
5952
27297
19247
20201
29501
22696
20069
25503
18251
24106
4122
8725
4721
13669
31647
14883
12211
19870
566
23249
18823
16579
18983
29981
8584
19536
21520
7161
110
20847
2685
9620
25150
8291
28600
29146
12990
4902
24035
31294
11820
15185
3395
3767
14895
10045
21727
25608
19214
616
22858
22341
10528
5402
7613
2707
10884
26440
11112
16175
13585
2744
17162
4274
7312
20582
19648
30099
12585
27943
31258
10477
4636
20876
20084
24962
6322
14601
388
31233
28530
13398
28719
28292
10647
13078
4001
21341
28354
20663
5788
10514
3821
26777
20752
12710
4768
13682
20973
11034
7015
32753
30517
4916
10371
8353
29781
22655
5088
22801
22197
7315
23367
18482
14478
27542
2517
32256
5628
3331
21932
29284
30804
20906
17896
25433
27575
761
29909
24143
29415
22393
16991
30924
27994
4251
2761
31833
9101
9653
13730
2460
28059
8264
12533
30402
10254
3460
11457
27936
27381
10510
10920
2585
14135
9472
13803
1858
3622
13106
22422
11716
10071
13240
6904
6402
14514
11435
13910
3196
1221
28461
11233
24819
9053
3495
30436
19663
14424
1877
6466
3005
3253
19717
7456
10652
15853
795
24287
29850
30598
9433
13133
23194
27365
27869
15900
13786
31076
9963
3219
19666
17572
20205
18563
2399
6437
8504
6013
11040
26387
17
31298
31008
15715
21104
16507
14006
31519
16388
25770
24490
11006
28278
25697
28569
15672
9202
26802
14491
5016
29412
21222
3362
5075
21247
369
16678
13336
19332
24870
18047
13800
4801
7848
26770
808
18136
3105
27439
24949
9153
3894
4282
28599
23186
11066
19337
8697
28158
31649
7822
12152
14364
12984
28982
9977
32106
28820
23184
7520
12562
1608
10162
10879
20076
31068
8537
10284
27587
23418
21711
26518
27228
19049
25618
20697
26548
11328
8498
8399
21514
31699
30971
14633
21021
14706
28884
14015
17463
21459
15335
16933
10858
7500
11138
20095
13850
8517
32445
14998
14012
28142
21854
2091
17372
9773
18937
7563
18533
28635
30556
17763
21277
4655
27946
24790
20591
22650
22469
32717
4461
3349
24433
21390
17429
8344
695
12177
16595
20813
28680
3214
20808
26341
8867
16859
21578
22121
18105
26869
25388
25203
10446
8029
23615
2973
13410
6821
30360
25914
17873
17098
17172
8772
21368
18116
16026
28310
12825
24412
22944
26715
30848
13374
6385
19911
18023
5967
13229
13061
29336
2624
21137
21616
25681
16996
21624
22789
7148
7870
15394
6424
11967
17503
11061
15687
14914
21743
3713
18861
4719
29577
24456
26968
12143
3020
7998
3580
7794
3886
28173
14312
31199
7316
25884
31290
11437
17952
5329
3919
1296
26954
19605
4478
23129
19763
4055
11270
18967
31541
23635
22596
20611
1471
9620
31530
16411
12640
10679
30444
23692
13345
883
1276
7381
32536
7510
27705
22698
17978
27217
26468
25878
14961
1911
20435
25701
10735
11010
24681
19777
31425
1175
9413
27931
13223
29387
26810
27085
1827
12773
15359
1661
5328
26597
24104
12228
21749
12742
9941
4879
25178
5633
15914
17734
5722
82
14719
15532
11066
10942
28760
8711
22713
6101
7575
15616
7912
565
8432
32716
13116
25935
29854
30220
17378
878
11092
6898
1362
3317
2679
23206
15911
19687
5258
17128
17710
32429
6122
9974
9661
12564
5563
15024
24134
23190
5410
26874
27947
730
14004
26978
8148
9598
7215
22787
22528
12819
30824
23208
15192
19817
23429
565
330
14349
3948
3907
21268
32273
6268
15115
29215
21515
11898
7557
6287
17760
16846
28113
18456
6083
24815
8661
31507
2040
4636
12584
27601
17374
30029
32558
26159
17836
17001
12421
22378
29819
30649
28576
4149
11781
19613
25778
27913
7596
15485
25806
22717
1214
15875
7244
23894
22519
31367
14446
14112
22087
6603
21572
7678
31958
30185
11468
14590
31814
19337
24670
28720
4920
14935
15687
4281
29201
10677
25525
30499
3070
26028
16083
13303
31029
2089
6452
24206
20094
614
20597
2596
3570
23206
27678
4398
5379
29221
7114
10989
11197
26447
24712
32580
6476
26672
25984
11463
25021
2348
19418
29972
4361
29680
28123
870
14159
680
23889
359
31329
7026
8498
28230
24706
24595
30336
27658
14446
1514
6255
30502
17051
27170
21450
15437
32703
13867
27027
135
18578
10346
1258
20357
4821
21807
18479
25649
1939
29672
13675
32650
20135
3221
30188
8623
13182
6524
17712
22841
1822
28958
773
7374
25447
3177
12525
25332
13209
32047
24263
27682
9751
10455
19116
29469
27499
6995
14360
14210
26249
1618
16970
5790
12888
16566
11757
9862
8302
23112
32247
1892
5403
6058
20434
24336
25770
27278
17082
13024
5603
14886
28262
5056
11733
4059
11498
20613
26834
31810
15324
8830
1210
18508
30901
2124
125
18109
15483
17140
29915
23007
6813
10547
27246
375
1823
17682
20715
1272
10230
28601
31653
3575
21942
24456
18258
18143
3946
23652
19730
20966
26051
3663
18093
11327
8566
6716
2076
20881
10463
289
12876
13225
26858
30029
798
23148
17715
6652
26290
16399
21356
24873
11749
15754
26112
31651
3608
6985
10741
3939
20020
6693
23575
10269
17642
2196
22867
5653
3136
14364
3681
12084
3657
26382
2726
9819
20275
29296
14936
27895
6280
25659
3043
21206
27053
12743
1163
22585
20911
16003
2131
26154
5694
30441
22814
24847
19450
6065
4373
18816
17390
30021
7240
24406
29274
22390
30104
31492
12982
15725
10964
4395
3315
7652
27682
5224
24580
30614
10913
10609
5533
17907
2636
24928
17211
11801
11042
28238
23652
30720
3460
1572
23088
10228
5598
26542
31752
19529
29577
13809
1454
21322
28400
7615
7805
32114
25330
31112
13811
16351
25992
26483
4460
11011
25512
1453
26416
10653
13417
18689
10928
11239
26471
8618
28173
4881
21097
25189
31962
28911
8769
7626
5155
28655
29428
28123
23470
30541
13083
23006
1152
24458
22153
20072
12451
19226
7214
23483
2087
30557
27451
11857
8039
6608
2951
30137
4750
7557
15666
11682
31321
21712
29576
32054
7710
29508
14120
8361
1805
25565
29541
4369
22710
20351
13036
24184
4811
26527
4007
28719
8231
18752
23010
8038
22288
3106
15021
24570
20153
21046
21889
27534
11787
27476
11558
8925
22437
24880
20435
6478
5922
32651
3736
32458
13210
11430
17401
23498
2923
9724
28124
21428
7481
30000
7845
24935
8755
12613
2463
16916
7576
24589
11934
593
1402
3044
26850
24936
26819
24990
25919
32501
13941
27325
17275
1712
2614
14311
26360
20103
8715
3992
14994
6896
24932
29973
27595
32125
1369
7073
24870
432
28211
6642
28624
7186
8750
29158
5253
3967
28029
16499
13234
15556
17295
10716
9431
4204
17809
22059
3376
726
4660
4571
19860
24203
17072
26325
1949
16591
14601
16798
32265
2166
9104
30414
21600
9977
22958
15556
29143
1993
30173
28056
2933
483
20727
9553
6516
1957
17075
4184
15338
2272
19308
32301
21161
15150
2853
3161
19555
15494
10699
32164
28946
17421
5305
4487
11158
21807
13698
28644
5792
10479
1514
31989
20688
16763
9525
10627
23578
23556
21157
4952
3182
13516
28990
2550
18840
20865
30924
19337
10341
17865
30759
3611
7943
9758
3254
10503
22714
7388
29490
29360
27816
21912
5548
9842
31754
12980
15058
26329
31633
304
14958
12305
11268
7875
23343
20126
1578
17963
15788
11853
7658
30145
30886
5483
16561
9296
19085
8244
21268
14375
1094
4238
12727
29805
4396
17912
6509
20661
16469
29117
23200
28370
13078
23405
23540
8941
5321
18829
12327
16853
32717
25230
17212
10645
13263
6652
25304
14412
328
32248
9708
9529
3655
30952
30612
28694
22641
23405
18751
23207
6214
17046
12305
8338
27046
11859
29061
24945
23955
23596
17239
28966
22840
14898
17057
622
26154
1590
26180
24506
22511
27962
28809
9786
27325
16165
9224
14138
16259
2747
16329
21425
22830
13771
1706
5655
32549
26026
22016
15992
10517
19425
3969
1223
22516
11043
23138
25972
64
10370
32700
7232
27016
15586
26164
16721
10030
23213
28891
15489
3691
7112
17747
764
19859
3014
15668
21258
2203
25180
1709
25129
7896
16917
14447
12639
32265
20295
23750
31694
9880
13126
14345
29577
17693
24535
20021
16550
1316
9960
27605
30357
304
31358
13861
29616
29696
26862
1654
24338
3856
10576
5332
14509
6755
19505
13799
12183
16768
25736
12311
12965
12731
15595
27635
28475
28085
27907
980
12898
31270
25406
30397
24603
18394
14019
646
29940
32506
21931
26938
17880
3981
25454
9661
29227
11070
23451
21426
15383
3168
19661
20123
15136
11823
16346
19522
7423
23129
8013
30297
26797
12221
13079
18269
30654
1650
1153
11968
6640
21771
15973
16454
5892
31513
23966
29360
716
5362
17853
12696
6022
15537
3581
18076
2664
23678
6778
23998
3708
30224
21917
10507
31150
879
7643
26491
16420
21759
15263
21273
14797
4282
29572
14947
26173
14013
2248
18676
8888
20230
17406
17248
1676
9340
20994
14944
22948
12591
3890
31023
22875
8162
4827
13107
16270
1735
3826
13536
16373
16265
22533
7130
28595
143
10608
23129
19243
7040
31188
2514
19990
1282
29637
20692
20946
2504
26307
24624
9725
21707
17516
19292
5955
10967
32239
16409
22644
32586
21956
24916
474
17945
31131
18762
6857
10003
30866
30448
24951
30314
27050
10898
17678
5743
22140
30138
17920
9885
15912
595
12443
9177
17551
21774
26077
24056
25026
3845
9865
26242
9657
29343
5242
23733
25673
12211
24120
15053
23888
15088
18633
2179
13619
13436
3018
5844
20874
8667
13246
10499
28185
32531
32421
12001
32259
27405
26321
29772
11578
29503
20469
27126
5690
17032
2687
27496
32759
14171
8487
9798
14355
9504
9416
1748
23893
17623
27247
19897
11863
6399
28594
13059
12414
18614
22852
14956
17199
13857
16326
7387
29504
21518
16095
27438
8877
32472
31374
20023
22669
23691
3775
2052
19780
2121
7453
6756
1785
3309
27944
13990
6731
29421
21127
23204
25407
25989
19871
16129
19069
13074
6756
31406
27325
11452
8559
32691
10876
10583
32594
21804
7667
12171
5672
12945
17737
2867
23920
24635
31496
20996
25627
292
9934
7023
14563
10735
2117
28616
11487
26920
11860
12967
9300
9420
28311
3215
27087
28940
28941
6093
14192
17486
9233
21667
27273
11381
11404
10406
5480
26978
9832
28005
25456
4282
18760
21067
879
7914
17782
5575
3115
6505
27932
22953
3902
9789
32184
5840
20004
15553
7626
29698
17811
21413
25295
1051
778
12342
29555
12138
30893
15072
6659
19544
17232
31985
23329
11082
5842
11167
25787
6601
17580
25677
26942
8417
4297
32266
15110
710
18585
5211
15386
15294
20577
12090
30230
2618
6869
11358
28264
16966
16104
19901
2751
28708
8163
4432
6593
3636
23476
13846
21501
21016
29577
4699
26912
21780
25246
7994
28011
7099
5971
23905
15204
16584
642
30484
7628
18250
12559
17269
21970
22532
9153
3842
20870
28179
22864
19807
9872
14033
16063
6230
9506
10490
31211
8220
5931
5901
16997
28885
32718
16629
15485
12635
28434
10473
2719
16187
15835
12177
2275
19457
17945
15210
26335
24502
27455
28523
5056
25766
1783
13545
12441
8295
3603
7352
31994
15894
455
23443
29125
19940
278
26045
32317
24017
3723
28137
7008
4024
24105
19288
10615
20620
16292
2881
19435
5345
30930
12661
14170
16046
9308
27715
9706
4177
26809
16281
26077
20691
7005
27501
13926
1390
9261
4443
26299
25676
13623
23952
27500
25746
10912
14054
24051
3997
9949
14928
6796
30603
16166
1401
28743
30462
19496
5288
5979
7708
13051
14311
25021
28891
14931
25444
23025
23163
16378
24343
17441
31316
25214
6565
13676
11729
29479
8837
13696
31677
17451
3937
7787
17597
10021
20671
11950
23838
12228
14816
403
29649
3776
16360
25025
27316
6419
13376
10766
1044
20325
32313
10388
2415
31176
6130
14343
20350
11173
21115
838
15218
17398
9530
10031
11647
15798
3214
9912
29847
25750
15283
25915
12152
16882
9702
6930
16104
22019
8905
30820
11583
29014
12808
27198
12071
17021
8765
13798
8608
27652
7953
24172
10567
13991
27300
2177
22231
13249
17968
20620
29936
25608
19945
18171
25367
13944
19495
1751
8703
29581
18374
6812
29958
26805
20941
9031
15619
26629
22095
30128
28735
28715
29839
8730
21441
4260
8807
6665
22991
24111
7915
26708
18865
2945
30793
12154
5304
31290
10484
25145
31871
22552
4097
27229
28273
7274
18641
12759
14475
31176
9712
16910
31587
6146
21309
28026
32106
10838
25419
14190
17262
13798
19464
28213
4707
7273
5788
11105
15970
16160
18068
11872
27378
19979
15424
17744
8327
5982
5721
14356
23368
27439
22247
27048
30485
26481
20322
9137
7369
16421
6168
16473
5308
22479
5838
9817
8845
15399
22698
19287
19998
23314
17233
12403
15839
976
24908
3357
1616
2167
19888
7209
4801
5024
766
16165
2908
1632
4424
27626
23654
29306
32661
6257
17090
1234
23687
6376
439
29733
16955
9221
9715
18424
20849
29083
31183
3022
26605
10091
3796
17054
5661
2108
126
11908
6139
6446
21569
16567
21813
12619
6858
17851
11403
10079
13959
8664
3705
4617
27497
12746
11031
19987
7145
9146
14141
16127
22345
23661
3306
32226
7452
15548
10983
27254
31240
23364
22439
21098
25035
1630
27506
8956
27260
8786
1475
22730
19731
14279
12782
8677
20268
18046
16133
26152
31240
12352
20221
10696
17109
20501
24845
32299
2095
4535
23383
29950
2278
7494
22474
18818
14338
27453
14407
13350
4612
21669
17922
7259
22383
29577
24620
7332
20615
26537
32207
3308
32345
21362
1785
1821
23803
9518
18716
6638
6933
121
2741
7677
27296
23540
556
24861
20206
10045
13307
7153
3051
3358
31763
26042
6818
9732
18043
6765
18179
11955
15163
26377
23267
5945
24952
28711
31300
32288
32224
18130
5335
27624
12361
8090
4287
25269
5268
32740
4760
5700
27352
21892
1720
24611
2749
11406
20404
17442
9765
30568
15910
6405
7954
7460
13742
10619
29892
16909
9015
24916
3105
32384
10364
23278
22362
30718
8394
24816
8396
4222
25351
14395
32036
8200
25843
17950
10439
27775
9134
26313
21617
21439
30075
2053
9499
23528
10435
23586
27427
7672
5213
14640
21671
16032
32012
30834
7985
26960
29769
27151
3226
405
5187
12555
7976
32420
15653
7030
24826
9527
14231
19171
15014
5015
24711
16668
7456
21498
16937
9492
734
26896
15932
21533
3129
2265
11664
4955
15127
31161
6341
30073
4551
17870
28245
18586
6444
14465
22997
8339
4638
23131
8311
20823
22029
24347
9940
28082
10983
14853
1000
7739
3644
19580
17758
25732
15265
25299
18702
7827
29266
29537
20421
24214
15899
21459
11588
27346
18296
22726
14731
31197
28411
5014
26455
32525
14318
8816
9193
6960
17978
18095
25609
1405
29575
13669
587
203
16293
22071
21137
12545
8234
25711
3793
25806
29533
9804
280
10138
6739
11932
3791
12220
32344
23693
2366
31981
1425
3521
26446
15100
15071
13984
19603
15556
11525
21746
393
9052
18702
28845
16670
1421
13289
7947
32625
11145
26455
15328
3546
13017
5639
19755
16426
11928
6910
17643
30516
6111
30781
5428
13452
8832
10398
19073
7054
18935
18688
8268
930
10909
23715
17372
32703
31519
12501
14687
32558
14895
9167
5944
27537
25721
21210
2970
26659
18137
29622
24662
5697
16587
23867
28913
810
2851
833
18170
8963
22270
27070
20634
32030
22776
21294
25965
28027
5279
11832
3472
8079
31784
1678
16124
9797
14433
32021
1298
21827
11495
2886
18038
16238
3225
5588
7457
32432
4684
4750
29874
10489
12737
17800
25349
5763
21716
22901
28423
23899
30965
22360
14793
9757
16604
16732
15827
15870
20089
21759
6330
2576
31018
14454
4853
16322
13361
5965
23020
1702
14693
29263
8274
26488
19495
9893
6325
11355
10392
28738
32339
5733
29450
27518
8240
3166
15284
23040
8805
9925
27305
12002
27067
15636
10251
9744
25976
22598
5243
27377
11129
11925
26069
4682
6785
3208
15386
27487
30417
20269
17070
27739
13561
21411
29124
15857
26349
32732
1046
10820
32603
18593
29913
29444
24380
22743
6640
21210
25002
15872
11872
11783
23025
15877
24836
13896
14312
14898
15234
1532
18050
17282
30077
30344
14496
17437
2060
13819
30761
25119
5483
24558
27485
32667
30961
7599
9318
31712
4930
4510
12080
6650
9926
4566
29051
12412
22618
30224
20783
1661
10309
31941
5359
481
30573
2963
13040
2778
27851
20194
524
18605
20252
31943
274
7098
9945
16169
10337
30903
15466
2338
31157
2364
18071
23463
16960
13700
23871
15724
17149
31602
1100
27138
13121
14034
25318
31810
20883
16098
31463
6127
30397
32016
29839
22167
24355
24838
21114
31674
7764
21988
8654
13359
28895
7372
31417
25794
24680
12452
25883
19490
28154
5911
30079
31739
13983
17117
13904
27999
17966
27453
12618
13418
3173
31952
11566
5926
10295
1927
29626
2988
32103
19951
13272
24972
18518
22964
21526
6767
9242
14693
18774
13819
14031
19318
17862
29943
30770
14987
21523
22448
18028
3828
13018
23451
15659
31091
1120
15419
759
15174
9858
15173
196
20321
18159
13315
14275
14588
1940
32246
10622
6989
18264
25279
1572
32407
25354
11072
5409
26211
663
2046
3058
7437
18049
22729
18232
22659
27020
6048
6667
7242
10939
27343
10128
31938
4986
8794
31438
10154
28189
9374
20669
21990
137
3638
18592
2688
24369
2332
28309
17134
27717
7952
21611
31891
22309
2878
11443
13192
12316
20251
7194
16027
25675
3728
13558
11416
13795
30554
20766
1736
1176
14257
15871
7352
31314
18471
28396
15675
28709
3284
10678
178
8067
4528
24957
2187
29616
26176
13253
22536
3959
23669
15308
10818
23324
11985
12316
26989
11921
20939
32348
11101
27628
29813
22891
22345
7705
29788
28080
22736
28620
18607
12203
1081
3770
10404
30928
4095
20233
28952
26262
18317
8965
3446
12235
23366
15124
26585
25642
29128
25068
9333
18991
24178
26883
11315
20266
8484
14663
19099
15763
4933
23568
25335
11677
26123
4179
181
25613
22006
16408
18190
4941
14238
27182
997
12988
16815
21533
27122
24649
14386
6236
13855
64
23822
25796
17458
3939
18894
32069
22189
23357
5796
22232
5618
5299
29358
24244
2731
28892
4473
16837
5993
19475
4548
18522
13707
842
16774
6686
31074
30625
25394
32329
8595
28727
22585
27671
13756
20031
21712
32634
30810
18263
245
9739
12266
6678
10924
6215
2894
28900
28047
29432
9587
26383
29573
1265
27697
25627
13010
9470
28274
16729
19792
9243
21911
28091
29947
12260
3607
998
31155
14669
25449
1673
25662
13203
4901
14061
17037
16243
7014
14798
2368
5785
18546
32362
11884
19291
17821
7127
24987
12455
13674
6297
1300
32314
5364
20596
19549
1299
28300
27775
9215
2088
8100
8570
18057
3415
13804
10337
8919
15007
10170
9537
30612
5008
27567
28747
18430
11008
13208
29991
3561
7424
20114
7307
19719
25871
30322
29707
27494
25741
3171
2099
29498
11634
2257
9427
8669
25919
8838
28570
26644
21557
28947
4326
16276
29893
3698
24283
31173
5961
31721
16051
27589
28145
20017
12372
7088
5376
25816
14376
21279
27448
12516
6953
15086
20114
20153
8507
25667
4403
30525
20927
25291
15004
3129
24165
23623
26913
17411
12353
12616
26524
14426
19234
9014
19298
23697
31519
7063
11894
7920
114
30862
23037
14679
11658
674
29938
29988
11099
28609
2843
26199
22521
6021
60
25076
29541
15542
17290
13225
3750
4111
22370
22193
28956
20549
315
13816
26642
11077
13786
14208
13458
17597
5573
5891
2941
1503
3577
21466
23515
6754
28895
13853
20335
16073
7037
12044
14734
17383
31465
6317
26674
27555
1540
6327
2891
761
32612
10927
9813
23873
5010
5457
16431
5300
10102
20273
17707
13356
27407
5794
20322
11819
1128
16599
18762
17695
26311
1096
7818
18660
10791
16983
28428
19851
30440
5172
30804
16218
22982
7934
10513
30739
5128
29483
4850
14714
15353
31529
11963
12561
16796
15685
9880
26918
11164
29901
6833
19215
8322
18033
5118
5813
4138
5103
6493
29519
4472
13040
6882
32112
18503
2860
10094
30276
26530
24533
8323
30742
9271
18483
24662
21526
11016
7052
1574
32090
28772
21574
23757
9506
27414
11855
3989
27744
4060
1213
8524
20088
8475
12978
22939
10564
9936
31619
7315
1627
8906
15897
24713
2451
21783
30615
13860
10436
9404
22844
5812
4303
169
30092
27845
23519
19691
18602
2805
31983
12324
8201
1282
1165
21816
9539
7975
8925
30026
4169
18345
2784
15847
17597
20141
6902
26496
24220
20556
28322
4126
29216
1257
15758
11857
741
27586
11215
12393
30282
966
28521
7145
1306
1703
28438
16697
28780
23087
15939
22427
32199
11223
6748
5472
32394
27286
19785
6236
26251
4855
6457
12951
13823
366
4510
28485
15002
16108
1400
25593
27639
31665
24279
8725
26425
11362
7067
23685
19955
32091
17279
5549
3141
4166
32598
27039
19016
14316
13716
18578
3244
9804
20495
13712
18592
16618
3847
23918
28402
3946
3428
6657
12920
30813
23104
13711
3502
16475
19365
644
19360
32594
28312
7014
6155
29
14422
24331
23231
15961
23773
32010
25159
30324
28334
9839
8652
31750
11218
14003
1591
19045
7195
26859
9878
884
25772
27967
21441
20667
29883
29342
19261
23229
28566
30896
4448
19077
30692
32268
14006
2435
16430
24236
3236
13206
1182
30365
3403
28522
20998
23803
31407
8452
15907
19229
31001
10907
29988
1037
10426
12202
16486
20539
656
3651
27266
24946
31886
678
9353
13066
14583
10514
20622
14944
17675
20955
21861
31619
10981
23485
24491
22064
23204
2160
13318
7937
11977
32636
30382
22753
4064
29519
3117
8899
31587
7309
30563
11668
29147
32679
22732
20077
4168
12463
29446
270
22723
2411
22669
28296
28258
1448
9930
19513
18524
14800
29260
9981
8301
6079
18517
28323
8316
30163
27032
21918
4988
3138
8769
22781
7568
23729
25398
1182
16242
14338
156
18334
10517
22125
14750
27923
8073
13778
28009
3326
31264
12877
8571
2427
31439
3340
15646
27707
1494
21853
7727
14388
31907
26635
27428
919
16372
30955
17998
28163
7485
23218
18010
18168
11081
30985
22558
30862
23075
14564
28051
2663
14903
13071
7709
20706
16053
32009
7187
7313
32566
29718
9083
32238
15522
16016
17941
29001
11601
30590
14492
1797
21616
14440
1352
23556
26791
30057
18327
30304
3576
24453
21837
23132
26347
16701
30905
27546
16616
2401
8251
28302
24548
30758
9987
15922
11584
8824
6939
2555
19949
16273
9384
12300
25557
29899
29293
1963
32374
5042
20368
12273
32464
32350
18081
14021
29314
9728
30168
11275
10800
22458
30878
29976
3879
19380
2639
29801
31812
10860
17983
22933
7698
31821
10491
11649
7730
14212
14033
28371
7680
24591
27538
21161
17523
28182
22422
32138
25413
28287
3585
18589
30548
4541
18501
26392
2121
7400
25320
32764
11127
28947
6024
4096
11782
7386
6172
10186
10832
11322
28540
23141
3211
10918
19236
28656
19113
2902
4660
12435
21372
27619
28092
23480
31006
25873
9783
8055
23184
24043
31317
9297
4257
5398
21246
290
8721
21599
30867
11089
759
662
11639
14154
9056
1951
20942
32046
20793
14022
29828
30152
29039
13139
30097
25540
21588
862
7548
7451
10565
17637
19998
2258
21898
14620
12457
9444
12925
6660
1257
10365
30446
28223
30153
5736
20423
20259
5912
21451
27628
21773
28813
5906
32613
7672
14857
17193
447
8782
11549
750
11183
19453
4044
14566
30713
974
23698
5934
11152
10483
11173
29621
10495
9950
16762
11433
4871
7514
26251
12591
650
20180
27736
599
21416
18681
939
16463
20007
31623
18465
6103
11544
12636
9446
9204
18871
8148
30400
6121
28052
81
3919
17763
4080
26651
32147
21236
618
21099
16302
14018
20699
4290
16875
18817
22654
5503
20224
1438
23124
19633
21904
18109
3270
30506
9972
7526
28813
15317
4923
2811
27855
25417
1647
14830
30346
29085
2842
1584
18230
4734
22025
27117
26278
2944
16208
8822
3120
10418
19599
8575
6925
22389
12403
7818
15874
25486
25471
23715
26176
2681
14860
30798
12682
22784
7054
20926
31637
1805
16154
26439
7860
17853
4389
13334
10165
13237
9871
26400
261
27577
24800
1624
22811
24955
10193
21029
18452
176
23566
32019
30875
17001
26426
3017
22540
11425
3379
28987
4569
28690
25240
15136
23084
6222
3209
25255
19406
522
11694
5477
23879
3005
9339
2706
12615
13418
32434
14454
17988
7353
17961
32286
18789
7757
2765
5459
4255
27986
19943
24781
30
30805
12958
27299
24294
31321
6077
9990
24250
29479
32439
20271
23356
31205
25577
26774
5207
7658
27678
19557
26586
18897
2904
17196
20069
23756
2254
2262
8073
28219
1073
19676
24875
28542
24627
696
9769
8199
13898
5789
16449
1971
14257
23141
18734
27482
8113
16075
18195
28581
6942
11482
28701
24095
18724
5029
20836
16527
14660
32313
23827
18054
2713
17872
9161
10548
4192
13383
15679
383
8119
10962
9258
17495
27301
8431
2403
22851
3163
3992
25157
32576
10937
7357
13910
29644
20756
6897
28714
4158
26679
12644
13701
20824
28583
16401
2752
32031
23596
21560
17774
23274
16268
16655
4671
12730
7578
12469
4644
201
4719
16743
21171
9830
11768
758
9678
26879
10417
26744
7295
5760
21935
574
10535
11740
30180
5127
11480
18152
20639
23411
29695
11376
13650
6843
26182
23685
19096
15262
28088
25364
20086
7839
22822
17085
11233
27245
15818
24545
2433
28579
7211
8701
13749
29873
19520
16183
5079
32282
29912
26167
28353
26337
4666
14904
21648
23869
20488
21855
24488
6036
14953
17739
4344
21927
2662
13805
8063
523
4501
16026
24846
2008
2293
1374
12368
12453
18202
11412
29705
7859
8586
16051
11163
14184
32102
3179
9422
4607
21325
12529
16080
15999
10877
12439
24187
30953
20283
26015
30679
7350
18550
12113
20704
27776
20647
5963
24969
512
22011
24857
29952
31288
17844
14341
28724
12785
9932
28464
24981
9832
18396
2018
15898
20037
1085
29215
28553
32460
25709
15227
6131
12631
7604
8239
11901
15620
13575
12907
22887
22699
18732
3054
10566
30995
18463
15829
6548
24421
5045
29360
31339
27616
22911
30427
10126
2255
8689
6924
12457
16824
23235
9512
22234
23255
24728
17243
879
31946
19422
13671
7154
18574
1269
8252
22371
26538
25491
16330
30916
27818
23911
27411
4827
6095
2044
7812
14643
21509
29153
133
16996
21
5895
5199
32660
22556
29802
3837
3390
4924
32499
742
8498
2449
413
21803
31197
30311
9944
12684
21195
10922
12587
28800
618
17309
10012
9092
9489
14799
30292
15283
31040
23628
20991
32407
20778
3088
20594
15679
15728
19393
3088
401
21808
30621
19310
9698
16190
14769
29877
2756
24753
3659
20552
24351
21666
27827
24231
11908
4400
26646
17812
10685
24007
23747
6260
23977
32419
32154
32759
19527
14735
21952
1275
7184
6131
4760
686
20874
2573
10735
1011
18202
20351
12407
4104
22297
18698
29815
10853
27691
6041
12480
2535
27596
11393
27619
19245
12076
12039
22433
8771
32317
23331
17571
20349
16650
15747
32364
23462
23370
28883
9099
24410
26165
16444
19989
22961
15510
21290
8274
23070
3362
18003
2487
406
26376
22005
22548
7924
29897
32094
26895
27292
22858
12210
4049
9566
25384
3561
767
7838
2635
15895
26348
26034
27582
18416
18445
10892
14269
6795
6573
4505
17936
8038
3297
32488
17560
32427
21439
7311
13352
30897
9419
8267
10134
30918
4786
5222
30993
17708
3131
10206
27060
28769
6266
18883
24412
28579
9031
5089
13495
31412
28142
18591
20382
6363
30760
26663
29093
32555
30026
8391
30448
9223
8637
7831
30536
11238
3246
32349
32109
4948
10758
26541
18606
14906
16541
4693
19640
13406
2218
15096
25516
813
3711
19192
26228
7353
11635
14233
8022
25598
14111
23652
19145
30313
6861
21706
6792
29339
8493
6410
28390
7274
4170
25173
14945
552
19389
6703
17273
1832
17696
22808
14531
30591
20678
14444
19257
2312
12969
31624
17108
28075
30628
21550
16733
23262
28387
17963
10112
10859
22423
28214
20514
30836
5870
12316
5620
25269
2626
4122
22344
19722
18833
15242
27684
20273
28205
1219
17045
12240
12724
22074
5446
4282
31043
24813
28753
12398
8423
2561
30805
25825
6996
23465
10185
13181
14810
32075
30352
10857
12436
30430
8141
24331
10979
17303
31224
13771
1050
30660
5426
22298
30843
32248
5077
30131
25187
12136
29008
18977
22465
19349
11058
26498
15308
4907
132
19850
6390
2601
15196
23499
22299
9539
14511
2611
8703
26245
8807
2774
5111
11576
4021
14573
30950
15625
32681
31007
15723
16488
25088
28416
24153
18991
8765
11224
27752
6788
26875
15013
30762
11008
1921
11619
31296
17937
16791
3978
3021
11676
27032
25049
811
5351
713
850
18653
29111
24041
11142
30917
26805
25609
23058
9111
22806
926
24426
17550
19323
29653
25301
16222
18454
16934
2489
31337
22543
24108
9241
26933
13862
6068
604
6942
29337
17172
22608
8776
3656
30654
20846
26328
20759
7444
14944
14948
24468
14718
25536
16295
21466
14266
8739
31354
23989
5748
3926
7168
11782
13847
28903
24352
12649
14562
26599
2360
24086
10558
19951
25359
6405
23119
25441
15884
30294
14025
13040
22950
22767
29189
20067
15644
13671
20308
18581
22886
31779
29587
4289
1899
28350
29951
4860
13940
25774
7499
16899
24289
17189
4592
28215
3355
11318
22213
3558
6345
10553
24271
23244
23623
21616
8026
26842
83
17899
22856
6710
12298
18344
3242
5250
18708
5375
19085
7009
23579
10557
22806
29751
4481
24976
24018
14129
18002
30243
583
12678
30071
3721
18127
15612
16685
30047
30630
12461
12470
12077
30785
20235
30286
30862
22753
21794
20833
28561
27241
3869
24827
27742
17516
5644
31360
19741
29067
6884
22685
14611
13822
25287
13950
7950
9328
22662
11074
29444
29968
22373
22956
28407
21221
4894
18459
23323
4961
16680
29884
8507
3130
26424
31230
12121
31605
29449
22342
28053
13764
32601
12773
19280
3857
27188
8775
10128
12635
8308
24940
6310
21953
17033
27292
22287
5084
1654
25943
20377
15186
31516
27532
8390
27560
4283
11
1909
24152
2742
18747
32447
5924
16022
25616
5920
28329
17490
25400
18647
11063
31694
20117
17807
7136
2977
14064
3390
27087
15643
12780
19022
5084
22919
21048
14587
18525
27821
28681
7676
4414
4251
21960
4197
1620
9893
9479
6860
31214
8619
1978
30634
21421
17818
420
27909
3478
53
30223
2892
1894
16150
13760
21379
9253
26351
10538
2207
26110
20502
27362
12340
31822
27713
26195
1613
30715
31118
20147
26779
6663
26310
566
31955
28773
19682
11649
5713
13579
8654
17249
7937
9032
2158
7357
1919
14168
25055
21705
637
3126
1023
13693
3942
19377
14639
18502
6208
25794
27991
24315
9943
31773
11307
10514
29976
19206
21677
10516
23739
24678
9715
7758
27173
30750
2347
14026
5772
23707
15580
7549
27996
1706
17775
14530
8409
28558
18157
11527
20998
18769
11274
30662
4038
4439
15971
14008
20802
12601
5124
28485
28554
8656
30253
27198
25215
17551
9558
30670
17648
26390
7792
12206
25603
9477
17774
409
24023
7182
6404
10752
4967
9807
21422
24318
29106
3806
7669
18830
22041
29861
13806
7932
4616
20336
12291
28313
20952
19268
13557
30643
27380
28147
24866
7108
21819
15085
10500
16618
21414
18777
26363
14487
4139
100
30284
32394
12001
28121
32617
25598
7268
27379
22899
31521
7035
879
9469
22215
22008
21220
1043
29280
29920
19543
4986
22055
972
8202
2362
19357
9103
13206
7258
13878
20505
24633
6635
25682
15772
27505
19272
27758
4333
28106
4507
27292
30508
7156
23203
12848
24743
9752
21173
18365
25340
8556
30721
14144
1662
12294
29463
6810
730
23278
22698
25668
12027
21110
14483
16958
10282
2254
7704
11592
29818
23251
25967
30805
9315
15144
2686
29757
14253
5000
21733
31666
18831
20570
1342
31605
18457
19078
26531
19145
15055
904
28529
26665
23703
26563
16460
28214
3285
2839
18532
21747
23508
5045
20470
21300
13928
18226
8725
29780
29905
28123
12970
13863
20707
73
26042
17199
1892
21301
23527
7443
10422
13709
26682
19276
23733
13510
4895
25122
7651
31605
20145
30167
12227
32281
16440
20002
21634
27195
17136
28127
1500
3002
2061
17156
13630
7264
30715
4823
22312
12728
14570
30302
15830
15652
32394
31511
1823
21034
1811
15338
8605
9999
27017
1628
11534
935
6462
24581
14842
4715
17048
68
11415
18380
25876
4657
18153
21447
20107
21203
7725
20922
23477
24468
32632
10870
8683
18673
1948
23701
26161
15734
29259
7950
1395
24810
25727
4614
12815
9159
13848
29161
10900
12013
32455
186
19913
14230
27180
6567
12274
20365
5947
8929
5454
1435
1764
20906
30180
27202
24051
29872
28288
19630
32309
14489
17144
17385
15068
6879
21939
22606
11300
32478
14444
24896
26167
6443
14900
27420
5966
9512
5814
14699
20762
6357
10943
14685
354
19177
20990
30835
24045
16162
21000
29563
18338
3289
30366
20929
26862
5081
17203
24708
4966
29553
23977
25255
8366
30664
5724
2217
23193
29041
12641
9431
11921
11071
21776
28608
12346
29275
16831
28906
12114
25747
14033
24515
25820
30965
10480
4314
31613
30365
11670
17231
30502
19915
16338
25225
16371
1849
16969
4134
21587
15787
25211
2616
26218
21959
16711
16814
26803
26663
1201
13584
19946
4525
14052
25456
41
7702
5747
27549
21329
16594
15332
11161
30379
20499
14447
29773
10703
13861
4611
9596
14533
3325
16522
17910
875
6164
4206
27662
5142
4214
3676
2637
2428
30485
24648
29800
22482
24932
12209
12400
9521
29729
2342
26697
17726
114
21769
3933
6154
30516
19859
4241
20535
9872
5656
6265
25693
30159
22412
20423
12203
4975
1607
6666
1490
18806
13573
11413
15902
27654
6449
4540
31206
5682
9315
27719
10791
10512
22311
3872
6252
16655
12544
15695
30449
5515
25004
9768
15367
30367
8106
29123
19642
23867
18426
29101
15026
16758
11044
18909
6487
11045
11131
9706
11833
12460
4259
20091
174
22548
13393
13054
3261
3678
27730
15261
7482
10519
21967
30573
4403
9773
26063
31465
4235
7681
25341
672
29669
7101
11436
11818
25539
20456
29464
26464
29423
20792
17646
18893
14363
24487
5647
7775
10948
24008
9105
16226
18268
29788
22791
30895
16039
5153
6915
14369
13414
18922
6873
8777
20787
6388
6053
24419
11180
20344
12431
13448
19667
2429
11341
15653
21429
22000
23018
22699
31818
12790
28358
8328
3485
20097
1503
31319
29484
21538
9294
6739
1426
6430
26389
2578
18019
32195
15895
1904
4952
25340
22632
20425
5292
28452
9671
11115
27333
5400
4457
19786
24343
4496
23033
23286
7238
21167
10972
12491
12682
32216
23225
13927
25944
1988
29497
22370
6975
4817
26123
29753
20752
1949
4908
24458
30529
7124
1125
15239
10387
15174
533
19365
1267
1853
25904
3732
13214
24589
19080
13428
20617
11500
2891
17734
18688
22020
7885
2976
27533
9415
18824
6053
12059
32387
15714
28213
30043
11574
3886
14433
19559
10915
9588
1826
29606
8613
1141
32586
10223
6596
7018
442
31473
262
30477
9174
14802
2055
32090
3126
10006
1100
5783
1950
3011
19669
26514
27185
25538
17649
298
4321
10633
2391
10512
5930
1271
29553
8143
5376
24959
26363
2058
30982
12169
7629
21253
21248
21781
26101
22120
8843
4514
1545
28479
32268
22862
15292
22084
9702
27454
2222
2401
22512
10048
16777
28273
30502
26287
4937
4935
23454
23704
29403
12017
24254
16666
10986
18493
30637
19475
31734
9597
31751
17145
678
27016
22741
7685
22623
513
22460
2199
8725
19164
17524
16598
353
2845
1660
6806
7124
12003
780
10624
11404
25254
23372
22124
21508
29629
23235
25618
6704
6691
10770
9954
22218
3962
6626
29744
29671
5968
6683
3220
16077
23714
12630
1425
15112
18590
2198
30324
11195
13997
24370
27775
18229
10673
31510
27207
18628
26251
26924
30299
21710
6113
8724
32038
25373
24350
26395
2583
9083
30394
27499
7167
4223
18875
7551
6330
9382
9340
9434
9233
26021
25261
26617
24031
14846
16027
11910
19315
15570
9649
13262
28726
1014
13887
15733
22925
3145
19067
2664
8705
16452
13510
11796
12190
19666
4400
11222
12696
14434
20541
26290
8501
28731
24298
14663
18918
16400
4075
18946
7351
26581
10807
28563
21226
17361
16582
14749
9183
15091
14233
29106
4664
26473
6652
10366
5178
11631
9736
9026
7029
13413
12651
15749
16295
30245
19308
4870
4318
22675
16425
1524
21725
1398
24867
30049
13249
29830
14077
14325
6116
23493
129
11999
17666
31251
8932
1297
27290
28669
28491
28333
13719
6871
24973
31930
9520
9738
15419
22812
9997
18094
9694
32451
16043
21852
11135
16930
15361
14909
19565
15843
17764
24423
29498
30681
14504
7530
7
21046
10120
22053
18433
7422
29511
12767
11820
23483
19352
12947
14688
4979
5308
4490
19345
13527
30954
6959
24147
30397
10483
32032
26780
13520
4134
14977
20940
9862
32625
14997
5612
595
5066
9615
32563
24861
23501
933
6351
30191
167
21095
16098
28145
30258
1103
28618
3224
30305
7833
17061
22554
19423
26964
10004
27173
12275
26042
21056
14544
16295
32445
32027
27602
19497
10210
22505
4593
2673
24146
22270
19134
26148
16431
15561
14464
31673
11812
1297
20078
32218
11072
5503
20257
2573
28420
22365
3912
12435
23994
7837
20638
13200
23305
541
18713
16749
10951
2345
10852
11899
21518
21058
15760
29145
14994
5917
26375
27031
25137
12783
9921
10779
4300
2024
26810
23748
16982
31997
14755
29134
9002
21739
13271
10614
1186
9593
14482
14430
32741
15869
18781
2866
15104
10273
5581
28044
1081
9703
4461
6165
14239
20715
9721
27118
8934
16105
21965
20814
23410
20350
25244
10092
15026
1843
19557
927
29871
7095
15523
18883
31973
5484
12741
30688
11601
10789
32477
30470
25547
13615
29596
29563
2454
28814
16510
25
14646
21384
27458
2289
30337
14952
26525
22836
11513
15228
10287
14420
26713
19808
15286
25190
31598
8830
19074
24523
2344
24022
2089
15
9201
1275
28027
31761
30525
21342
20152
868
12131
21199
8705
14582
5035
23873
2573
25327
1704
27598
31005
20956
24776
22267
50
17165
22825
27708
7805
16955
28846
31931
9495
20079
4947
18773
754
17950
25533
28645
3344
24217
25878
15814
5874
10917
30487
2963
28500
29797
22630
1585
5399
28289
8995
2320
14463
129
30653
28077
23710
12922
18955
29788
11536
31725
1176
10820
23529
31212
30270
28843
7148
20606
15862
2420
2814
15173
10478
19685
8410
4446
14044
27822
30213
16521
14483
26663
30469
906
15571
5594
22478
22479
16230
26177
23421
30290
20072
17361
17480
21441
6631
13367
32693
27613
8620
7905
25355
23584
30039
23744
3078
4514
15026
30028
14799
3645
28223
11465
12843
2287
4627
18377
1779
28033
16103
10227
20420
32614
19309
9730
11255
9190
32224
19729
8404
6012
31711
23317
10242
4732
27771
10923
578
8440
143
27156
8798
12773
21840
17277
17499
8570
25892
23172
1270
17113
31416
17145
3407
11505
23116
21729
9951
20131
5458
449
19375
3619
15416
3865
1740
30626
25218
23086
14582
16170
10523
2316
5528
6601
17133
19660
27645
12785
10159
6419
4288
15135
26878
29915
31620
26811
23984
18550
27878
19519
5989
19663
12464
24220
22110
32756
20559
14554
28563
17105
18824
16382
22783
1086
7526
18480
20543
7485
19319
29469
20315
17020
3384
19867
17380
12066
26061
28811
15423
27848
23029
10500
32576
23748
25662
27566
16891
26286
31093
5995
28630
28701
12641
19261
14563
434
26545
21348
23149
15704
26930
29126
21969
2505
325
1428
2447
5973
31633
22059
24737
8671
28149
1336
3084
5160
24256
27680
31412
28752
6949
26783
884
8601
20969
23727
30062
7023
18015
26027
672
27045
12182
3764
14521
5634
6097
596
31786
1788
20535
32609
14719
15299
19660
5412
16624
2433
31904
27323
51
15840
29255
5564
3733
19150
28808
17435
16201
24445
12121
15694
11776
4781
27916
32430
31162
557
8131
30497
8667
2975
23337
9718
14721
637
15972
8464
25877
1881
32325
17991
22048
25705
24514
7179
14688
4930
13991
9546
19228
20452
15496
11412
1460
23799
21498
19070
7804
23892
3075
11076
17610
26311
30670
22450
22350
12819
11939
1348
930
3127
2071
12684
1058
27888
26752
3284
28670
22143
12716
30725
20878
25260
11219
6599
30437
8459
31433
20202
12456
10878
29560
31237
29473
3579
25998
30300
3471
31376
11635
12807
27584
19108
8830
13137
5602
21631
13672
3423
25239
9229
21249
2066
3911
478
24353
32557
12986
27506
23522
15547
15846
24756
4364
21163
32517
10948
18385
14270
23275
32761
28347
11171
12439
10535
14818
9824
6920
3101
4962
22259
1362
16242
28684
30009
17648
2946
23644
27408
11868
31923
21931
6328
22493
27389
17318
14464
32416
6825
9727
9630
16907
23128
19043
2654
10574
16968
7851
14719
10043
30931
29526
14041
4183
8248
16951
13124
14129
20894
19819
32694
8946
18774
10894
15275
5174
10337
3630
17098
19482
28466
27520
7621
18838
5556
15442
31361
28942
25743
1345
28535
21027
29608
27180
3674
32719
29158
26345
2553
11953
6716
54
29544
3493
31204
242
21082
3224
27624
6029
7378
1435
28135
26557
20987
31797
12822
25714
15443
26366
4741
1549
7951
14185
18852
12492
21180
5090
5125
24457
5410
30745
8035
26277
4205
12189
27364
25407
23951
24236
31899
10921
1504
3402
4177
19996
18439
26768
9093
1706
9246
11847
689
7541
29457
30389
15311
9247
3399
20663
6684
4481
17541
25616
3868
5792
13583
3585
11486
16348
12816
11290
5505
13931
20795
2383
1015
13830
22963
8526
21001
2786
6696
11792
8091
11234
27203
13230
32562
17675
23365
32375
19379
17976
23531
18239
2926
18959
21396
29177
1114
26931
30885
6793
26018
19899
26157
25555
10849
6884
13509
15640
6570
32002
6843
4482
1996
30141
22383
5629
15572
14457
28156
10569
9299
11030
29467
31309
10849
24282
29253
26799
27105
5547
11800
21409
4103
10114
16380
19198
6424
23580
23302
22165
19057
3315
13853
18373
3531
9068
24923
18762
4541
18258
2741
8534
21378
20867
30175
23011
30205
22249
11114
17224
2554
24492
9008
1291
11191
7846
28145
12535
6563
15640
8766
3182
10341
3739
4246
1024
14368
16729
720
32060
3830
24188
2744
31429
15563
12007
9213
18089
27723
22564
11595
5871
17710
17822
31924
24687
17338
12817
4948
19431
10634
25918
13365
330
27535
31203
25200
15707
16724
16362
2709
25979
14726
3809
23373
3519
30643
7338
4414
9542
32594
11380
14895
15562
12292
10730
13165
7028
22297
1193
26477
5621
31318
24568
3762
23506
16373
27315
30705
12031
6126
29577
7028
14768
2677
3432
32188
30316
20420
22580
9578
24163
5402
16831
10336
20993
4868
21238
5155
28611
22747
23896
13699
19786
29070
7341
895
18094
17825
8436
12643
22548
24182
5277
11315
13699
28364
13048
1868
5363
17541
750
7241
24231
1964
10735
25124
14269
27318
27435
16285
6916
12296
9989
23776
29709
10426
28356
14434
28805
4251
140
780
31681
27509
16270
1947
6299
18322
31867
8519
3453
2430
8766
1442
5819
9487
6890
26052
4902
26531
241
10917
24286
14249
28824
20682
20583
28003
3495
10020
3071
10473
4453
30005
8495
18802
29891
19572
9889
27087
2776
2291
18481
1592
8077
17727
31558
12107
28314
17799
19811
28242
1713
7681
249
16069
27896
6282
27776
16656
5309
7565
20421
2709
32614
9253
4998
14069
6310
28038
10044
7819
8951
3993
28984
22074
18500
4838
1265
23657
8933
10167
5021
5963
21201
13946
19198
2148
29455
20328
5759
22857
878
15716
30335
9639
6774
16422
25069
9862
29598
12696
26133
8911
11712
6784
30905
18700
19913
31328
12388
22128
22965
18074
22267
12055
8123
25816
2709
19342
32196
9387
24716
8086
15650
31859
16085
24101
22143
3454
24460
16046
12819
13172
13011
10146
14363
8946
4829
25143
17798
23413
32326
15208
22769
28794
19622
13885
3029
28131
4453
13132
11263
23453
8401
12672
2369
9344
27501
3097
19304
25718
9100
23028
25709
25056
24863
21005
29424
13877
14284
22850
10465
27116
29504
7514
2689
1949
28101
24901
6537
27235
13591
24229
16552
19332
29043
24718
4915
21332
17138
31626
13593
12630
2325
1761
32533
32677
18593
15127
13095
30098
9133
6581
21828
11663
6137
589
31821
588
30593
6328
12094
18207
20306
24738
8872
24489
12445
12873
27233
31415
4106
27777
29561
29798
12110
2044
23153
9099
17664
28616
29096
5713
22184
17177
3094
548
31002
25673
24636
27342
27394
31005
5979
17632
15807
16458
23781
5972
117
24631
561
24688
8541
4869
2674
16878
31072
21453
13034
14425
13797
28968
19291
25018
5351
10485
29375
6004
10058
12630
3128
24429
3439
21244
74
30830
25094
30885
7752
1485
18211
22498
12812
7753
18836
5918
8683
16949
3699
5340
10473
31961
32503
13376
296
13589
26255
21201
4775
28999
14130
19325
31273
4719
26608
10974
31858
19089
8654
30907
14777
21083
11984
15058
13659
8712
24407
5332
1485
12676
22957
10674
16596
977
2015
8727
30712
425
6091
31797
22838
26469
16761
2245
18421
18973
18351
14665
571
30737
26303
9109
9761
14407
9636
24205
11140
11638
15693
7216
9726
24611
2617
9430
25364
13322
15428
6069
14513
19647
14529
5290
6100
9621
25288
13111
14213
24767
15825
27336
27661
4533
7810
20538
32358
1754
24006
19613
6129
22107
16927
12601
5735
12890
4925
19664
23570
18508
3023
26147
28733
12191
7577
16311
1001
11168
15303
2265
11969
17565
8065
24544
30800
31814
15039
18866
370
8537
19807
17034
25096
1663
20597
19448
3824
8305
11234
7209
23605
20318
27176
21096
28546
22417
24188
21733
14045
19791
28957
15285
14225
30718
1509
27931
18796
28813
12573
20230
4651
32527
11926
12762
21811
31657
20213
22643
27522
13999
20303
16744
30692
11274
20214
5516
11114
1501
22418
24507
11800
12904
11123
29139
32734
4396
20005
6912
26058
31567
31557
4925
14203
11075
32660
16407
8409
18339
10314
14004
11267
5469
15533
7957
10121
5398
13793
23704
15580
4042
10498
8129
19202
22195
6000
17721
22926
14957
6506
9751
14288
32087
5855
15711
7241
17724
640
18120
22625
20531
19226
15043
29789
28867
30499
19384
18315
5451
7827
18579
24767
24225
14069
2175
21251
2554
26045
17393
14987
12810
19676
32489
3559
11116
1426
26741
3964
67
15747
21366
29493
20258
10766
11430
3190
4393
17882
4570
6226
2929
3249
28293
30717
28587
10642
16766
28548
28675
19201
28675
15547
19019
4514
18941
6775
3669
19718
9093
1022
9120
31429
10152
19644
21047
15309
18535
24632
21207
13305
28674
15942
10832
2022
22391
1917
21549
27906
9797
11755
151
32741
16245
7688
26999
21733
24539
29673
731
30436
29082
4278
2715
18541
14566
9310
15164
31488
15886
32649
9748
4265
6329
16847
30895
7127
111
14375
12658
12652
18012
32674
1918
16657
7249
16473
2520
18380
19724
5283
14790
4308
18873
28812
9340
30884
12473
7555
16375
26190
12705
7763
3882
28434
29318
3925
20824
22575
23160
22243
16577
27385
25932
14863
9344
20268
25759
10645
14772
24448
21015
23311
14302
11389
5868
616
29834
8593
27815
16275
27186
96
15146
5245
9823
9819
6129
30528
25361
20628
19095
21657
20321
20944
31388
5788
19301
28382
27237
934
6996
21800
25476
2452
21994
24456
14394
18738
4622
7517
32314
30198
6067
20445
26288
24047
6140
20909
22402
11768
12451
7343
10710
17969
16027
25115
12756
12976
17396
26833
29613
7283
25856
9709
10716
18073
16564
17308
172
27602
10320
2607
11002
4117
31299
24430
13372
6801
9288
20527
13250
19429
4310
22567
17724
25747
951
23551
27261
4018
10742
2474
14974
26084
24831
4855
422
7304
30978
30306
14152
13617
30360
18992
27758
16726
6057
15803
6101
3659
8077
17674
25400
19823
11889
8868
24017
3240
10237
17318
14366
4876
27956
8724
27873
30177
28059
8557
31594
31176
21405
6530
5912
5173
20526
903
28702
8482
18863
32107
31107
8453
29201
5989
20589
4863
2110
8144
10398
16214
18612
24888
25151
1573
20851
1717
11484
1618
32026
6775
23473
12481
31053
21155
20260
7111
7257
8286
6034
10978
15899
13606
13646
24231
6174
29289
6631
24827
28931
30544
20138
8582
5926
16604
25704
5733
28286
4149
4218
29983
5573
2879
6913
30683
26329
19309
626
720
22115
20186
30803
15868
30390
32662
6975
30489
8698
17725
4656
24525
3977
21711
27902
31777
22681
12987
28194
21812
12316
6973
8640
17457
20964
17642
26085
27006
27915
12682
18445
9270
3474
293
23528
7642
18760
31585
28509
15939
13293
17163
16336
7131
24216
26611
5280
15373
26198
19197
25332
14330
22036
2165
24248
6510
24511
23715
7394
1042
12457
13983
11002
32483
25903
28007
16345
29154
24473
19247
27057
11277
1601
25336
23885
1423
11512
25700
19098
29236
11685
25033
23143
6175
29743
15492
14697
16063
413
11152
21634
10751
10876
4183
10818
13757
5249
3527
21935
17790
14192
5545
13889
23648
25916
24622
22833
29008
7536
459
2036
21372
12237
4935
8194
13067
29237
8211
6107
8716
3528
20185
21836
8621
10060
30807
14574
4014
26322
8302
753
2069
8854
1398
29975
3874
12584
14805
22019
6021
9929
31696
14772
14543
536
16289
13133
10791
3054
8137
21527
21822
28294
10151
7112
5509
18401
11338
15878
30621
15208
10116
24871
3342
18132
18751
14907
10301
24139
13076
10828
5272
5067
4634
16612
7956
19916
2812
18384
729
20769
11343
15396
3643
8736
23330
22655
5101
258
28118
5264
31857
1421
26928
15833
3027
7664
5036
3507
12183
29934
21268
24723
26864
830
2130
29323
10035
20530
23939
17684
9866
9624
14924
4618
9965
15070
21105
28664
3918
7033
675
2966
20756
19590
28570
6800
8139
30130
7012
27529
20762
4440
25853
14176
30965
26602
9759
6066
5651
23186
25435
18080
25251
16665
17001
3026
7483
24327
15037
31419
24081
13324
13402
26143
19565
11166
2283
11475
18526
28644
6928
17349
23725
25555
30710
8508
3343
2199
14122
28000
21662
21044
3247
7164
26762
12141
16718
21379
4876
18661
1325
17745
15004
15236
20643
23348
26980
21020
18251
24107
26868
588
20823
31341
17975
12453
24359
17581
20902
12
2843
9373
28603
12383
3493
18609
19881
20572
14242
1829
20042
18110
26346
20545
17241
30376
10533
5596
18145
839
225
19487
18677
30388
226
26507
9634
20503
12729
31805
22306
15634
30105
25201
6226
605
24165
1094
2919
22445
10765
14529
14556
15067
22811
20499
31406
32322
5001
13599
10188
5737
20438
18487
5065
27362
28761
22310
14037
11889
19156
22132
4587
625
20044
16357
9036
26996
15128
14915
32555
19754
8505
28253
24746
7044
6377
11600
18181
16152
26998
19461
29453
30408
4689
22523
22745
20638
27234
2375
22968
19451
18847
5593
23145
26353
28893
18944
2447
6893
9190
2609
27231
3225
10699
8708
30620
29440
10108
1151
29381
31220
2197
24983
13197
9132
27259
13556
2955
28082
15784
12789
4659
15613
4419
12532
27909
21849
15604
459
26628
24592
23798
18326
29290
17859
21614
16827
21402
24473
18939
9768
11350
17308
21134
28892
6194
12383
15996
19625
840
23524
15569
31032
2094
10686
18664
21069
27173
3187
5688
23628
32659
5668
28273
31229
8372
31856
13768
12172
28300
5013
2446
5844
1568
1240
11528
26844
29669
17448
14459
16546
31609
2302
16006
31512
1937
20103
23476
22637
22067
7941
25682
17037
13605
11891
9342
23787
25253
2151
26241
16766
26202
21821
13151
3849
30347
31346
428
11424
15759
6734
18080
26216
4996
14022
7534
18334
68
31648
30930
21979
6549
29656
4841
4502
4512
11843
3910
24554
2469
5490
834
16793
31980
32473
22675
31570
22527
13616
15905
4911
4118
538
6933
18306
20179
31493
14386
25297
1583
5457
4968
4383
181
17844
4518
6765
16878
11997
753
9857
19228
9047
11443
28134
6186
32433
20053
31796
26852
6620
21519
26514
10852
24276
11263
8568
5324
16258
29049
17594
20795
5090
25247
1218
15353
9057
21553
8732
5877
23945
6054
2105
16498
1503
1915
30828
16893
22284
11723
26169
19362
24892
14624
26831
28511
10180
13193
26067
12505
16903
12268
22879
15694
922
24990
24395
24523
28582
21041
25003
1439
31630
10637
4248
26383
25810
15426
1844
10315
7732
21533
16872
1697
6169
26362
18928
26097
26673
12248
14874
21089
5210
24115
202
19025
1218
20366
834
25746
24908
1871
1568
9938
24118
22735
32552
8283
15352
30642
13380
7422
32367
25204
19401
1097
7994
23365
12796
14593
16229
25367
30677
3276
7236
27381
3843
7213
19362
12182
1839
9909
796
29490
12421
14200
28359
2452
18289
12735
23321
27249
3494
5628
13830
15864
29797
4867
11113
6058
15356
14198
24742
21356
11405
22401
5005
18650
19472
31432
8322
18655
13723
26270
13275
6530
30177
6264
10890
25603
4346
17569
26108
18727
5474
11567
5953
4048
24643
25909
17772
8656
30455
21562
4925
19199
6600
3562
2045
28300
29691
21004
24490
9872
3342
18612
9812
489
24381
20154
8903
21573
14155
26218
21610
19581
16766
8317
2151
17701
26604
4425
18956
865
26101
9780
12914
22521
13585
28526
23388
22192
14028
12768
31073
6098
16398
21855
24910
14349
27040
806
31942
2689
18924
2179
29227
12570
31748
20944
962
3870
6118
4517
27153
18946
32767
26700
11660
19586
10221
8053
17265
32753
14473
20011
29169
12237
13605
30983
16272
19350
1554
676
29134
31456
3174
82
24327
14248
8955
18191
6040
25316
12475
17587
10819
1885
12315
31082
2005
16065
20454
9575
18949
27892
4412
32471
24992
17832
1754
1044
28643
20525
6556
15900
20264
23946
30271
1857
3782
9420
2156
10786
26162
31134
9970
27865
25450
20762
21844
23670
22675
2271
16003
27821
19680
9316
19692
16331
29879
29836
949
10990
29967
23930
32068
19062
30237
11942
13058
15031
18735
16688
29278
18672
9688
20597
8980
12417
16973
16609
17071
14424
19215
18692
14668
17581
32202
12519
27554
12527
27517
7072
11839
1534
9692
3876
32276
24730
23539
11869
8756
7196
10763
22908
6873
5475
8401
10385
424
6674
18357
29784
16182
22521
7825
24918
14794
24784
25227
8485
24933
5675
6716
24077
15615
4522
11538
1236
23828
23920
2546
24790
22367
4311
8482
15960
12262
9570
13671
1817
21302
6132
18538
3370
1520
10815
9824
30720
28036
22654
21738
1992
5693
22375
26938
8954
6782
11867
2424
25137
20299
16865
7524
3642
6666
25170
29244
17514
21387
13014
21984
13621
23623
31886
27956
12541
17893
16915
18886
30504
13827
10016
689
31605
26162
139
21697
5520
25922
8314
3543
20196
32193
13011
18319
17072
26046
15860
13601
17501
7122
7077
2181
16399
5474
32330
13019
2426
8734
22110
1033
3319
10445
11292
28070
5846
8525
16767
27927
9462
28629
4205
24823
30356
1406
31023
19901
20065
27138
13605
21912
6871
4803
25016
26526
30924
11023
14223
27174
17480
12706
16902
25714
11156
3948
10972
27538
30867
2965
28203
22148
1109
16575
2718
32160
2282
30603
478
2356
17780
2654
15693
4971
10368
13925
10999
8563
29847
32214
9926
14302
4879
32633
1013
3657
2343
26472
19142
9788
17236
23827
32376
18770
10965
4742
32627
12954
14733
22767
24007
26428
18
24154
12244
608
20994
30912
16714
30795
3222
8768
11861
5323
11129
2732
16145
14550
8154
25159
5956
7022
7616
16845
3660
4551
21405
21428
17238
8876
16423
8882
16849
26911
6755
12671
18979
2624
2
16348
4762
17008
24049
24788
5285
19893
18220
17986
14916
12128
11731
26003
32701
7406
12927
22989
23953
4141
32214
9936
3758
17568
22621
16861
1766
9251
29838
852
11680
26322
7979
26050
12493
27176
18897
13850
1054
868
9168
6467
24692
20785
13626
2771
22425
20613
12346
14619
20525
14538
27815
25187
32227
25404
16857
6006
10733
16786
12988
1890
24500
10208
8226
14457
20941
28092
30046
21147
2856
10912
782
24248
16523
4495
31800
8080
22079
12283
18841
26557
28170
5095
10041
4340
4445
7497
16451
30856
19405
32434
15636
9519
18887
12592
30610
31241
20352
24436
18879
6878
7212
3120
10894
26024
3440
30659
3317
9553
5913
2328
13635
25021
25358
15819
30900
28939
11651
25998
6978
11800
12656
11468
16319
30789
14658
14988
7713
24699
10192
26007
29725
10092
3472
17629
25591
28955
7691
7957
13720
20894
6542
32164
11745
5922
32547
26304
28735
30001
6847
725
7807
30000
17341
12583
10980
20524
24459
20410
4215
5590
31908
14959
26015
17611
6590
17775
31985
14361
27972
14028
2121
3583
16646
870
29210
27637
13872
21260
24834
17388
1400
4068
6562
32471
3996
1293
12972
12394
21004
20610
20285
14370
5091
11330
21358
29573
24348
21166
18214
26027
6659
562
23346
30717
21737
25639
17559
14397
8220
23288
25126
14279
32279
31620
24658
28694
17909
13764
20287
20617
2604
28846
24347
22887
22391
7513
14001
26658
24596
1377
6203
6360
26416
22669
18552
24863
160
15791
27647
18434
30929
27340
20179
24391
30978
2173
18999
25076
15280
25749
15556
7185
25938
14340
18616
32686
21831
1020
19601
2856
781
19026
18907
25769
15283
9510
11846
20206
21393
454
13051
23373
8246
720
17968
31990
20130
19863
13050
24953
27062
18120
31587
12936
9448
590
6333
9470
16187
27250
5686
31009
4719
25159
14764
20516
8820
26437
11970
31473
16677
30260
26675
9765
6707
14156
11110
1883
15199
13722
31299
28589
27885
9637
20294
26488
28245
32594
24529
14176
27451
28421
22727
660
15521
25097
18774
22099
19036
12850
12308
21168
8388
13504
24142
20626
3760
12423
9628
10494
24482
32589
953
409
1598
24180
16530
17000
19201
13017
12957
6363
21295
17403
7532
11274
5133
12896
24194
26174
1617
11572
23653
30643
11735
11060
27637
30364
18837
10954
8187
16488
16337
15737
14085
68
6801
25212
7026
32481
10324
29866
10697
8055
5375
12189
12623
11786
3866
4115
25304
25324
19772
5012
8669
16259
1988
6998
27599
10316
15050
30301
18859
24608
17494
22246
32719
18614
13007
14086
28684
3178
22454
28815
25084
5436
29332
3123
9621
29980
2096
3052
17407
9061
14854
13467
12963
13223
12789
6895
15493
27049
30264
30600
5587
20142
14743
1628
19902
11256
31710
30042
4744
3723
3727
9806
31710
14387
20948
18437
20329
8648
15799
2737
29600
29361
2965
29582
1248
4519
5072
5062
16574
12987
13253
9875
15260
1691
20478
23203
5242
28433
18088
19136
6927
23756
26183
27056
7192
14947
15528
25946
18417
2199
21015
17707
26466
4057
9427
18360
21179
19212
30911
17317
24355
28555
20314
4037
13869
13934
7153
13954
19372
19209
2068
30848
26057
694
23622
25213
27474
16853
24824
31356
27733
12816
19385
18466
6382
11748
3239
15456
6749
1372
4137
15442
603
32
18656
21351
17583
16559
5594
20675
28412
27881
22793
21473
4829
16336
20980
3197
5683
26767
4269
12721
23998
23228
5379
29790
1515
29658
28152
28877
7661
6690
28022
25494
6415
14467
17469
9665
27209
15335
6688
13356
32273
30136
30321
17964
1651
1954
3258
14199
19812
15515
16813
18754
340
29473
31838
32422
12290
31939
6064
6216
25492
5859
2061
29497
5607
24762
2395
20251
28196
29341
26923
16262
31892
31358
16691
19626
26805
437
13822
1845
17805
16385
3554
4983
62
8137
13363
28611
7387
22440
31926
31257
13690
15657
15192
30979
28554
13519
1056
11197
23399
25433
10083
9624
29228
1091
15927
30880
9673
2448
23337
29565
14165
26823
13107
30359
18341
14652
21224
9342
22045
1936
13298
29064
8646
635
18110
22204
8353
25801
17526
11246
315
16547
23856
27948
27266
4112
5733
28505
28119
11964
28068
18456
24420
8439
4999
27884
2224
19456
21223
19869
26992
900
30796
28125
31393
4194
19879
16939
10195
5297
32324
21496
29384
28932
30458
28936
30013
3820
5797
27164
13576
13503
17110
9422
32355
18072
13512
1212
14472
6303
4758
28648
26750
13963
10412
29279
22066
17509
22395
17689
1993
23694
2418
15393
1845
3843
17705
24565
9734
26080
12255
13872
13187
4899
5158
32102
22778
11187
16605
24656
4180
5025
21599
25641
26860
32685
18426
5719
3746
12300
20387
15694
18219
18536
25063
4274
22955
26921
31781
15547
5253
28147
30459
13534
25969
30063
32510
6570
14288
5711
1454
13808
3389
25996
16041
22310
1125
12786
32030
1293
16920
6367
1413
23698
28832
22600
10125
4594
18769
508
13398
24098
23649
29741
9441
23406
2810
15148
1221
5472
26510
16500
29987
20451
28779
27370
23515
18856
22671
5219
4864
32201
21181
30823
11402
10413
4816
53
7755
5163
31056
4102
27173
28402
7491
14742
5753
13096
10309
30689
2786
24657
14555
22570
9508
3187
16133
13378
6751
4215
1810
25095
30857
21459
26296
31787
23578
31590
16484
10295
11785
32675
20687
32207
32248
28146
31442
29495
19628
22867
1403
29462
23231
15941
96
32634
20377
24038
16947
1565
19612
21595
13719
18919
16543
28274
26674
1459
3998
646
4100
11350
25263
20644
31479
27101
13368
11755
7351
18967
27744
32569
11971
10324
8643
18180
5829
19563
21098
19077
1823
22786
10490
4636
3526
28425
8747
18672
1363
10888
9852
16342
7255
23707
27686
6004
26351
9914
13646
21926
11929
23358
15998
27168
29766
18209
29014
26197
22705
18694
12159
27800
24302
22905
18913
6785
15686
26743
30742
29331
12354
13361
25630
2331
1030
32013
7764
30811
18400
15086
3488
24552
24609
14261
12271
29521
27180
13064
16096
23553
9932
29522
3264
29287
24267
26634
11705
4692
30144
16697
16710
3748
7976
8246
28650
2080
27064
17844
28962
11171
5362
24831
11672
7036
25847
25731
20889
2068
26780
910
25545
15313
26047
15703
13334
7737
24540
6462
14058
29275
27867
30805
8357
21610
19500
8224
21834
15020
29718
25241
120
32146
2380
1911
27037
11049
29890
23216
22630
10673
3006
1085
7546
28042
32306
3357
4967
18008
32585
13724
11228
1887
23616
213
23834
3887
30071
6518
933
29318
19912
29635
3135
20082
9239
20702
31254
1462
19242
1861
7485
28015
13243
13468
3417
11511
23756
15533
15517
21770
7739
14765
14072
29223
406
16832
24972
7737
7472
9664
20067
21879
9589
3386
30813
4745
10362
5050
31597
30188
10201
19273
7429
31895
1211
18483
14543
2527
29238
6670
26014
18584
25050
22007
26276
10109
7814
5663
15589
29906
2432
4743
27883
23879
11717
14087
19644
21024
7582
23189
28169
6803
20084
31684
30888
5233
26341
9867
2373
26633
13080
26440
26708
13130
13133
28420
11593
28711
30904
19705
8716
6720
17551
24913
31399
22462
7522
27953
13634
10622
20139
25590
13906
26227
1702
25023
29965
1605
1634
27435
19489
32574
6168
23140
17061
15207
16317
7516
24912
26862
22995
10582
26601
10699
7300
18345
30462
26275
12017
8128
473
18669
19144
8806
7344
8275
7188
14912
31516
14171
21338
26011
13004
23366
7649
7529
5755
6969
30801
11653
15647
666
3968
25151
2404
21181
9096
12052
17752
32704
8477
12989
9832
29875
25885
15468
19851
25340
24169
13906
6077
8442
500
6500
21167
23529
17689
20063
10685
8454
4658
8201
24352
499
27494
8890
9573
22620
12226
13596
11549
27867
13963
32303
15063
1305
13523
3216
22859
7479
8523
31482
31704
20588
2648
15885
9521
13551
4713
32590
26195
12055
1671
10608
18874
32704
17198
2514
32468
4594
23387
11080
22966
19389
13798
19998
31502
26215
5394
8538
13400
4554
15459
8514
31829
26359
10415
16158
1977
28191
3704
13887
23076
15284
4729
12864
25428
26827
28799
10892
31897
27333
1146
5920
23177
3630
27092
25235
18164
6373
9473
15699
14107
22397
2904
13873
4636
6628
23841
15392
15281
25410
17903
27961
14106
20772
14128
22275
30296
32218
20738
3058
10652
25117
19784
12845
8959
31222
8445
28564
8819
12507
18377
22274
7674
22810
28114
15055
23062
12923
27605
2202
26240
17440
18805
4677
21276
3505
14803
26688
12589
21430
18014
10507
13510
2884
7149
27126
2689
10460
11787
7468
13682
22160
9361
6383
2398
21863
18299
9253
5417
3587
23796
11284
4494
5249
11699
1898
10259
9121
9098
27264
9787
21287
13884
28895
28925
3457
6800
24580
19573
2217
26531
1888
19418
17997
9858
24995
32176
24366
32760
23354
10302
7622
31909
25110
10819
11309
2896
8880
21477
22845
16767
5706
19434
14581
2628
18039
21802
9243
14169
27101
2116
23333
10351
15930
21905
20570
31940
17317
25430
23861
756
15639
7230
26378
23313
6697
519
14059
32501
11807
6267
2253
9431
22566
31906
5607
12317
218
31798
7771
9329
4363
16727
13848
20247
17857
26240
22783
6782
1405
1722
2629
16405
6850
7695
792
19551
30676
20034
13445
10570
26560
23485
8345
8893
20636
30411
20166
6512
27408
9479
24457
22528
4886
24341
842
15939
5629
13967
22660
14041
8628
6210
29989
11011
14661
32411
7992
26808
21152
10332
30913
12022
410
10131
8936
21591
21557
23757
7258
15332
17442
12935
24301
3117
24964
11493
131
23706
6903
8615
23344
19708
18129
11352
159
15207
20904
13000
31921
3140
13844
3517
11112
14498
8629
10726
9732
5837
27512
13584
2923
4386
16151
11164
10190
16161
8671
23089
16266
5316
13494
10158
332
7183
22364
15203
25465
27881
4337
21376
28877
22314
25016
24525
18498
29429
25114
13468
21555
2888
21230
27133
31937
5841
759
15152
22902
13060
11694
31328
9768
21866
14146
27790
32544
10044
27102
8651
10364
16176
6186
7594
25810
11667
18708
25589
7958
3736
20688
15775
27582
5872
31517
18938
9507
20122
10955
12330
10027
28157
4730
1242
28197
4404
27300
14381
7412
13737
18654
8183
11888
13797
31834
29230
22025
14246
5041
17307
21422
16434
28639
24277
16109
25324
2191
1904
3419
15909
17818
32114
22582
14900
4554
21766
9545
16073
2787
30325
14096
21118
29412
23121
10269
22703
18058
22004
21946
24972
7446
3113
24016
16492
13648
22056
13319
23653
21452
14536
4655
28441
22124
14832
18399
9682
8486
10830
11611
22738
18439
14156
15803
19684
6776
22848
7242
13111
29633
29155
2349
23404
29899
12037
2373
19438
2858
1407
17750
13442
26970
22632
25704
28447
21577
8332
25965
767
27158
10265
15397
24054
17945
11932
13631
14339
9763
2348
26049
21797
29959
4837
10665
6511
24153
409
30164
9055
20341
29377
288
24684
2499
17594
2254
20446
10810
4142
13354
26594
18979
21968
23405
20702
7456
13388
13794
27394
12396
14973
13128
21024
12132
10721
1144
21437
20807
15691
5959
2920
21562
18392
2478
6474
10639
16420
22568
9983
14150
3006
19292
11940
21204
7897
26876
14385
22820
17476
27629
265
2012
8604
1960
16848
31713
19392
31456
1661
31005
32645
13669
19632
24448
21163
5448
23621
28996
28944
32576
3625
20086
14884
22092
30060
18866
21149
5786
7832
31278
32364
6056
22850
12025
22255
14761
16350
10117
12648
554
29144
13668
18862
27637
13280
11087
1314
28213
27269
15724
25061
32476
8965
14033
26184
5186
7779
10308
9348
27150
4795
29764
9900
3418
5843
23630
22239
29714
27634
29529
14274
9117
6645
6563
301
10944
4511
26031
29989
29375
18737
7822
267
11205
1850
11103
32530
22661
20401
7186
11255
15650
10049
12145
9452
13644
8420
31328
469
13741
27059
5219
24502
31875
18173
28002
28524
13710
14998
12457
23708
5420
16753
22835
8426
11971
24689
23336
5995
2655
29565
1700
25692
15772
29395
1978
1300
3015
8862
10169
7223
20800
24778
13229
20013
15906
1303
11305
16850
9254
1900
8772
6511
23493
24687
26082
30698
1181
22610
26933
26169
9494
14319
32131
11548
27973
4120
19753
30476
8465
2856
14048
20078
28052
31966
28223
19469
11716
9324
1409
2503
25170
21706
17545
11655
24786
30544
28963
8307
32285
7300
27789
18022
14323
3889
18998
18848
8677
7609
17349
20156
6514
3499
11869
9443
1393
28056
21791
17984
9391
14627
23793
15539
12248
856
5502
16074
21147
6975
23422
6381
16393
24240
28728
14040
26174
12136
27205
24911
1348
15965
9110
1036
11572
8527
18617
4093
26526
26272
27991
19884
4139
7013
18946
13311
8321
30653
1837
5921
29543
9570
14716
17344
17194
21629
29503
23161
26431
4799
3897
32656
5417
6317
6309
13029
10398
315
29819
25635
14053
8093
12271
5947
29058
26458
6202
11537
7189
6818
32670
9332
6528
13025
21412
26452
21576
14228
26793
30767
1598
30556
7832
5069
9054
22352
17145
6957
27639
11416
21547
22975
27148
21560
2541
31700
24058
32041
18212
18770
24156
22702
22744
30892
12076
9445
9855
11793
5163
17820
14206
31460
8834
24423
12781
29037
21929
10479
13978
8398
27528
26253
15953
3384
19420
17432
23643
30814
32477
251
2629
3626
30494
8842
24803
18863
12980
8342
25235
9824
30618
16446
15046
29055
12116
4361
5821
20440
9683
16434
31633
19374
12185
13891
15734
32502
31517
13029
31808
11715
4465
23287
18727
25858
18978
27869
22983
29031
13920
3867
27755
17063
18270
27938
16778
3816
13308
5737
20114
19061
24996
21440
3557
18359
21617
26338
4129
4961
27287
26697
12965
24810
26367
14150
8017
6976
3889
12368
31116
28091
24695
7581
23692
22863
8255
5615
3794
10759
19394
15793
3827
24750
10979
7746
23966
25807
2650
1937
10459
4833
24849
12266
15505
31419
25806
1551
23627
25166
21011
27019
27195
24722
27459
15683
32640
9409
29445
2126
22948
15812
9709
6406
16745
30186
30554
24159
20165
5856
5530
27512
11819
10718
31061
22896
19212
2078
1064
31611
926
20370
29328
6453
18908
4054
9482
9014
21966
17252
1144
5606
19722
26887
1479
32402
891
20882
4303
22208
14689
30161
20090
10688
31385
26816
8745
14468
799
14843
21075
4018
19665
23670
9327
17398
10869
25966
28693
18589
5118
14239
28000
5216
2059
28344
17046
2173
9905
7948
5387
19981
27002
15754
8514
7569
7341
17391
7766
9422
32208
25914
28824
32475
9068
26208
28538
29304
4624
28482
17068
27297
8856
26588
6788
23907
7599
13759
18339
5359
12435
28097
30166
3821
7961
19955
3642
26130
22256
5075
1188
31221
18473
707
5183
18718
9975
11962
12151
12640
31412
24378
10006
2666
7717
7810
19629
20120
5375
18692
5174
17935
23210
12569
30967
26632
3652
10996
10666
26220
8169
5332
16346
6050
25394
12158
1680
12964
11003
23275
5167
4441
21098
2878
15261
27935
22317
2553
6307
18854
26882
22383
15255
517
4733
16509
14392
11271
24326
31861
7129
17862
8737
26459
3778
24956
17394
11348
9427
17301
14080
29787
8554
9993
31545
27958
12935
7144
21046
15528
26414
13367
2241
13289
25869
29434
31124
22355
8543
12690
11620
3678
8464
28489
15390
4046
1058
16172
21361
24107
24655
18457
1676
26738
12016
2840
19241
8970
21021
25582
18378
11513
29974
30704
22338
21848
19425
1814
25976
5380
30261
21328
2408
20631
2455
4637
106
30359
1731
7257
28343
19949
15949
20566
2345
2200
26760
23087
3138
28322
29863
22105
9328
13651
21282
635
11151
22182
16220
28800
24496
31993
19586
28650
30489
22280
14774
8553
13709
26652
20845
26796
26317
10368
22549
12407
25182
2613
19964
13558
31885
13798
2157
18513
2225
5150
26140
17792
20656
30393
8899
9569
9668
30361
3598
27143
28287
22938
10677
21589
22029
5319
29415
6092
186
16078
23279
162
27059
1713
13074
16404
19985
703
4022
21245
18707
27587
26314
13990
1451
6267
28001
24544
10557
19787
30880
10320
23459
13363
26075
9739
4212
4351
19963
8547
30086
1469
2083
7424
10929
31604
16275
9266
9942
787
8396
21381
28192
17064
25076
20374
32138
17106
10877
7718
4002
12409
7682
5485
7820
26300
3697
21936
18249
21803
6511
278
29242
5687
13560
9656
25823
18918
28486
3575
8421
2252
26101
27410
13408
822
14436
3576
24405
8360
31070
8794
12923
13194
25594
8197
2882
5406
22463
26223
4373
15797
24588
13967
6108
11555
19127
32498
3014
14192
4597
11788
19013
2512
7546
32460
3162
31701
7905
29555
17938
228
3405
29349
8017
19942
1105
15040
27086
1855
2573
8046
14431
2820
154
17782
31607
11112
18089
20696
18156
28024
19302
14616
9470
8201
6563
14298
6806
24302
7730
1455
16587
22126
11666
22831
6058
23285
3279
23624
30263
10505
419
3029
15279
24960
11745
13682
9744
5616
14867
1935
29147
31080
4962
26564
10009
2397
16567
868
14236
17127
4896
20053
21127
14382
13685
25631
4369
6686
24379
32578
24709
2659
11976
31437
19853
18833
28328
4652
5297
5538
19008
21314
7195
19622
13745
30392
15005
10166
3328
4756
28661
8746
11891
23309
29263
24844
5182
26013
13579
11980
12638
8793
19649
24372
5574
32638
21634
12191
7609
27468
14433
30566
12407
10263
2354
15516
21019
9883
15762
251
3268
23184
1064
23325
29939
15742
2858
12272
19764
29651
24866
8292
3329
18483
21234
32614
20195
28943
27413
25618
27098
21625
30249
11300
14847
15926
12458
688
23656
15381
513
16148
25164
5248
26813
12330
16231
2897
31776
10178
30624
26855
9949
23119
20458
30584
32544
26336
1640
27304
24527
6994
21972
25947
9999
18628
18465
4552
15883
15436
7263
32720
19953
12264
17376
15757
17980
18360
15001
24109
6201
28522
16074
25345
19396
11253
11234
15057
20819
13706
31901
19315
13623
28103
14447
14747
6174
1583
20517
25333
4315
27351
11722
15985
23402
17761
31687
5855
31022
11310
26447
21435
9854
20944
25082
17482
18784
18622
9904
8422
15764
12108
1481
13973
8661
22490
15474
28897
2651
16715
23379
13796
15524
29625
111
18595
22644
5478
26699
9629
4635
19446
6738
3491
25078
15836
13432
13033
19768
18451
6686
15454
11242
15374
2613
4921
4145
14833
24743
11988
13008
31489
1778
21182
2285
8281
22550
29452
26392
23008
31666
13039
21897
31095
31850
12684
31145
18039
7563
6407
14549
9562
13298
9185
30814
26552
1578
3205
7892
22646
30676
6941
14980
22586
1100
17834
28991
7713
19593
5716
7517
28853
15429
19454
15362
27417
2654
26910
4256
8839
6269
9420
8637
16381
30197
29209
29431
25138
2542
4513
8261
23503
10434
24932
15999
8668
6311
24273
9505
32376
18831
3876
1356
23502
17484
16882
29197
15172
5368
25090
15842
11509
13460
18527
20858
23394
13807
17835
24509
32612
14793
21942
6924
20582
28217
12624
20426
17616
7500
12891
2075
14022
3823
15908
7403
16659
16911
10739
22579
26720
16638
19936
3191
25770
5401
14825
17812
7923
7592
16706
30392
14135
19973
20460
18866
9889
5889
16009
29548
20991
32643
6255
12725
8308
12402
2043
22084
27244
30677
23847
762
21717
1849
25183
31592
27789
29011
29585
12177
5654
10983
2948
25585
9617
4841
15210
6846
13034
17889
16568
8813
32336
16532
11573
28024
30952
5600
21841
5983
17858
15336
30905
15085
18188
13425
22824
32188
2949
5260
13184
29947
12341
12150
20249
18287
2652
26812
5977
12472
11688
29090
29573
18902
8874
30150
20694
15083
24971
31489
4816
14914
25851
30862
24015
31889
26987
26990
28643
31355
11388
24074
31709
12121
16567
20763
15018
13626
18814
17351
9952
25128
13122
25868
5783
19118
15351
18530
10106
19863
24517
28572
12574
3319
32257
11280
12690
30832
19035
6903
26679
19630
24153
16663
4817
11316
32516
2463
223
13659
27361
11346
28968
14743
17442
16103
28055
31229
27422
30128
6472
3330
23807
22395
9443
20870
27322
26806
23849
4881
23621
4566
1996
17244
21508
17657
644
27923
1668
9929
22623
17369
6763
16036
16729
30093
17583
29179
16428
8395
29959
20216
21097
5302
9887
27236
26312
15861
10512
21703
3516
25852
30095
27345
6219
8589
25700
1272
6429
10110
22175
19043
31699
20668
10246
11015
9882
2192
32081
17680
23039
31777
17050
14722
17157
13371
28175
13344
29556
31822
23274
10893
13429
15034
20643
5809
26460
7753
2659
12382
26821
17661
21181
27187
10722
16397
1945
13761
29715
6442
6768
21229
2743
15622
24767
11925
8003
28439
18613
5239
19345
10905
17967
14414
1658
5330
3047
23101
18086
25753
25832
2673
18339
25369
16966
20483
9525
27091
20747
14107
16621
482
11380
2651
9725
2179
94
15227
24395
31956
12283
16176
29636
23260
21705
24659
31987
10188
10693
20031
3026
4996
14044
27259
20448
21337
20642
6553
13427
6678
16454
7005
26704
20800
10182
11810
889
30623
30303
378
16198
18681
328
15381
29879
4897
5279
6372
21769
23601
4260
24445
4231
15891
26405
15298
24483
6982
3385
14525
8773
4318
13617
25295
2403
18893
25804
21770
32466
5986
15274
13787
16220
29455
32259
26348
23314
19823
14233
27720
4067
20103
2795
20161
12910
27469
172
32143
6421
29798
27507
29497
15699
564
13236
8633
1871
25104
8175
27099
30641
26836
27943
8678
9140
20125
19350
28542
14204
30671
5023
30921
29355
20313
18180
12497
21295
5690
12889
17193
25181
19524
17081
25300
22596
5663
25527
98
2363
17554
31127
11100
20925
24830
19391
8930
29815
25387
29544
22931
7838
29767
8857
28845
1670
25388
22358
28277
22641
11746
20245
13274
26021
17509
20081
30037
18881
26792
4386
15123
31312
20441
30253
11350
29855
26855
15448
10777
32204
27714
25313
31987
10528
6370
623
6717
6302
17034
12873
17527
11228
5454
19910
2792
4370
12883
11781
27781
27761
2518
11229
8724
2486
5743
32279
21393
19454
23959
18395
15569
20444
22889
27497
1381
29609
12197
29962
20417
14875
23034
12869
17310
15129
9093
18773
6044
5838
8085
25819
24108
7933
32177
18385
6573
10900
24284
23999
23509
18307
4119
6961
29779
16078
20008
17000
29362
7905
30362
24656
32641
16421
18949
5554
20657
30672
9103
171
15678
27905
18867
23133
13330
17420
15425
7396
6694
5138
9126
17803
21482
23254
17774
1856
32231
25291
8711
326
6306
20338
8136
20010
11204
17378
26417
32504
9337
22440
21621
22190
29462
19922
8757
23025
11262
16967
12687
1791
12230
16730
4951
18917
7831
32158
13988
242
6868
6139
24719
9579
7933
11777
20791
27776
27348
8829
14857
29823
19390
21578
26942
21064
17515
14186
20132
4865
22457
1109
15778
1547
31446
29073
4214
25396
29349
11139
4290
8494
8292
32389
18759
4160
395
26425
9456
3387
26359
32028
32530
24752
10055
27486
2290
7776
20615
27633
10376
6388
7436
30944
13442
15854
12190
10210
12684
28128
23261
25647
29903
9435
30685
31378
20407
1835
4116
11199
10490
9793
24182
14568
9942
4593
27614
7819
20122
2526
19120
29070
15719
25394
13756
4749
24120
30354
5734
11123
16672
10833
13828
11079
30675
27875
7816
13385
7016
13205
28255
12350
24413
20860
9113
32520
21980
15019
8777
29561
18748
1961
31279
4713
20171
19747
12180
18438
30411
7133
2934
1900
15802
15598
14053
2166
8919
32301
9645
6099
2017
8935
5173
11612
15906
19667
7335
15524
25772
28999
10065
29649
31715
11947
14924
23723
21051
5679
27739
5107
11843
15801
32533
2806
23011
11809
25671
1890
29409
417
12948
21847
9386
18055
19806
24513
12112
31277
17386
8934
24527
12331
11198
11579
23956
14795
31310
8828
28992
25022
8664
29947
10409
4109
30093
18745
31777
27218
6385
14259
22780
17447
32388
24830
13644
29663
14754
2070
4335
24436
10152
9972
1996
21953
13400
12638
22873
2033
15743
31235
2401
14136
22996
28103
32260
27329
1828
6492
16127
16871
940
11538
14893
13991
22215
29424
12622
25685
19657
27395
13576
9871
27178
502
20779
9328
6631
5603
20025
7173
6949
15721
11302
517
29207
1279
14940
18876
24611
5767
28930
26953
10048
32551
28542
28169
7331
1876
17464
13651
20122
20783
24993
7526
16824
12565
25717
17055
2354
29809
3901
7408
16009
2773
7959
4493
7273
17738
23993
19688
16594
8164
5300
30944
23157
18841
17910
9013
17761
24146
19859
26688
23262
1859
20677
13793
30873
30072
7729
15032
770
27313
25451
21912
26355
17520
23485
6456
24210
15696
23588
14380
32120
22680
24732
27924
18451
11280
32413
13076
23112
31764
24806
25220
24925
24038
12409
1512
27927
21577
3815
31522
23583
6731
1485
13542
26538
4194
3999
12399
4697
32698
7588
29552
32350
10190
16194
9806
28385
18998
20092
7820
30882
10431
17849
28039
9695
10689
8903
18275
4472
5805
31519
22085
15697
10470
9579
19906
10232
22738
7237
21144
25992
9008
32322
2716
16333
14508
20271
26868
8616
19376
24218
2694
20917
28798
30613
14000
16428
17276
15798
22586
27653
18894
23394
649
9056
16426
25931
22293
8995
19432
5944
24349
23013
16985
19973
11673
21003
31322
25322
23920
1840
23593
19456
16363
10955
9079
9728
20329
7179
1982
2894
14933
5894
16084
23607
6742
24339
3521
23671
11205
26740
23502
18943
6500
17721
31710
20725
12365
22880
8193
251
4136
6721
11079
10164
11169
23850
21970
13444
11546
31046
22319
2456
5020
16579
2791
24103
7188
5427
17232
5623
19132
6963
16041
12834
10455
20811
29286
16154
2721
3606
8393
25579
29062
10659
27826
30400
24210
22042
24504
15017
10537
27555
5752
10907
11768
11139
1837
30137
27179
16008
5762
4305
22240
29352
28324
298
6364
31717
19610
17533
22653
15476
14297
31297
22000
22557
22547
12843
3492
5861
23889
1014
255
23275
11841
21600
30543
11664
20689
27509
19203
10202
16636
16399
5915
14875
10724
7326
22749
5837
13602
293
22986
17601
25690
26245
30160
7289
10514
18174
4545
13522
11972
4083
22020
741
2865
24813
395
12592
18681
15331
26884
29169
105
2745
30292
20691
29332
7686
15425
18380
23205
2330
29294
6982
26995
32576
28045
16765
8022
5696
26576
22824
30778
4648
11680
29531
7665
7756
658
13484
5326
6028
21143
4501
5743
19413
883
10777
3802
21227
31344
2218
28620
25701
10835
18507
20045
20217
15759
26098
32392
29945
12473
16688
8666
29214
28988
4115
23337
20101
21582
19020
7543
25335
31266
20365
18614
21101
29023
19765
2270
15571
11986
10031
11070
3853
11615
26647
24079
5176
19006
31903
3663
11314
12644
15922
22477
19292
28222
4311
15232
10142
29861
6231
4124
13996
13839
18594
24807
24968
5890
21871
11977
4425
22735
17699
18339
31002
19324
10996
10210
16773
23554
19534
6740
30962
21177
13685
2618
28010
22032
365
15262
21409
1409
22807
24039
24372
16580
28060
11434
12335
28483
29198
4803
14802
23503
22605
933
1685
30865
21800
32494
32105
8003
28613
29247
3137
8608
8259
27978
23505
15896
16797
23596
28821
19657
23250
15358
23830
14507
835
32166
26985
6410
26204
2803
21496
32570
10870
8682
3973
19590
16124
31322
8811
9321
21965
27063
2855
20225
3042
31012
19992
8128
1329
8658
4227
13413
32721
9097
25818
8234
8798
10628
11326
22335
2463
12674
12610
28280
22886
26906
24562
835
21688
30031
16148
24540
16686
22628
3757
12228
6555
27122
12231
22639
21487
5431
14706
19004
15964
20913
24329
23979
14263
2539
2998
4299
18208
25752
22328
14577
22245
9182
14308
31919
5796
3828
5610
10756
18608
6639
9178
15569
32438
16345
8295
10636
2465
17156
25962
16440
8378
18333
26666
15253
1044
31876
3802
20628
7719
18011
32611
21005
26811
8414
19300
15540
6408
10866
7543
16202
22299
3584
19383
4880
1147
16131
29567
14465
22029
15328
628
27712
17717
19063
20677
26704
7230
25335
12465
17795
8700
15606
5962
4405
10415
12993
17017
27449
1067
28400
67
16404
11062
6206
31562
29545
2098
28568
12439
3765
15612
5236
29334
18493
24083
25444
7522
30276
26877
8939
24643
17024
31206
29327
16502
12751
1163
12335
14636
21543
5206
18327
7380
12491
22474
8274
7069
17093
31522
7615
4919
6544
5685
25960
3034
29205
12701
24462
1674
23513
10008
9737
153
15988
24878
21839
20589
21317
15893
29650
16260
26468
6609
25487
1460
31192
17311
4579
2488
2570
25236
22945
2792
10874
3458
19299
6216
11185
6683
20509
30916
29559
26457
23032
26810
21573
10013
5981
20665
30973
27414
23631
22921
14553
30948
13823
363
26529
10621
23706
5793
30242
22480
30566
15153
30427
8873
26381
21991
23289
1493
2617
5273
31622
3718
12384
25518
17117
12025
12002
32481
2657
30037
19537
32579
110
10711
30223
2687
10896
6188
29727
1890
22515
2078
3893
31643
6171
10611
23823
30399
2517
30482
9992
11920
5742
21864
7915
12414
27938
28682
22021
19566
21207
6812
10878
7355
6668
14577
7913
20346
22284
29299
20505
5379
9319
13510
32054
22445
2978
18856
22033
8408
26158
1052
949
20273
19095
18631
7999
561
23038
30106
2799
24295
457
27825
24958
4600
1433
18043
28594
13028
25980
28444
27697
27786
29797
13071
24979
3823
13017
32528
32442
28219
16874
22329
16742
13060
617
18795
12036
32719
13400
24303
4039
4052
10910
20829
24570
13058
26366
1725
27541
19267
12874
6381
18446
12033
1236
27715
8305
5353
21286
6514
1971
27887
4851
11954
17732
19090
3149
3099
20451
17505
19223
24402
27318
27838
17598
616
6298
18402
1572
16895
22968
25377
32221
20143
26457
29039
13982
23976
25083
4388
5618
15512
9635
7932
29487
23759
14454
14946
6825
6561
1923
24302
4389
15883
26084
14124
11153
3482
517
3231
20210
21641
17731
30981
27805
17193
20921
15581
3754
6278
4694
24359
2214
24648
4403
31339
8328
18391
2084
23292
17382
20163
24462
21118
7529
22114
3960
25766
7807
21691
5860
12609
20815
11938
32095
16248
1778
32037
4823
3666
13792
16935
25005
3706
7336
20555
1803
26947
31973
27156
25976
14569
621
23626
26025
5658
10955
6047
14746
7860
16624
3474
21982
22993
16677
21652
5428
7425
14660
22377
14938
22230
31016
5074
17446
25254
10082
11369
18386
18828
3629
20940
17816
5296
13477
18173
11134
5320
6195
1289
31348
17119
6732
16872
16796
7765
30299
24229
25577
11304
21499
191
23531
31601
18794
23246
29161
21298
25146
26729
6193
27982
32330
8520
25004
25305
7413
26534
18101
11666
26761
13801
11307
25262
5627
20357
24773
2776
27865
31006
1190
15221
2943
31725
3890
21804
15246
30820
26399
2982
27290
19477
16591
6802
6947
3792
14045
19437
25031
27403
20726
13184
17077
21895
27882
17322
869
26673
15874
8031
17543
25671
22165
19825
30777
8123
28630
12558
2172
25052
25584
27531
16873
29491
3669
2911
22176
25771
1618
11379
3458
20982
26600
28057
29088
9003
7895
24409
5618
4532
26619
20468
16717
29799
31963
6307
5775
5875
7552
20512
3357
8318
27779
1639
19855
19852
20842
28094
18089
291
21813
5363
3725
28973
11571
5861
25648
29213
26650
25413
25867
9685
29015
1182
19219
4551
24227
1939
18154
24667
15319
26473
19031
20881
18689
9157
22260
7912
24247
25526
9510
22142
27819
18933
14162
29048
18048
24172
11598
10660
13020
12534
27670
21085
28863
6502
28097
14512
10003
14538
19891
20157
29316
8177
25875
9823
1425
16170
2944
32527
3811
847
20479
27397
23006
17410
15928
20385
23927
26423
995
17674
11589
24051
2685
6421
218
24146
22847
31080
17747
32463
21328
2271
27950
5824
9786
25646
29276
2080
31899
22984
16023
22161
18717
22784
28150
12193
15783
23662
8127
18509
17109
21397
18812
13252
934
20418
16465
5997
24949
30775
27788
24618
25643
2441
23422
23775
31410
25671
9098
25134
8109
28380
20091
23429
13926
20151
15898
27995
13319
15529
16129
3254
26894
30862
15786
12273
32507
8239
20939
31932
32331
28007
5094
5988
28842
8069
28955
30549
29541
5106
28994
25821
19998
21012
9014
1074
25027
3697
9075
4535
961
26904
28900
13179
6516
27453
1014
1026
2018
2083
23537
14921
19370
9535
30344
4868
19767
28058
26031
24362
17721
29815
30636
23475
17750
27446
9585
13985
14620
28280
15145
25917
29499
11908
28433
12195
6897
30441
23177
5504
3525
22885
2411
28699
2424
6
5019
30098
12857
27279
29919
358
18712
6941
5873
17978
9917
30218
16851
19672
20058
22802
26211
25717
11486
11700
30511
26678
22636
31451
17290
32243
25611
14782
2272
12858
7071
29189
11846
5527
15384
24877
24149
16146
31721
12589
29497
22522
30651
602
26885
5345
22371
19592
19017
16360
16146
23410
19175
14397
24780
27228
1314
2785
16924
8950
3320
2223
2565
900
19890
32154
27451
28732
26041
27958
32404
29679
29867
30842
8633
29676
4014
20676
11809
23330
20485
23581
7232
132
12257
28350
26363
19634
10617
15828
17248
25301
19548
28545
148
20682
15622
27683
9228
2692
21170
21720
5632
13483
18288
17218
29213
649
11895
13959
20603
11047
9404
20892
6862
14771
28612
20164
16864
15653
32438
19539
26431
6947
436
22200
20274
2593
2923
21434
12018
30412
28905
13058
11031
22697
23471
2010
6737
14841
16904
28724
24664
30433
14745
27886
29990
30663
22584
3924
27747
27391
5890
8167
4385
16807
27559
8797
27081
29647
3081
23272
14421
20446
4102
14523
19136
22832
26001
18891
12219
31236
19208
7122
9122
3222
17345
11930
18862
32648
15079
23416
1388
6534
18564
22038
2158
8234
19678
10870
26688
26141
22023
23604
20637
1152
944
2828
9699
17290
23870
16539
11205
30322
20000
19306
1088
20111
15455
19240
6864
27070
28022
21047
20451
8196
11621
16491
30862
21620
27649
15118
1663
19795
17550
26151
27699
22395
9103
17147
4457
14589
32477
22485
27606
14090
21495
1283
4122
13076
24729
11041
20211
9008
18832
1690
12976
27071
9164
25707
28905
20557
5047
5162
9326
10681
30405
15175
25469
24470
19276
28051
1592
28370
19095
12030
12629
6037
26934
17061
31000
17516
12695
27404
12414
27815
11483
32679
14524
30208
19938
31648
25831
22909
4776
27092
17909
3991
20437
21023
29412
1947
23183
3033
8505
11857
1171
6560
8620
18396
7812
29272
5410
8417
29826
23409
28123
23275
30975
14440
4333
22542
4558
29585
11249
2507
15229
25619
4860
10036
30437
21812
15057
3664
13567
4823
9044
21697
13562
8002
17986
19364
2186
30245
24096
31417
12930
216
6513
22212
5029
8165
3628
14131
6585
28102
365
20224
25822
7920
22379
11481
22302
8976
16298
1663
16965
27540
29042
21356
10227
31597
3199
31416
16367
9235
29178
6205
14526
5066
10664
7418
26229
6437
10082
20149
21451
16328
1221
27364
26994
10865
810
28878
8104
20026
27096
22254
28169
29464
5241
12184
28071
7592
17867
223
24924
17963
4760
21429
6239
206
30952
15956
24342
31536
30581
28125
29227
29470
14687
29503
10210
2721
10785
22363
17322
7482
1476
14950
10226
31340
14675
654
23101
10619
10126
24032
3449
6772
9698
7017
9868
26733
17817
8091
28465
4366
15695
30707
27394
17744
1701
20953
725
14213
1081
22728
31308
2713
17365
16302
25512
18071
12518
31126
1502
30318
19248
25988
26861
21238
13761
29088
31854
7982
12835
31127
3181
6600
23510
25663
30839
10215
14333
17530
24820
7463
27992
348
16056
17630
14450
18832
6356
4257
28700
22007
19634
4106
11801
16275
7265
5561
28699
27812
30509
11673
17647
22800
12403
18532
23028
15880
6323
16490
31953
23785
11495
7054
25959
29024
20499
11921
23557
3794
17182
1427
4059
27899
20192
13782
12722
26581
21628
31942
9946
14011
14320
20534
26723
7886
22762
17389
25232
9368
3550
26721
26760
239
21845
1730
4175
23836
12680
24122
2805
6717
25133
18036
19725
10216
28817
23387
7009
11793
16871
5668
20452
3630
9183
30606
27368
32664
1915
10088
17553
19253
24095
11604
29322
27220
19687
9932
13814
3288
10812
7778
1450
19097
31146
26700
2201
1031
23020
10271
5263
13841
6473
25563
1315
17733
25636
18472
32487
1080
16846
479
29409
31016
21406
20684
30271
9952
2628
14259
16966
23772
17754
28048
28812
21166
4412
29731
18279
4768
30490
30636
10917
30619
4939
23540
1149
16967
26084
6796
15046
2420
4490
22105
1127
2489
31876
18513
13071
6234
2068
27007
17702
15727
21000
32333
21507
14659
13452
26370
12895
30971
30786
22922
20233
15992
27797
26742
12252
32638
23114
31555
6383
16405
1111
7135
13323
27695
11001
15721
19554
29836
17665
24632
29309
13019
25454
14112
7287
22818
29505
12784
5737
28767
20877
4415
22309
10864
26062
26473
3367
2864
13947
10964
30664
11491
11231
15736
24757
9172
29988
3486
18848
17724
17329
13287
8757
21862
20662
12945
6736
24849
24836
14838
25709
17942
15139
5717
31840
12106
17310
10965
17990
1958
13218
7623
6587
10405
7623
6700
3405
18414
13614
19063
5681
26675
2764
28820
20533
20825
13573
16168
502
21465
5501
22555
12627
23398
12587
5204
23585
5328
20143
30915
10528
11048
20197
31909
9518
24613
29626
1283
24763
966
2366
14716
381
3897
9467
5701
7269
26364
28550
24430
27601
2114
11347
22887
13827
9624
29645
27330
30674
30408
21414
2874
10143
16381
18796
9205
9355
21545
19294
17670
9703
5796
21373
21558
16109
16406
8422
6404
19117
27286
9054
18922
21577
10515
17711
32482
20325
11763
1843
11561
13530
17659
9006
4163
22442
9327
10336
9279
1593
22906
18011
5436
19386
21455
14867
18476
26087
21649
4404
24792
17141
17521
14264
26917
7111
13590
952
32149
32354
4545
13186
8976
23713
17201
4589
10725
29481
19140
13545
16908
7328
6368
2650
9390
25882
8849
10023
30438
29140
31347
3213
18890
4389
28883
22458
23461
1713
32529
3991
32391
26592
584
1253
18432
7311
2353
30859
28200
22533
14661
31790
30178
7720
3874
16643
5730
10480
32304
18657
30189
16925
13188
11675
9184
25893
5
29324
29684
15729
11725
5235
7872
21704
17618
19330
19328
1548
709
13233
26388
2084
2618
20312
27724
9529
3338
6141
354
29221
30197
4458
3784
6696
21900
4867
13092
4829
5711
15191
14490
19565
15378
16885
28489
12803
12965
7041
4376
3712
28595
9223
4786
10607
27627
17294
1487
12347
14174
16625
28854
16287
11560
14058
16127
8543
2643
24432
12190
4662
27640
10563
25629
9231
30887
19397
29993
4216
14601
19723
12368
3923
25540
11828
25353
1486
8351
12793
22261
8598
1767
29062
25444
13384
23313
13192
14363
25385
20384
14728
17749
32534
19786
30583
25863
6334
1622
27018
10600
9486
22856
31816
29873
17901
18112
15073
15905
2858
32416
14273
10309
16306
18541
25445
19574
5895
19192
17773
24483
20205
30525
19443
5201
6503
6795
9500
24031
25313
23525
22252
30991
18607
10409
2399
24002
21430
21615
14005
32259
19305
28724
13837
30279
13560
7352
21557
4851
21187
23588
28353
20255
14357
9968
17754
12442
17679
18436
30041
9518
7906
17437
21397
17701
30786
20595
6264
7947
15895
7321
4697
28854
31861
29604
20997
29060
4046
30863
1439
4580
30310
478
30123
21528
22024
22658
22629
8761
2552
24061
28503
17787
19752
24006
9002
25266
21678
3567
4541
8213
28278
773
17012
22594
30772
6968
29907
32387
17053
9403
15691
6224
13527
17262
25683
28693
17454
22971
15291
25909
5128
30909
24125
32078
21019
7080
3414
6847
8925
12901
8532
31847
12860
16252
16303
27312
15504
3383
19356
13772
9166
15877
17632
26943
25854
15388
2274
22686
495
19554
10757
27030
13097
18574
20788
16175
30243
17546
23999
10834
19382
8988
14181
906
15058
24006
1714
20999
27504
1003
18315
25576
28103
13618
27143
15290
451
6960
30080
30523
29363
9793
25066
4964
23362
4534
7012
12711
26024
29494
25613
17014
23585
22878
2073
14596
7582
15787
6180
11343
19131
19866
7621
2398
16114
20237
32359
15047
10766
9201
84
26997
24034
12574
9747
15016
9274
11390
21492
12093
12562
5746
29673
2096
1286
25201
2967
21599
21514
4851
30893
2961
17499
19597
18293
23222
6582
9309
22441
1393
8391
11688
17287
211
28388
2754
15655
11114
18939
1326
22029
18042
19657
28935
25851
5258
6989
24478
32264
16674
15229
25957
12534
30164
26167
30476
449
16505
25722
8681
20340
11965
19670
9117
7488
17118
13601
9461
29135
9648
11372
7182
16598
14821
4405
6589
4842
29835
6111
1581
24468
7894
5471
4298
19879
25888
25143
22366
19921
22318
27048
2170
17265
15797
14627
1304
12200
26908
9218
17790
4787
23940
20341
1382
30584
6
15039
31579
23902
10555
6050
8038
29794
16642
1815
17642
24424
18301
3651
3021
28878
28509
22439
27864
5447
11616
5271
25953
24807
24855
4845
1575
29306
31469
23294
27005
8474
17253
27085
21675
10241
10147
23423
2193
17563
12078
6671
1421
31455
32500
25667
18079
29664
3471
16607
14283
10911
27846
12824
27583
23332
19543
15691
21686
26573
6644
6895
1180
10469
25227
8905
14451
23160
22730
18526
13045
7270
9443
15278
10875
14519
24972
543
19997
9262
27210
7096
9755
27937
24304
2191
21372
3208
98
17029
29428
19795
19103
32560
9995
15873
28671
19993
3452
24686
6585
26408
9179
3052
4519
15708
24443
13718
14670
10687
31887
4833
29209
17050
18575
19060
23269
13029
27614
10042
1730
9729
30377
437
4344
7082
13586
21397
12873
14375
3726
10633
15222
25795
29835
26453
6405
21633
9303
4645
17472
16652
16445
5408
17793
29677
1009
13377
11181
28672
6190
8546
7423
20265
18845
26522
25863
10307
9977
8393
9202
4441
19057
10609
779
4633
21069
18120
4738
6789
19669
29451
13420
20972
7022
17428
14604
21017
4359
8239
4177
8906
20403
13610
13471
2404
10647
26027
13011
228
2311
8390
29569
28185
9196
22479
10623
25617
32361
1645
2472
3281
190
240
12250
2632
9324
31973
21825
25478
31898
2023
15320
21034
7607
24760
29484
1049
10337
26256
23140
9590
31621
4788
894
18126
20936
12363
23515
29586
20006
18029
15870
3275
15321
26750
20625
15369
1405
24762
22184
4764
10097
26896
21834
10503
8576
26164
12846
21170
11201
22768
12226
14815
12987
31163
27249
30687
24269
12940
15142
32134
10958
27376
8972
24540
19952
23131
9369
23829
31978
21691
11722
11716
18006
17747
30640
30283
3671
19399
32555
27798
28032
12147
31478
1545
30449
7425
29411
16822
10691
25147
23656
25300
4519
7197
24667
12140
23241
2863
11770
1878
23803
530
32558
26468
25103
8792
12817
11485
11140
23449
7085
11565
31590
24770
30727
30170
9327
1969
7004
18618
25970
18175
18602
10340
5114
17949
20850
2276
23086
13219
25276
30899
3063
21988
9053
21990
22373
2502
1909
25509
21583
9169
32059
21471
14138
26501
22269
6460
11132
2289
5730
5459
6306
27777
31987
30494
22286
6424
1497
23978
6117
4190
11496
4883
1064
348
9949
29616
22304
2374
28388
21899
30720
30359
19806
1044
22214
16995
15328
9238
4194
13289
19071
5097
7706
25193
27211
7146
5165
2357
16665
808
13238
25097
27270
23648
21460
31135
19000
7980
26120
12927
21351
24951
6622
27157
27036
17716
25552
29701
16057
28239
27495
24515
21050
5348
9379
15454
30138
1968
6301
20124
31417
12997
8555
27980
28060
32385
7492
30680
501
6848
23780
6938
5125
2641
20786
22640
25472
679
15393
787
27535
29649
26836
10148
31771
19629
12037
4616
30793
20312
17831
25974
24129
2536
10442
31438
31796
18270
5824
31021
30365
3286
26750
23742
967
30465
18756
24531
143
3029
4481
31284
17003
21635
18673
27318
19115
21418
5128
32528
16127
11210
4243
3563
19258
2555
26013
22328
20565
10463
2703
16070
1207
32725
2460
5396
27059
29295
16732
25188
14931
5159
27063
26640
14164
21581
24581
19489
29809
9796
32371
8990
2789
31214
681
19490
21803
6245
18346
21297
6152
14572
22267
19916
15563
25125
5383
26051
212
27524
3266
1611
15955
13059
7821
24400
12882
23319
5722
13069
25590
9443
27920
8665
4353
15020
14641
26692
17308
32398
4794
17250
30036
12653
28234
28519
25442
1582
13191
29812
30767
29990
4797
13745
28183
25554
24009
30364
3949
29897
26678
19105
14272
5104
12965
8938
31325
4845
25970
28280
4629
27102
24212
115
32321
28746
22213
12478
28931
8791
25060
27343
29390
17982
20119
7870
24360
1533
10548
18587
7854
20812
26082
517
16985
7121
30203
20984
25601
19351
19637
12007
28703
27581
5890
26379
15575
30571
10932
25338
4662
20746
28901
30331
1976
14773
20374
13209
23309
23786
22166
29686
9244
17542
13222
3170
2633
18672
12762
24236
24307
20884
18498
15800
16705
31123
31690
22482
12063
27832
6239
6978
10115
4271
1363
18721
16885
20081
14595
10859
24398
4099
4023
6997
22464
18016
2505
24800
18966
2996
13578
31918
28733
13770
17761
29460
7428
27848
8373
14194
18208
6682
25101
12991
17779
17324
6134
6248
8334
10076
16934
32091
7540
10927
21086
25950
26016
29378
13461
15014
28746
14468
8786
25509
4327
11555
17754
27427
20207
708
28043
28304
27362
28023
24072
18073
13453
12394
30102
7673
5770
2909
13894
27282
31494
7253
28757
31932
28102
2453
5200
6365
8044
1994
28795
20282
11767
4230
23924
1548
22154
23791
7700
27095
29806
30905
30358
14327
29017
337
16123
6011
2801
25947
29868
29751
4492
14431
3938
4117
1082
28351
7491
16044
11781
5613
27214
32532
10359
23770
14072
26616
26461
178
16919
6636
12747
29126
10752
11265
11360
17610
26860
18071
22731
17472
28833
24691
11918
13876
10574
21010
12546
10794
22454
13116
9884
25429
11920
14044
21870
13065
3886
30990
26865
22387
15710
29562
25857
12936
2702
3041
18985
27963
15411
28917
20257
23283
12651
14702
21397
12604
3040
31066
28712
26556
24560
16820
18361
21610
12300
15929
32229
22522
14174
25975
30413
11931
18351
28455
17433
14565
16007
1212
25405
20749
21910
24636
12538
92
21074
19791
13864
10463
22754
16534
12724
30559
26171
31037
997
12691
13705
24788
24291
13461
5328
7514
24697
14227
27859
2459
31002
9927
53
1981
17442
10921
9694
25109
13663
12131
672
11839
16336
133
1562
26221
22956
19706
11997
11519
422
10043
22990
28244
10608
21954
8396
21728
10622
1986
3218
17279
8716
16917
7646
18953
28002
6261
29139
18471
1879
1776
1435
12901
3604
32662
23890
11656
16410
117
4639
29729
7047
17863
2980
14946
660
27753
26777
1073
2403
6287
23219
8571
20728
29879
31179
17611
4997
7387
21052
26651
17898
18923
12941
29674
29308
20858
31824
23694
12549
19896
31817
10700
24589
416
3539
7334
856
19826
3456
26484
27568
18276
24320
11318
3045
19604
2628
13609
7953
7746
13282
7064
1056
24380
29884
20725
29328
1433
21725
15912
27766
5290
28067
27943
4546
13102
30499
28871
14531
29125
17609
32466
28654
21928
30015
28761
19675
31638
22928
7243
11408
26386
22414
16455
18690
20939
19313
27567
18393
3932
11456
8446
9844
22837
31349
8539
10029
5849
12892
5742
9182
30283
22460
3698
27044
26818
19769
32395
482
22436
1529
16218
3209
9650
20998
14287
3991
20608
18931
10815
24542
17961
7619
22455
1799
17216
19206
28047
19158
19722
32325
28994
14768
7146
9120
7805
24666
2588
27318
27509
3331
23206
16837
10110
17285
27788
3090
26586
18152
11844
6028
14030
23591
25961
5548
14587
10807
7860
7071
15596
23366
23079
28071
26860
25409
18315
6591
31514
3992
10013
9598
20415
17477
8837
21309
8670
2571
12807
17020
14861
20987
25085
28546
32644
4669
3205
22084
8052
8205
23415
15496
16026
27396
9882
26442
26899
32153
535
16223
13426
26343
4397
10584
18448
29105
28967
5289
16291
19619
20619
1547
7186
2010
1685
8478
13960
2983
16099
30035
27080
27792
3442
4617
26048
16536
32457
9718
24928
22977
30836
11721
7852
2510
32180
30221
29968
21325
11381
29777
22004
11221
1664
15238
32657
13197
23282
4008
20995
1517
25581
23713
31391
1993
27789
5226
27014
22155
4894
14451
17786
15552
31628
4677
20977
20438
1562
24422
31592
6947
24151
29820
32250
31786
30287
7094
23089
5146
16894
12904
3100
29336
18186
18933
14498
23998
21681
20466
17685
23396
30719
392
3339
24478
69
11802
10857
17541
10184
3368
960
28475
13494
11124
5341
17961
9822
13155
9627
23691
17055
5285
25340
30511
6049
20248
3704
20089
17860
25834
14229
12715
9686
14335
13240
28515
8073
22162
18491
10086
17444
31518
15039
27035
376
17279
15300
18011
278
25428
24439
13288
1983
21929
6346
27962
26908
20947
27338
11778
25519
1946
17454
28649
30986
26270
14635
3352
5695
29939
3984
27646
8343
30991
20750
6221
14983
31462
22487
27974
21727
24659
2412
13623
24645
10426
13231
25154
13026
3052
16448
17503
30299
74
12806
24740
12803
27694
8460
19909
17743
1670
10383
14807
26250
10946
31573
32089
31177
9201
4672
24436
21538
13094
10530
28546
16153
21793
32211
6094
20571
2859
1409
19866
27055
11074
3144
615
29993
31606
29442
14960
12704
7315
32609
27768
9059
2048
29243
3781
32040
9447
22564
30061
5445
14486
18498
26064
15139
13862
1373
870
239
12634
13622
31163
19858
30921
8730
1975
19172
6976
15030
20515
1052
23650
17453
4969
18572
23697
29288
13979
9867
30738
23214
15287
4786
8555
29812
3882
3915
15120
7286
20114
26630
13375
19974
27848
21998
27945
1700
22302
8092
9810
2000
32741
2474
32570
27420
29235
11115
18493
15493
21219
31705
11192
3843
29404
10959
29293
16223
22167
6777
26409
22853
22235
3336
7588
21146
16075
23210
8360
4367
2851
17337
19317
28151
11967
13106
21093
11350
93
1386
16076
5434
13731
9980
25122
11854
3940
8198
1124
16044
6943
24469
20919
5619
11720
23389
19279
18841
31691
22446
16271
23683
29263
27555
3441
1235
13751
5533
14121
1026
26991
29679
2053
17710
9445
30171
20888
13749
14805
6334
1047
3074
12234
1415
9731
28839
6370
8813
28424
15788
9169
27874
2598
18471
3880
12226
17166
26637
25048
27089
8911
12872
3313
30820
16305
6410
23216
23134
17505
26208
20153
8030
29263
17674
23457
22327
9045
19338
4527
5537
3737
15739
10980
24110
21684
30500
6200
3199
5908
14157
29735
3255
7838
15185
32364
30768
21912
24949
1293
27245
6343
17784
24215
8784
9172
2924
22955
17293
7413
19652
17849
19551
969
23469
30988
4986
1923
20642
30727
25152
2122
5690
8622
32567
18400
26437
1384
15547
3458
29464
17922
24560
16656
7205
11768
29691
16750
1231
22768
23922
31274
24188
5768
16912
31839
12011
27217
6318
7897
32712
19739
30062
27001
11389
4980
26170
20443
16972
7531
29549
32567
9882
13210
6351
17285
30606
13667
19143
18405
23259
31865
23500
13885
11994
6562
22045
31268
20956
20156
7602
11007
29630
27134
28274
24937
9662
26241
2726
31705
7308
30207
11694
5758
22693
22490
5874
14958
10460
8544
16668
2048
15161
23373
6533
24694
12295
6289
19436
21216
25385
27220
30318
20541
24493
21816
22962
27362
12708
11230
22885
9504
2608
29355
24806
4897
27102
12492
66
21523
17718
21111
21858
9864
22417
116
5507
7197
6187
4317
19175
12378
1401
29986
6858
18138
15037
18767
10136
21676
983
26770
25437
14584
25438
11000
26237
2278
16111
12407
7845
21179
9669
23857
27137
7238
25994
27383
29360
8314
24941
13324
24181
4188
24437
6956
9903
23328
16405
13517
11403
16782
21504
5541
23928
14507
17470
27244
31707
24470
16512
15587
24580
3248
26545
2581
17761
13823
7885
3549
30706
14549
18934
26536
30205
17580
7109
31868
23043
27989
28382
14906
8434
10322
24007
8224
8348
14720
3322
12433
17000
21241
23352
12313
22088
27704
27681
21932
4587
5246
16642
20526
4147
17525
21486
17721
25833
29459
26896
11546
6320
29122
2623
12316
8503
21438
24787
26890
10675
25790
25015
12527
16269
29398
32704
22560
14167
28572
22589
28796
24069
11402
3536
3315
19034
13987
17788
6725
25248
5465
31230
13580
27292
28847
6497
8445
11713
25243
8397
17771
6564
30638
10912
21260
23728
8950
8895
30464
23835
10532
5423
16143
7192
18154
19167
4915
22863
5799
10440
26710
2698
31046
1336
4188
31665
1635
26475
19300
11000
18352
25948
32331
13655
17304
5082
12914
26427
6946
15582
17090
17787
16151
20508
23021
8845
103
16856
9718
5114
32713
19451
25843
23567
16546
17766
12050
7125
25384
902
8666
24900
18887
31273
20659
26036
11716
3472
7849
4244
26400
19141
25965
4702
27583
31279
3484
11210
18889
16483
31812
30019
8529
16701
31141
14999
24884
31024
30004
16114
19268
16602
19174
32013
934
11995
28074
14243
12153
19432
6967
28197
26296
19739
32009
2478
32098
18573
23206
22073
26584
6183
16678
7186
16006
24245
17394
28042
9413
25404
15052
31983
5888
13966
8464
3771
25622
22299
31289
23564
22016
18186
24486
31060
19892
18569
7071
5458
22089
13409
30099
9281
29531
7885
5027
19279
11953
16012
5477
8272
10525
18997
19425
4532
12964
16331
13024
2742
11743
19089
3943
10199
17057
15135
22398
3979
9179
17846
18229
17202
27836
31441
18153
31817
22812
11772
1732
27106
23834
16105
29571
25169
24580
30913
26748
23849
7800
31672
17119
18791
30665
25828
14908
5100
10916
10319
8773
29233
17652
20811
31190
17718
19202
7429
27442
10427
23009
9053
8592
691
18697
501
6102
9974
3906
15752
17572
25398
28356
19838
18324
1844
11420
1469
31680
15667
22353
21185
4997
18093
24776
31727
8583
28998
3941
24614
13045
22526
2675
24728
24335
17578
1478
28120
28645
17829
20638
27443
2145
19395
19407
23620
27527
25734
2847
4291
18684
25749
9712
17054
12997
5737
31519
23115
8274
16714
27691
19804
8891
7290
21402
19284
11849
688
15000
11449
7480
31175
4578
22634
20411
25272
29154
4915
3393
26054
9755
28063
2807
28408
1992
17421
15246
20172
27584
1286
19518
21290
10141
12750
29451
27799
29213
19769
29255
13227
8905
11456
30040
25285
5332
24532
10939
6141
12613
8563
16201
29530
25689
2040
7865
25926
546
26423
7527
16702
24181
6345
28499
26830
7171
7845
4205
8893
30406
21488
528
29317
3487
8215
460
1029
28477
24602
7528
32634
28224
31275
18471
22956
158
20343
21835
29797
11846
68
31704
8999
21252
13884
18330
26654
14245
26888
7017
32084
18011
20769
10412
32292
24163
31971
28
17649
2788
15332
8139
20760
8475
21635
8804
18722
2485
14276
29620
27967
14716
10075
11881
3568
7478
518
1818
23299
31946
10784
26760
7876
6565
14964
9508
14706
3164
32079
25041
28912
9619
23001
7658
26813
22045
11172
31879
22054
25189
14470
13052
17594
25868
14500
16547
32511
25811
9424
21468
28515
444
16149
81
3445
32108
2447
10879
11093
8916
8064
19570
14185
20752
9377
30671
18002
11663
16054
14616
31007
16757
19813
16428
5056
1597
21576
29197
22461
9635
19265
18406
30504
28865
18702
8013
13264
21112
15389
24517
32439
16657
9633
6535
11206
29476
2789
386
3520
23481
4320
28320
3701
12718
30219
15435
5944
1625
24175
13872
23954
12141
9730
28994
26680
2082
11571
13826
24635
19856
21444
24574
639
6748
5592
22168
17774
17815
32589
777
1773
10467
26955
26534
22159
4568
13853
15457
12297
25254
32576
13458
14823
9723
27066
20984
23677
6695
5293
26874
17695
30590
22060
14899
10645
30205
14925
17710
24521
22065
30848
14446
7619
29013
21279
8882
30167
5307
5446
18807
25373
11373
8932
18621
31266
275
20242
24590
4573
3351
27812
4285
30949
11528
19710
29036
2785
12092
8490
23248
14911
1722
28967
20921
25129
9558
7555
21068
29876
16670
7980
24723
22875
2293
31107
569
4013
3198
4786
1422
27202
23356
26175
14801
30195
7927
17890
31919
24906
13665
7316
16647
30776
3321
26601
29424
2054
18736
23455
23805
16270
29130
25463
29376
24491
12680
30531
9356
20462
26628
30017
8319
27539
4828
30375
9408
6835
21010
21119
18182
3003
2995
17077
21850
8476
29367
24431
13341
26436
29993
25756
23884
9934
21896
30160
25859
26357
29548
21583
10048
29775
1900
15208
746
16312
22080
22276
17938
10635
7971
2174
12152
3353
18811
28085
10577
8275
5564
24160
8519
31690
21898
21410
8642
24282
28446
28127
4198
1057
12266
3277
13789
6710
12928
11726
29398
13464
23472
1149
17997
18661
13040
390
2317
3149
6658
15292
628
17733
10192
28517
14967
25984
10907
2008
11493
27
5460
26443
16880
28696
23626
24806
12265
17165
1286
6428
10827
15389
28019
16442
507
808
3651
23360
6862
21567
15501
3825
23116
17243
11963
8486
29620
26702
18595
9319
13632
1785
29428
444
15017
1984
468
21697
10478
21563
28359
19961
22354
27694
27091
3940
2467
18108
1506
14164
8130
21463
1127
3452
24160
12795
1092
1610
13574
27676
6124
4215
9560
21469
1732
24796
12186
19458
15824
12423
26739
5928
13195
8462
7153
32435
17174
15139
8654
26121
17045
15209
18162
7678
22743
8582
28728
3214
22069
13690
23157
31954
5308
30511
7095
11053
9102
11344
18890
25031
16773
95
27137
14652
27418
27394
3634
20885
32645
20638
17155
6007
16678
4391
13156
27034
13604
31031
9565
12925
9812
18781
13322
19032
20316
18359
27364
13651
28696
4035
9793
4597
21052
5234
23839
19423
315
2174
14365
26298
14696
8446
6602
30062
21083
26168
31778
4500
10391
1718
18262
26415
19050
24732
1484
10390
27668
13624
6503
32437
26411
15067
22024
18805
18749
231
9557
17529
13752
23082
6073
25611
7943
16746
1707
32342
6910
27713
11316
5333
22136
44
21419
21003
27710
7646
1988
3957
9003
14042
25033
30653
22414
24896
24102
6448
5072
7655
23083
31858
7255
17581
7950
4976
29353
2827
7727
5271
5077
22765
17056
5700
30223
24512
31717
32379
2458
10188
26104
6875
16619
1988
12945
29905
25611
15003
14243
13837
13117
1946
18218
12594
7393
12464
13348
25298
2712
6921
10461
32409
2473
26081
12912
23752
21155
25499
9611
23525
29764
10509
16498
2737
9626
10015
11847
11867
872
660
20360
30963
15563
7719
27609
1057
29469
2778
12548
25623
20762
21131
9022
26308
7489
20680
25260
21323
19325
3556
27173
15795
20997
20554
11066
17120
17793
22546
11123
16578
110
30930
1756
24268
22979
1463
31680
31400
11989
17364
25525
19753
17528
22201
15832
23425
17255
23368
11866
2228
21478
9412
5948
23372
7333
20523
11862
19279
10472
8646
13470
11374
31205
24830
12967
2175
18285
9841
24168
32301
13263
20549
3647
30702
30458
4284
23862
20278
17633
19209
25732
12267
29476
12899
11863
20504
8684
24407
17872
20453
27670
20322
2127
21959
25237
703
7154
15092
22289
11390
12120
23578
14804
10454
26283
25168
3815
11708
6621
6221
15992
27060
18481
8151
17535
1256
25854
7039
930
14455
25008
8332
16213
28687
6415
1333
325
10686
32708
24339
28151
2053
15896
17877
19628
18991
5888
11830
18057
7904
16471
28972
8436
1265
4202
21346
30529
11899
9401
8425
14222
6706
26108
12587
26347
22261
3429
26400
28863
9635
3877
452
1383
27951
3633
20680
19487
13559
15686
8583
27686
6481
20778
30781
12573
28263
26678
26995
20144
1350
2833
10174
1913
18225
10942
6569
15137
6971
16345
3056
8137
18965
28445
21487
10920
21540
22314
30297
27637
28118
27525
9773
25095
5687
225
12262
1979
31679
28317
9459
8726
9070
27021
23398
4395
1564
31741
5616
10303
6154
16115
26637
20780
28348
14517
10876
32515
30987
1163
5106
13301
32118
10182
18959
7796
21177
14337
32401
4501
1697
13991
27848
23737
26398
17846
19274
18028
8602
6594
1511
11917
27785
19772
21471
7088
28481
30964
32339
14272
23564
13789
27386
32745
28796
27664
16149
11188
20479
4884
11941
3956
27827
18269
19419
32226
29308
22802
27344
27908
26707
14356
28022
25171
31713
24891
3023
27164
11084
12515
27740
7719
16721
16039
8409
32663
22419
9836
23335
10257
21298
25250
28298
5664
4000
7110
28948
6360
11184
4395
4449
7866
11504
32507
29829
27608
27961
9592
12355
31546
1668
21896
13696
3967
12543
9841
16118
14023
18273
14561
6189
17873
25978
11057
20647
3681
21774
8938
12123
21733
15587
3977
31334
18775
17945
2687
26364
1893
11194
30844
17828
25040
26770
20461
16037
32018
30529
10436
12987
32067
22670
31095
5135
19261
21502
9547
19302
13567
9894
16338
32153
27983
5181
10674
17733
11940
3701
27305
13507
1346
26251
27854
13403
1191
15645
32026
4276
27686
9277
13606
19855
32466
10179
12854
4277
4765
12263
15735
14638
6849
29199
18821
30388
12639
25573
26928
30056
25702
25773
9088
29123
18871
4310
18679
18638
7815
29646
11797
22678
30212
3099
28450
17626
15163
21928
8487
29704
2617
20060
5182
22632
9328
10481
2827
22934
1117
8708
2955
29237
21608
11112
11532
21986
19724
25024
1917
13159
15927
77
10216
26417
18420
18180
11837
12805
1607
1764
30801
18414
13400
18566
32294
19322
2772
16630
17261
2341
23953
2241
585
1814
15473
18767
29526
15625
7048
21619
22250
2189
18049
23105
9115
12655
9021
12576
32257
4726
1982
25632
23997
14928
10052
31629
953
6349
23221
13252
9650
3147
18498
5701
29428
25458
11848
10506
22117
10017
21876
10263
6597
16551
28203
32083
20020
20535
23849
27286
7669
18326
15208
6659
27505
7447
3395
2200
24959
10953
29915
32515
22754
3567
25530
3255
14099
6832
4022
14656
10818
14352
12056
24531
26263
14367
16382
26922
18621
112
24318
22415
417
5837
28940
22838
12151
26153
9374
21711
2047
20438
3598
9308
30726
23801
25407
29248
23599
9274
6787
27801
14067
14272
28860
17104
2023
12124
6850
8559
10301
8964
9733
8242
20622
10628
19572
22112
11223
12144
16285
2395
7105
14941
12053
10614
4645
27728
3610
4360
9167
23415
23671
14783
14466
4631
30376
23606
31805
19142
12607
11721
30141
15578
17286
12456
26179
3361
17766
18986
22167
14035
17543
4964
30029
196
13497
6139
10823
21214
16275
30518
891
32719
14169
6999
24310
22271
12579
31532
30241
4805
2620
6625
11844
30426
23753
14616
21064
13070
10155
28987
6593
24121
11686
9233
8492
7541
20418
32144
14196
19338
26353
30451
9404
13482
24819
4108
20056
14943
9335
13018
23580
29633
131
30046
17114
7660
11029
11691
22566
28849
4875
3133
21340
11148
2368
12427
24549
28374
1272
27615
9397
13628
1918
9830
25880
368
25355
6787
7855
5150
26858
23145
18613
15906
17114
21481
6279
8952
31668
18056
28516
32628
31565
24533
21873
18611
31134
29178
9728
14161
11554
30864
20753
4828
14464
24504
22041
20873
7018
16743
23555
24614
10949
3329
2677
9808
21514
19754
2132
6886
12268
32729
17290
31934
10299
13485
26119
918
13576
25989
7173
7501
29962
15691
3985
2899
9536
16656
15687
29790
15320
3934
1629
15966
10832
10697
9187
17588
2779
31944
24392
16030
15622
6595
13345
27126
13723
22381
16166
19997
1477
19540
7805
11058
23926
22455
10044
27015
3334
11415
5161
7509
18973
4880
4548
29358
15314
21482
19335
5556
4628
620
24172
27401
11337
6256
21680
11398
4918
6333
3798
15920
18975
11152
15856
20327
15151
27004
21274
7265
17178
18548
2119
25559
8192
24359
26176
25854
18325
29324
27625
31161
26751
445
15046
8461
6911
17416
27839
3541
1236
19779
30496
3511
29788
19553
16100
23638
14077
6211
16947
14025
11971
32464
31529
17229
27466
2632
24537
8502
18911
12501
9106
13612
24802
8804
7521
1427
14958
10418
30678
15179
8765
19882
3595
6810
2757
15342
6627
2150
19879
3508
6032
28584
19274
32211
600
6941
11715
12061
20120
22335
21241
32240
17673
28787
8710
4104
9026
24964
20448
5783
9598
18000
22328
30360
23968
26305
10146
19296
31604
28159
20471
30582
27192
8676
10231
14244
26459
11953
15667
27726
30340
23295
1835
3331
22230
14328
9907
31314
23923
8646
13467
8671
22846
9292
25486
10422
25574
6164
31035
4062
17440
2953
25267
1842
17715
19559
26642
25196
10170
9583
17250
25731
4005
9311
7868
21815
4994
31777
15792
5353
20731
22339
21992
8881
10911
11943
23303
18603
4837
30844
16855
25233
2157
17260
32420
29327
10122
4631
17123
30802
29950
2753
15896
15971
17924
20295
26102
4531
27028
4440
2503
6007
30434
14049
13582
13621
25896
8905
9579
16159
20645
30175
22464
24737
4325
23569
28818
29494
1092
14814
946
14207
13486
19982
32540
9366
14760
7072
15647
16800
31636
12292
446
15777
15408
6538
26455
14741
2145
8731
32386
30908
30511
8743
9532
27445
23056
32734
22853
18126
17001
11939
2502
8731
82
17085
11319
17861
32410
27984
6272
10277
8202
29836
28766
18193
494
31781
5641
21494
18386
12803
30228
26151
21642
13114
10388
10101
5237
15676
11652
12032
15618
32590
18536
32333
9586
8248
16177
21656
7392
19521
97
19563
24959
24410
29807
30575
7460
32666
32365
27779
2820
15338
28648
31755
10942
770
29712
32394
9372
1684
13848
29044
17173
24262
18144
22077
9623
486
1490
1974
4228
25689
4362
31129
32379
21717
185
5730
22232
26833
29131
12129
28030
3385
9159
13070
12244
3941
11767
7580
8973
12876
4042
22481
6061
9205
8310
30740
13896
26415
8673
6600
18829
1410
31426
16088
27012
7525
23555
28563
27668
8369
21867
3259
16072
22358
7545
2008
3539
31309
4243
30162
23633
31438
11104
12223
29135
18882
1138
30202
16654
13179
2344
18805
11268
9123
466
28496
18724
25970
8471
21162
3551
13348
8852
14519
619
12203
15558
31506
25283
2465
27178
15445
20719
32384
19874
19176
31877
28437
13851
9750
25456
11826
1389
22886
4080
22180
32386
8744
30690
15716
16059
4942
24898
21522
26255
11133
28654
3998
13686
4452
16556
10057
7429
27213
13679
16332
3930
32497
22230
22230
3258
8849
28406
700
13433
4162
16729
23148
23834
12937
1094
6564
30648
2343
32579
21857
17061
8502
29401
21657
3920
21365
11671
24876
8044
15585
29274
9497
23886
9605
5067
26605
29591
18834
26920
16514
2068
14514
72
3813
7650
16282
12505
21144
25302
4062
29933
12538
27675
6666
10933
16387
9757
19950
9099
26932
31654
13625
9270
30926
30791
7242
14954
11587
27130
15682
2959
23274
17925
8542
195
30710
21794
11396
29730
9385
27356
1819
17221
965
11324
23072
27400
30532
10661
4470
4241
5448
20477
6270
7054
26965
29965
17640
17853
21950
811
25545
17330
10589
2070
7405
27349
15751
11041
8302
30890
12351
20116
21125
24405
3754
24655
27041
15197
964
7600
12982
22192
24400
20151
28632
23783
2325
15464
1288
9420
13383
26225
26446
13081
26436
15373
520
23171
11137
23592
1665
7415
31171
8388
22981
12836
13970
31131
5300
22329
21226
23046
19030
19440
25909
15901
2158
8395
20086
2848
18002
15005
16327
20246
13817
12109
13317
9139
11094
24535
12746
14463
3556
29587
27035
18485
2179
6330
1123
32105
27522
11814
13856
2670
29949
14937
26845
30839
29545
21441
5088
29180
30317
24123
4900
3168
499
16853
4874
21712
30592
32472
25675
9326
10688
17158
19505
32687
20070
25632
9479
1281
16947
25515
25294
11954
21331
24564
20529
27661
1520
5714
6075
21958
1794
23211
27976
408
16740
10297
27577
14636
18733
12174
31468
6205
4413
1494
20972
22010
7958
22877
26980
15787
12526
20305
29274
6808
2562
28360
9497
6950
22828
15620
31855
28484
28088
28406
12569
9733
11892
21506
2428
3726
1798
24066
20886
8243
16258
27277
3891
11741
29244
12665
18020
26799
5083
31902
25133
30185
16815
3293
5502
7180
19013
20578
18532
19263
9272
20005
25985
1265
18249
27319
7098
26304
7090
27195
26671
23705
29624
21426
31856
15905
17280
6525
21742
23380
2851
11036
5039
15468
9988
21564
29510
6405
31330
3313
26115
19070
10281
8000
13671
15778
19982
17888
13786
10120
30170
10305
25248
439
12550
22478
30218
4494
4745
12912
20969
32484
31470
20051
19528
15851
27305
21228
13403
20570
20139
25403
9138
8651
31540
32077
28594
865
18665
29446
20294
2735
2086
24605
2258
22485
16021
16744
15465
1772
25344
4442
7743
20645
2915
3530
13665
7724
16710
2805
29347
5203
28745
30663
13274
23020
8961
30550
1868
7542
514
13232
17253
7677
18749
19926
18092
15163
10125
3848
29685
20739
15500
16195
16087
25056
10411
17673
23648
21753
25474
29280
27656
19255
19556
8989
11492
20394
10551
4194
4892
26409
1922
32102
20895
17209
13256
8564
11285
7217
15125
29495
9494
30363
10966
14644
23705
22492
749
920
12975
11800
3589
29492
625
28496
5155
29126
2358
13261
7038
16250
19978
20418
11153
31152
7516
12333
18030
32512
27895
32510
3157
21627
15412
21115
15749
28724
17517
27619
3666
3328
3508
18769
376
27513
15301
3812
15535
9289
10042
2845
2944
28581
5886
23176
1110
1559
11780
28319
984
32385
24889
31723
29302
19807
2487
4972
2114
18764
26427
27451
770
22728
9945
6766
643
11576
16878
19516
32560
12078
18775
11874
3810
32747
28896
7876
27642
13346
28415
23640
29358
11263
1219
16192
2208
11368
16903
15414
8885
7555
23019
14125
23844
4728
7045
26933
22989
32376
25299
23968
22733
15102
5620
19043
16207
17236
664
18367
164
18778
12214
11040
7575
1923
30589
2373
11770
29728
32140
9121
10373
14817
21861
17665
23777
6552
27935
20848
21503
6465
4188
3415
2734
9280
6011
24553
14957
233
5903
5310
9341
16197
9103
24766
4923
1299
32079
11841
1453
23310
14510
29813
14683
24430
13969
7679
1632
433
273
17125
16832
11163
24689
14763
6652
31612
15443
17340
8676
29617
7467
22796
32173
17261
25075
22268
26179
3258
32289
5758
30432
19386
21462
11641
30942
17203
32344
24431
8650
4682
8386
349
30649
22415
3322
21730
20447
1338
22244
7844
7005
19124
10197
31728
30299
14170
26187
15264
11607
31357
1499
15938
11452
25773
4970
8566
3767
3639
20896
15000
15174
18156
31130
9375
20114
13092
29663
25925
14718
14851
7574
28009
20608
10491
28150
30897
15536
12434
4093
4211
798
7782
17509
13782
5737
30830
8148
30516
9869
23938
31059
29891
8957
20254
7425
6261
8946
18531
5896
1308
10242
18014
10961
210
28404
9613
19060
24216
17107
30879
8819
11069
1601
15484
3495
8578
26382
3461
1402
10619
28681
16925
25175
26424
27926
3688
95
7333
21889
5458
7262
25263
12434
2772
31997
32168
10338
19315
15417
20717
16108
3337
17683
13766
22887
3271
22921
14733
5588
24187
13510
1811
7891
16655
7574
32575
29114
7250
32028
17656
19176
3068
19911
16453
11351
7148
30338
23731
12913
6579
26155
1784
11045
8022
839
11733
9017
15184
17396
19009
24034
22999
542
12995
27282
21344
24566
15904
19729
17509
20640
31030
27599
4710
6444
29736
14457
16942
24008
27323
18122
855
3892
19456
17828
5392
19574
25908
3679
26654
3278
13284
15969
8737
9708
9044
3822
26137
609
14626
24386
1576
7252
29991
9437
666
4214
26782
13855
31266
23864
18568
8980
28518
8763
32591
4241
1982
29703
425
18816
10041
6145
27327
31352
3554
15511
9103
19345
23105
446
6542
19574
5412
26014
18578
26299
10911
27019
7152
19057
29777
824
27361
2296
14569
11815
5163
21013
17641
12644
31997
1860
170
28019
30490
6480
10144
18055
21049
25632
1248
32501
7340
31956
22751
5607
22337
9745
19581
32341
8294
24216
5442
16945
6800
15902
12007
26082
4573
5208
19992
8180
9464
32341
28792
14606
30013
26128
11750
10276
8733
8262
12031
16109
5060
7301
27875
31384
22778
23430
7740
19643
7239
8124
30077
28812
29787
3117
5224
8275
5036
9601
22739
16159
7009
26968
26283
19128
5487
28641
4921
10710
23042
19369
5540
10896
25630
7088
8376
17687
22918
962
18917
30372
18909
32516
24971
18607
26891
16590
8309
22626
18658
6072
20131
29261
22018
1784
18252
5723
7161
2539
32291
30725
5295
13809
27098
20165
1794
11902
30692
2766
14509
8046
28032
16890
30574
12697
23027
26884
15720
11688
32276
11511
29894
16679
19726
230
7841
6619
27234
13278
24867
19285
18731
8985
16621
12999
20646
23668
2487
19735
10737
17699
10806
13106
6931
6308
1859
12451
4925
21489
2617
10340
19536
24826
28319
15347
9630
5714
4871
26793
7157
24361
20789
3912
730
8058
8580
6611
25362
10373
3462
13218
8807
20864
13803
18357
22696
2186
28580
14665
30194
28640
15432
2729
7726
23379
8630
26183
24027
16890
9468
15883
7182
30756
27767
29931
28086
17808
19772
18108
11813
11233
18359
25159
204
29004
14226
27040
8262
17300
15064
19635
7833
1848
5211
12832
31416
9963
3411
25161
12108
30532
6727
26792
7859
695
18225
24423
73
20932
11997
6442
13031
878
402
7472
6314
18927
24308
10650
24566
8106
1833
12298
23994
18529
10043
112
23797
29352
17597
5665
1913
3481
3250
15146
19439
9930
2474
30179
25883
25724
1326
29895
26209
28693
6238
27778
29064
25809
12249
7244
31167
5812
1757
27766
14301
17859
23984
23362
13293
4467
28478
11256
2026
16482
27139
3126
16327
12357
28715
9096
31410
545
25336
16696
12698
22207
32101
7272
18159
12122
521
23133
17321
18074
61
20254
25995
30150
29825
11326
25257
31285
18460
4598
1576
12037
29699
13943
2629
3856
19196
6013
21400
4892
12035
27176
29082
16466
13805
15624
2150
31474
331
118
1980
28996
19857
26923
21323
13010
31864
24843
16432
18388
7840
31298
3002
23788
16506
6290
12144
22291
32357
17643
13909
25555
9239
24381
30570
22968
23359
8842
22901
32001
11624
12095
1025
31898
23841
4036
8614
15183
23131
27474
6026
14650
22034
23301
22056
12669
14640
5426
10064
16439
686
25338
7535
9392
20732
5151
2065
29655
6819
25879
4516
20207
23081
2911
27263
29317
12596
23570
9507
12709
18163
16570
10176
12621
26042
28262
22267
30754
7148
4861
24046
9826
25630
27857
14192
27162
6265
119
23703
921
13664
24791
15484
28196
12115
15743
24894
235
24596
11069
26186
7228
20232
23276
9177
14071
22751
12942
13242
24642
31352
31899
13137
2429
17150
8601
26336
11385
12632
8173
8709
8676
192
13809
6532
15368
10417
29254
583
31158
5127
7788
8611
25980
21346
14223
13021
29982
20171
27044
17901
32068
15002
16565
31617
3441
21398
1145
16965
18484
9823
29224
31074
2978
26121
18573
7236
32259
5642
23133
23457
21196
2902
6855
18359
23502
2248
22604
28629
15020
31428
6609
6940
18066
5659
20979
32391
31268
24110
23706
5161
32181
22103
31441
30646
8634
25220
16597
27717
23934
6949
10859
28500
9751
6217
18807
32013
12696
30723
17099
27080
31368
9235
3389
29904
6035
6850
9980
30826
15232
16142
13604
23315
29027
29703
16783
9738
26900
1913
2799
25870
26591
12235
6937
13161
12669
8487
6052
6701
32067
32220
179
9150
19354
9728
21007
18576
12207
10841
14969
6450
24940
26238
23870
18828
11174
1593
21003
357
2712
31280
22275
5672
3728
8132
26895
4583
22248
8250
13941
11168
14648
19224
8109
5311
26826
28626
14960
16357
12878
31398
2833
1256
8143
22725
26640
17947
6374
26547
15341
31439
21294
29680
6458
17177
9975
2776
21748
26838
7231
9160
6931
29165
17374
25730
12640
10196
12544
1235
23687
14422
9944
5491
7021
21395
20115
11820
11459
27464
2443
18238
4828
30544
13246
16899
2491
25451
27262
25807
9073
2623
11114
19994
32422
24988
24476
8929
19317
15364
10020
31817
4733
17259
30901
22662
29236
4411
27039
4859
18047
1947
12797
10146
28288
20465
16688
17839
9391
8869
30348
30064
7469
15401
21072
21880
24149
9014
13020
13052
1939
9304
29214
381
31353
9900
30542
30119
6671
15848
4315
18298
5227
7581
10917
24487
27266
20921
13420
29757
10814
24656
19592
22660
3793
14492
731
1065
31560
4930
18437
5532
867
10198
23766
21431
30372
23458
22025
29344
8614
19875
2095
8176
14768
25557
28649
6677
9866
15793
27226
22261
7823
12275
20956
32211
18692
11680
21234
14455
23208
16968
3455
8073
24716
392
22069
17983
11557
4052
11343
10552
7072
10355
14211
1191
7541
17611
25138
21939
17983
18655
25571
2846
18891
22806
20463
10533
8303
15678
31869
25768
17821
29904
21937
31115
17591
24694
28961
16476
2085
9418
30089
18230
7846
10849
10943
29157
27363
24328
17897
25930
29002
7245
17901
16897
14361
22338
29737
29250
28089
32125
23909
3845
18766
9059
22277
8298
22924
26535
25731
15703
13772
12301
4381
20067
17759
9076
4555
30707
4386
1299
17268
28578
21330
21763
22881
16615
14754
23037
20466
17650
3467
30822
30608
20950
14052
31368
11234
25837
19634
11811
2884
19576
10305
31524
17013
5255
11892
22452
16527
15129
17241
15732
26429
28547
7168
1031
2856
24854
25230
17618
22706
24828
24717
11263
28903
23395
9094
23240
21168
27614
20434
16114
25674
4359
5549
919
12535
17258
31884
32553
12020
29598
30897
17076
8618
13237
32508
11875
27688
4055
2820
12102
26577
23081
19302
2642
4946
28147
26717
22698
11736
11779
6291
6429
4735
16972
30775
31471
26637
22739
22096
17884
30944
28108
27729
858
18213
24319
13293
19743
12619
20081
20268
25827
15031
6209
14015
31079
19642
24528
8849
15542
960
30756
24734
12202
23754
11151
3592
18099
22302
9867
26215
19412
24124
2537
7521
8686
4117
26667
30332
19777
13176
12846
3887
25904
29389
22284
3903
21316
12037
6976
13129
884
32465
27403
26010
27044
11794
11287
22855
107
20881
21083
23419
9497
17137
15422
20235
29945
6370
6655
1616
4051
28567
25684
28469
25525
5497
9809
17807
26099
28701
7820
16301
23917
11635
31615
26928
8720
5441
14125
8221
30112
3792
22025
26673
22964
12006
3347
2165
1794
25075
4932
10002
27100
1679
8748
22373
18427
3108
27098
20054
29564
27112
31740
12518
12072
527
29255
12552
10232
17726
21529
27826
10200
10818
32605
17203
26028
19970
6320
5319
5777
20402
18113
8297
9317
15690
15614
29672
11657
9271
22893
8765
12773
6736
22999
13340
4397
21259
27692
1737
15971
5361
7715
3373
19614
9039
28705
10025
14601
28719
3932
810
5678
10886
31552
15870
31861
31919
6674
13542
25575
3864
211
15852
19256
9020
29287
14966
20485
23249
23030
14364
7258
32578
17555
5047
19831
23903
7707
21178
14292
2388
13664
9926
11362
7895
19335
20344
8980
20902
12975
20102
28318
25137
16340
8714
23933
19091
5106
31005
27703
14279
109
5800
27876
8985
2736
22135
18413
8154
21268
2191
14868
12632
25348
5826
13236
15630
9824
10368
15690
27927
5150
14576
1333
5865
18999
21311
31418
31295
8385
26937
6731
27735
30808
30742
20233
17246
18371
28566
3463
5673
11477
3920
3025
9253
1168
11846
15021
31121
20113
8382
25632
9194
24488
12365
4916
2727
10182
23093
10489
16423
3868
18417
17098
24296
11905
13837
21969
18169
26388
15675
9166
20402
7459
12708
27923
16802
6732
3196
979
11465
23266
5081
9373
28423
19091
13509
14372
32469
13383
17297
25153
20019
26954
5741
571
23009
25518
11830
2117
14546
26603
24975
17480
16350
27081
15923
4579
3511
14464
5258
1457
4894
13853
24954
32714
27479
7719
2687
18316
6362
8067
8190
5275
31307
19861
6614
10534
2988
11432
16953
24940
18386
23952
17082
23679
15893
11405
1958
8776
12364
1907
28056
27340
19705
7944
27976
27309
22976
14254
14756
18676
25118
27970
1058
8717
15959
28227
23380
15379
1712
29239
22461
20559
18143
28490
2787
3579
1472
21305
25765
14923
30025
17262
719
4526
24256
10349
7916
20049
7979
2158
3675
30692
18441
30027
2213
24738
14399
4509
10254
29579
16725
28962
22634
14324
11490
22627
10290
11842
13893
8083
12247
27123
19606
15545
854
3294
12509
14610
25101
1979
17537
5552
6349
17381
7171
25448
18992
6751
10731
4587
4397
15381
5635
14899
12777
28517
5316
26657
19664
18142
21262
10084
18405
13640
18972
22428
25174
8932
4022
3007
9812
26613
30376
30908
11553
20606
4980
14175
26987
3406
31044
23925
27608
13882
17186
12848
21986
16810
15723
461
28389
5463
17281
21619
3958
5202
9665
3167
22263
20041
11189
12094
24424
13318
1674
24282
25472
30008
18372
17657
2813
27510
12336
30338
20792
13953
27418
4578
14844
28105
2497
7342
18584
2867
21256
25738
27955
29466
15214
26441
23648
15764
6464
1622
1267
9462
26894
2386
6162
15770
13915
13310
22415
23263
31896
29532
7797
17778
5204
26129
22496
9932
173
17422
22546
19964
12554
26991
19396
12711
2828
2211
12730
21325
20673
18382
4762
26573
14107
19819
27390
26924
16545
54
31688
30098
12389
32329
29878
8085
10550
3973
11574
5050
19734
5939
24443
14137
28911
18667
6608
9217
14465
9397
23084
9724
11935
32367
2055
7572
11675
5231
16493
27510
11263
31081
10321
18838
16765
21906
14627
13683
30761
17157
15269
20380
15846
18790
25850
21619
2590
15558
18943
4657
2999
967
7391
42
29506
2305
26850
23379
11637
23460
16518
27649
8667
17246
4561
22771
18890
19327
5349
11155
13206
2395
2261
27001
17924
8687
12983
26417
22529
21192
21243
14398
28820
545
1275
24670
17170
6732
15570
10768
15249
13395
22386
18004
12190
21982
28913
6578
1843
18007
29988
23165
29155
16205
7791
25689
31832
31766
22235
25851
6655
27833
12137
17968
30466
4107
24999
31009
9847
14615
3968
1749
215
17347
13656
2551
18097
31921
601
30170
23455
16484
2823
20154
11642
5540
2587
14149
7114
18211
9102
30553
29568
16480
24052
24592
21224
12748
17931
12538
2521
16428
28820
25257
18991
17214
20065
31347
15482
22431
1712
19315
19704
18412
19383
18641
17601
4391
23936
19779
834
1629
12023
31700
27628
22406
24898
7653
23597
32685
2384
8817
15776
24145
29621
8853
2177
10
23221
3919
19043
23152
17054
27782
1317
32568
28764
15690
31266
2720
11847
1374
13736
20750
21311
1011
28332
4083
16379
2999
3771
9718
18078
7182
30260
5711
12427
8095
20661
23408
22139
29715
3539
19691
32461
7961
21006
7312
30237
21678
29699
11989
5655
12955
23012
21116
11917
21823
19238
7023
1224
10638
2681
25839
23836
8282
19453
16109
17087
9938
23475
19128
476
2120
2098
19161
2018
7479
9627
27195
7714
27524
15566
32400
12953
7172
15070
18927
8970
26943
13507
32706
15953
27507
4943
4319
28659
26076
15204
757
18937
31027
1635
22314
24831
24437
7911
17410
11912
5349
5556
18051
28052
4692
17130
20119
9589
31904
18303
2737
22238
28027
17131
5811
32573
14701
4389
4624
26186
22300
9423
24877
27104
19404
20909
7694
15373
16674
7004
31790
18277
10285
23617
9134
11675
3495
22719
18354
5202
887
4781
31753
13360
17275
28935
3596
24116
28549
4067
25800
27466
4771
19623
11359
18973
18340
25210
20651
7981
10455
11000
2853
11041
27926
22314
2053
27486
22019
13493
26283
10456
21394
21329
6462
26920
200
7805
26515
30176
24002
16242
6480
28187
27384
23381
2897
5720
2499
432
13386
23176
17949
24355
23726
13925
28072
2135
3536
30726
6131
28980
31817
4272
1016
25684
29081
26608
28393
3767
30993
25830
18476
29624
21488
8676
26276
23871
30924
32312
9010
7225
8755
581
31867
11589
12435
18905
10220
5552
25431
26810
13308
3236
11603
32130
8113
17564
10338
26285
2918
26907
27725
19953
26315
9374
19695
32206
16429
17103
17303
13669
6392
17147
1966
28301
25466
28358
6810
18980
3561
18718
19169
5795
16040
26989
29330
9461
9670
5907
29921
24458
1992
14611
16145
22439
26024
28172
20631
15616
26141
24684
3708
29576
25629
10976
26115
15240
18080
24847
652
8174
1448
4231
6840
7912
126
19959
6350
16562
2366
8864
8797
4269
18837
28166
17187
11440
25802
4075
16174
24226
31483
28285
20545
29769
29098
11471
21113
18781
9592
9606
9264
14305
26927
32213
15650
25267
30214
25771
16590
3681
12577
21034
4128
31806
27224
23388
7756
31669
30777
28193
3325
9694
21840
2412
21423
30543
8870
17839
30297
15413
13191
16788
3920
675
1672
18158
12392
1833
20425
15343
24412
20393
30840
13467
12656
26726
14230
14460
19028
30558
10238
4248
16972
6618
32675
12704
14222
16451
19481
5738
3819
31799
22615
7841
10162
29916
8123
17852
1746
30068
29262
17964
15678
18994
11850
31962
3478
24396
13017
8400
5379
22098
28704
9014
31587
1470
14460
19329
28326
5836
14091
25575
28023
13708
12143
2582
9503
1845
27342
30757
26279
23228
30237
22987
30525
18341
5535
463
16346
12058
4520
5055
8225
21306
16551
30181
26761
30899
29283
8055
16318
18067
8325
5902
30533
22619
2135
13657
4959
13909
4555
19
2609
10280
10175
12594
32289
5546
25983
15970
30595
27125
15756
29873
24949
11453
32156
31884
19975
17889
21473
23018
17824
7999
14734
15559
9629
6349
26264
13780
21050
742
12985
9069
16310
4833
1979
27339
5810
1512
18675
20859
30683
26119
21516
2830
8904
9604
32518
20243
1061
1135
14205
2882
28434
29817
10031
1530
1478
28426
441
1262
5496
29069
24481
19483
27007
5135
19097
2301
22968
28168
24322
32258
6184
15736
9904
575
482
1078
4333
10593
30507
3973
11200
10215
32477
7657
623
18319
14601
5945
17730
14
25824
2804
7818
2052
32212
26840
22754
29231
13306
10161
15029
10975
17331
20080
15104
27050
28811
4988
29529
27488
10081
1613
29489
2114
3017
30518
22614
31342
29870
4482
20667
26782
7228
23491
27004
2322
1788
4711
20253
28875
26177
4236
25363
25338
31172
15126
19077
13496
13451
8702
23123
6391
10511
19436
1112
26809
157
24585
10732
15232
509
8718
30637
25605
27474
29858
11904
9516
9025
21986
32210
13112
1365
2625
21284
21819
19874
27026
17094
15057
26537
611
28130
23054
9340
1933
2493
27061
7203
15369
27706
19371
15933
20741
16800
31659
21994
27191
20380
22074
1257
15474
27018
19422
31230
31351
31216
21643
26263
1037
17739
14174
30638
2900
18959
31374
22001
9302
25065
3999
28961
29407
2119
4056
6840
27279
27162
7416
13262
21805
8922
14885
29245
4926
19147
12581
260
19158
14976
22480
32745
30895
10141
18885
9827
6008
32481
27229
3510
20847
8035
17117
26208
28722
23323
4336
7348
32466
24741
6484
12485
21034
29250
4819
17797
27503
3616
15733
11054
26888
27611
31220
26849
31135
29507
30064
2445
1400
4192
15716
12307
513
2227
20441
13992
9131
13759
31705
23930
25081
18632
9767
19606
470
31707
17965
27913
6700
21518
12086
23877
18098
22793
31197
1223
32006
26053
8645
2807
14331
30356
11147
13648
27956
6242
26361
28864
242
23866
8573
2642
11306
31244
23769
23306
2267
29101
24091
27408
14494
28959
10448
20498
22911
16659
14965
19171
15627
28844
6702
26728
5546
7558
4283
10676
3631
31991
7335
30578
32686
2708
30402
25731
14733
32759
15058
1001
4062
31168
2182
21988
9196
28122
12459
4186
6932
22272
17058
18044
14295
14719
3602
13223
2349
25917
27866
11656
9243
6394
26954
388
7047
27350
5266
16727
10828
6675
8570
17147
17290
11805
5972
22475
32063
1735
12591
32488
2332
16856
15694
5852
12177
6598
4313
21117
299
8641
25553
29972
12831
755
10569
6591
21543
7943
14292
2580
25228
15336
22074
26631
21636
7371
111
12046
10687
11375
30917
20611
9533
7331
31072
28489
10850
7946
6634
32434
28748
6939
15753
18592
32612
1387
7438
7915
11571
15407
16752
15363
2680
3324
632
5847
30583
18386
23997
11765
21139
857
14803
3570
29983
30314
27072
5900
29298
2769
1199
17934
19769
3410
26089
1140
5906
7914
26880
17360
11862
19286
13901
26732
3637
26842
13213
18225
25865
9531
27944
15047
25828
25613
2755
5118
619
21045
9558
26989
5608
21158
4239
2649
4762
10350
27864
6360
18512
502
5511
3893
25398
18821
16213
13463
7662
24327
23314
17630
23010
7949
4247
20430
4569
23316
26107
4975
23241
9994
26378
21939
26348
8206
24818
346
16150
4216
1600
2579
9798
5401
3851
23524
23419
10180
10607
22987
11721
13068
20030
12198
5803
4944
19953
31568
20123
10485
10725
4365
4064
24563
3524
24360
31656
20627
32064
13530
21846
23927
2568
28782
2077
29402
9716
22691
10958
19225
25987
9554
30190
23666
18056
31568
24588
21516
20256
24470
21585
16952
6375
26015
14169
23543
7276
7442
11841
30140
20706
673
23554
7027
29720
30769
2301
27073
3755
2107
26839
3214
2170
30834
29318
1729
24922
28582
32428
10058
25099
13032
8228
20326
22891
15855
27355
28190
14826
15034
7394
21777
11070
7287
24001
19060
25688
24996
2061
31831
24982
16756
12605
14634
19258
18548
25529
4479
8219
10350
16180
18194
30874
16269
29500
11526
30168
6851
18447
23921
12582
30568
10673
26651
16317
2084
26939
24195
7856
270
10358
24867
6942
12053
9128
4597
2732
7840
19886
4150
26674
5489
29259
24938
10421
25551
21184
27552
23702
20708
28829
25847
28936
9828
31446
23649
9671
8047
4377
16295
2824
16057
20831
686
7083
20456
25538
19448
18360
6205
30862
19053
777
31351
27802
6236
11332
4596
2009
20413
24589
2330
2604
13241
3193
12021
31354
4972
22725
4129
27651
18921
13640
5867
11761
32638
10150
30387
6448
4154
10055
26261
28800
15277
7687
28488
1737
495
24879
20549
8110
20964
13989
16428
15972
27837
14943
3172
22213
8898
14365
23554
5280
19791
19800
6637
11604
10781
26485
19007
28573
31683
29247
20206
1453
4989
19092
24491
7551
10283
18782
14602
27496
7837
31430
18148
15087
9997
21924
19962
478
21485
1849
22746
10649
3556
10016
27655
687
2323
26498
17748
5807
8092
5514
10897
19517
13669
32280
2921
4452
2329
2746
31371
46
5744
10968
16904
12658
28081
23854
5884
12782
9333
28031
12401
19861
17325
14984
17792
9514
22246
6196
14009
16910
204
8718
26310
7255
14573
4603
1610
18209
5824
28457
22287
14121
19942
10563
10849
22424
16303
29671
7861
24860
17888
30297
24719
10045
6836
9081
29346
20463
544
19954
16696
10595
6235
19637
1236
4643
27038
17318
14358
10078
14121
25748
9440
11648
3462
15471
19639
26374
4113
24757
12396
19857
7608
4398
15099
24889
13056
8665
21427
547
11592
16678
23447
2134
21330
28261
6661
3530
18175
13439
23701
7874
17498
31972
20036
17500
20952
3780
18898
7527
17887
3714
11112
31092
17796
4454
25982
10800
8345
6546
23804
32497
12007
3639
20639
7822
4792
1032
20383
13172
1177
27119
911
7670
3165
28159
20868
8421
19301
11947
5753
15457
15391
3125
754
10990
2765
11881
23008
13515
27528
4746
5829
19839
4484
13709
16152
12212
11157
11909
25323
27464
2546
19807
4299
6562
20794
4559
16616
11330
24244
3722
31606
2460
16859
3254
15954
27687
28442
926
26089
14257
4052
14507
7510
14581
5031
7056
6602
879
26354
12996
9521
24943
29332
11317
15378
2669
18679
26171
17079
5020
9294
1226
5519
20161
6682
26349
30928
2886
10227
4207
11104
28042
32133
23515
8438
20604
10201
2216
10109
25960
470
31149
31673
1553
3591
14299
4396
27903
7582
3370
4411
18458
26809
19412
21901
22904
31717
5570
25012
6772
7904
14403
8207
5376
6308
28676
26094
26428
29856
10557
760
9543
11593
4136
24522
3412
24529
1463
28641
16897
27958
19590
31418
32485
11391
527
55
31592
4675
14365
15429
28632
29034
17027
3516
28857
14647
3341
17543
5212
21639
3511
6916
5811
3667
10013
24237
28515
8060
3891
3065
3611
18888
3638
24957
12580
9255
10722
11863
2618
31804
4326
24524
9627
28952
23189
4656
18269
11081
28382
10502
13060
22035
10878
12905
4436
15869
4980
6571
26724
14480
12725
27963
23028
14683
24610
15308
7168
14394
10679
19635
24470
19672
1797
14225
6628
9075
4066
7987
25493
11999
30047
5046
25182
15310
22522
24559
28883
18766
19989
17930
30848
19091
11943
28528
12853
13815
29746
5103
16545
1343
19445
7189
22818
2848
9570
17116
28380
16898
21970
31373
5129
30723
9336
6366
1423
31807
21139
3677
5336
12623
29672
11538
25566
10511
11120
16992
10117
11684
8270
2093
25646
23486
16131
12611
22665
12827
6885
5365
2730
14925
974
15877
11104
11964
9233
24773
17346
16878
15026
31869
24842
27398
17878
11277
12967
23435
12664
27091
20109
619
24158
19151
4048
16448
5451
29957
17265
12497
14967
21795
6008
11740
21820
22372
66
28435
16402
10164
2077
27492
5309
15637
15634
24445
10437
13377
12546
7568
11815
15761
16373
2643
19530
8733
4270
27468
17716
9253
899
27211
31486
16048
875
29240
27013
2162
27993
18702
26723
15859
456
2856
18718
14062
5271
27580
9630
19191
28440
24229
29413
26977
6244
3941
11258
26719
30705
18794
10534
20329
1638
13712
30563
8418
173
4328
17426
26359
20810
16568
12524
1994
9196
26562
9275
9424
22338
24777
26954
2423
16656
16978
13594
27917
30850
20392
25430
3037
6848
31522
32649
23451
15810
23976
28303
24322
1382
18292
19530
23739
3776
19990
20886
32129
9649
31675
22142
5507
30907
942
17584
7433
16147
8223
3630
7259
1272
32036
31815
3807
4676
21757
27334
385
8001
8604
17257
28759
19389
1893
19860
10117
3169
23858
9799
11103
574
30106
29774
27598
28841
3443
11447
18165
17737
917
31625
7956
26222
15841
9395
1964
15268
24450
28995
19940
9353
13427
31960
24619
20955
30273
30554
22815
13525
19987
12008
12717
30908
14311
30226
24186
15029
11038
14921
23682
29657
11323
24211
28928
18827
11240
11908
8333
14345
22330
32105
8587
19266
15669
17862
19908
23016
28051
23811
22351
30405
29889
3938
17588
3154
22827
14388
30799
22150
32185
10829
18170
12012
3481
31925
25062
24312
21824
4000
6090
27803
11435
23968
12608
5397
22251
27930
27755
27147
31456
30199
23518
17625
6469
3995
11449
1065
9196
31515
6165
18373
6731
23978
931
7849
20280
32597
5519
23389
15345
25073
16299
641
1119
17489
1481
1961
4252
26044
872
19564
24498
7581
29844
5560
30630
7037
17927
27496
5813
25391
28820
5657
2525
22858
9158
12089
19615
29661
964
30560
22020
25437
32375
26340
14046
18402
31727
11432
27984
18067
28163
3892
4496
4959
824
25611
16364
17135
229
4408
25611
30936
2196
19755
18806
17940
19626
4291
5462
19379
30795
28588
3456
30158
20088
19179
20654
25277
17530
4535
25615
19081
7044
1163
14851
31396
15764
11897
5663
14808
24986
2241
29304
10366
15068
31906
18974
28912
14233
14192
27878
23617
4844
1255
16493
7979
15860
9151
4697
29512
25650
18560
24546
20613
3890
17048
13970
23253
11630
30635
4680
22562
111
10538
23683
17033
13877
14375
28893
19142
12761
23400
19158
24301
18289
31674
16595
2396
28468
10887
28775
15341
13279
26283
16336
23408
24663
9092
6341
8024
12431
17992
16495
6580
2476
3484
28853
31585
32103
5986
5820
26750
7347
30930
23214
28961
23968
7372
21691
584
6272
23660
4958
25363
24648
1504
22242
4656
14905
17782
9764
6038
30911
9465
8346
7798
15769
5438
12692
27502
26426
13818
2242
769
28015
20438
31735
5188
28995
13510
13868
31705
1056
31382
22472
29473
27190
17350
27679
16302
23584
2711
22584
30455
3013
8806
9939
10832
28797
25401
21930
3865
7798
13208
2040
30517
11605
25758
16952
11710
29216
5199
4911
3062
4187
2604
20012
23169
9841
16901
14991
21202
6486
6415
23688
21732
17259
20790
15137
9514
2722
24244
18303
18120
8674
13283
18788
17923
31149
32591
29945
1782
9216
4112
3531
27783
12154
21591
15123
27546
15809
9798
28986
24197
22818
23301
5276
11459
19831
18450
14733
6892
2126
13016
9625
22244
17479
24196
30224
5203
958
11284
4035
19798
7850
176
15368
31605
26565
26174
5892
23764
11502
6705
13097
6573
5835
32417
5629
24061
11186
8609
29213
15230
31178
20173
17026
26582
11373
24354
11012
11022
4305
15123
16924
4677
19944
17112
10222
15014
21380
4362
3719
18583
17599
19309
5987
24371
24986
30221
10802
11259
13284
31884
10459
23240
862
26042
9410
1541
21788
25958
31047
30490
31278
16500
28559
19243
29056
14128
20358
20483
8447
27106
548
11595
10749
27555
10480
11776
23767
30574
20163
15908
4053
31610
5583
28851
23889
28359
1759
8664
3356
9463
26080
2401
11549
5216
12193
20849
7483
16991
9431
1396
4734
18927
1636
27992
21872
12410
26329
10491
16330
31983
13625
8159
15692
17684
25856
6437
21485
9502
22371
4025
30516
21887
27098
5834
10982
21247
19932
25213
14561
19726
3561
18658
32328
20056
25550
20263
5088
21403
17445
5899
21946
17589
17179
16534
3603
1026
13942
5127
18296
2020
14550
2063
2606
12963
29242
30780
2256
23672
18887
8120
58
17380
25797
11315
20134
22598
5867
32030
1557
4781
10204
25370
32241
20715
4593
29616
10224
26347
7737
17730
11323
23108
446
10049
4304
31757
24586
10913
28708
21748
22250
3722
781
6026
30578
25937
480
3297
20545
1446
8406
12121
27911
7183
11189
26551
28484
28821
1196
8311
9298
13500
2686
9060
15525
28089
10723
30053
2130
20192
7723
9370
23758
6236
9508
15527
2040
20002
10814
21840
29786
23336
11501
28487
25260
29905
26191
4929
23706
21164
29199
26447
17608
3679
32393
11884
10258
16350
18478
26194
13336
10721
25642
30611
30458
2708
7749
11236
19552
25744
28167
24252
7102
21514
18208
7198
19414
17482
18695
8626
3966
6495
4576
30235
28579
8722
14499
2693
13966
26136
12923
6781
8294
9356
10092
15878
29942
5788
31289
25065
28337
19074
1925
6732
4851
10934
24632
902
24458
1377
804
9522
29045
10261
23017
2946
2283
25532
32021
2775
3744
3279
912
24974
32323
19401
24888
11292
23115
20954
6344
24413
3315
17887
17662
15657
23171
32146
15613
30505
18642
22270
22512
29672
8201
17975
5104
27181
26793
27463
9256
18057
2768
17515
10806
3884
29368
20608
7893
14844
24192
13752
11705
10473
14639
16529
2235
16506
9974
20232
30262
19628
9909
31753
7857
10237
27841
7979
23998
22724
23269
29850
6689
6339
14758
340
26933
31487
5835
1945
396
9168
27933
8092
16598
18228
31084
18559
18692
24936
24786
1406
30893
23994
3132
23403
17072
8089
23845
16986
10523
8686
8101
24477
24395
8367
23979
7155
22357
176
30598
27132
16037
27069
9643
20720
11749
18151
18354
3985
4129
8475
9377
27486
1320
2041
109
10
17205
31970
10942
9004
15310
5203
27379
12344
2029
16754
28006
20654
24414
32743
5617
5265
8040
20461
23473
28443
9391
14505
4617
27567
31833
17594
17130
12047
12400
11537
32338
6351
13191
9731
17171
6410
12193
668
25814
3667
15438
8759
4959
16366
16407
23627
26387
18497
284
24200
5815
901
10492
12579
14970
22209
16373
21870
16438
25337
25421
12971
29939
30882
15088
17698
18349
24410
29274
17265
10583
17878
14519
11812
11807
28188
3145
32133
21492
27122
21771
25013
4677
31638
4756
18684
5900
28335
8509
8286
21772
32132
23174
623
18262
5740
5302
18536
3602
5509
17858
12665
18556
18089
19824
5217
20525
17310
10940
20285
14748
653
8315
27037
15844
10422
3390
7389
29128
30049
31353
14003
28148
22808
9957
2564
19589
3347
4130
25084
8140
16116
16289
11101
17999
9397
24257
18455
16401
3294
22072
16666
26900
16123
31925
19048
15643
16461
6340
19822
2228
20672
14833
28052
11126
13341
11568
15123
20360
7041
4220
2054
14947
17166
18879
5061
6872
6112
25842
110
30804
31298
7557
18116
10083
28706
5889
7229
26483
23491
2284
32598
3547
2738
25069
24106
25115
12539
9776
2883
3941
9372
3340
29872
20317
27962
8675
20823
12830
31763
27722
14477
10109
8244
25450
22500
11665
2796
12454
15172
18547
30848
1407
23358
10050
20768
2228
26012
6762
22042
7853
29757
16166
12110
4377
9760
1092
27874
22999
20158
27689
20791
5394
12189
12308
30491
24241
28706
10407
10304
7918
18343
8099
30700
2628
3533
28403
30195
22671
9491
4332
3555
30575
29608
1491
26238
15341
24190
12959
21869
22369
31392
7425
15154
5011
26821
10402
23391
6688
3877
14764
1285
19231
9611
24715
8048
26373
18348
29429
28433
4038
439
13863
9916
25917
2861
32370
6420
16590
9203
26615
7747
21578
18342
3247
494
12306
11054
23470
3431
29824
14486
30120
549
12930
32026
12980
6258
16264
15746
13648
22116
161
9391
11941
21262
28896
16500
14349
14839
26373
16551
26067
8908
24153
11383
30522
4433
18138
511
18368
12701
8344
29724
26019
9351
26207
14972
29093
28764
2966
10232
11276
27091
4455
31524
21230
10562
30497
7460
13739
24593
2522
17089
8635
8815
22360
9148
3242
31045
18482
15457
8032
20584
9522
19808
1702
5395
3070
3545
11494
6292
5879
17334
16690
2885
15458
13885
12168
9150
10438
12005
28245
17993
6292
31849
17719
16535
29965
11292
28935
28081
14433
28028
18711
22064
23828
21513
18872
8369
23718
27480
10240
26244
371
20835
21194
16548
4056
19235
1277
8428
2711
1889
19730
19335
5757
969
11728
1193
16706
18496
15450
18044
12208
27767
24428
4958
30471
7104
5090
14409
9633
2849
23162
5010
16082
5543
13018
13271
11794
29437
18389
25395
30046
15421
12522
29363
6875
13062
27917
23054
6589
32463
31403
32656
23143
21627
12520
15448
30163
15405
15915
28867
18485
26973
28636
15656
5851
22828
10092
12998
19800
10996
8342
4346
5601
26404
27877
25270
20727
10315
18551
4142
12359
23154
11264
14548
30926
1199
16401
27015
12352
20727
5531
775
14763
17972
18351
25773
9559
26775
27271
12121
14322
13360
27594
13483
27881
9660
18444
26230
30745
17854
14740
23153
2727
27089
17507
13872
24364
8252
17266
5971
20758
31175
23354
19454
843
9677
30073
28553
23055
5267
10804
16248
19495
5080
14840
15533
20286
6573
32102
27868
25481
12679
28143
20544
679
16275
11227
24460
30155
3657
9616
9765
22300
23108
17425
19598
16988
20561
16581
10019
30920
12742
2170
7435
31808
4885
20393
31592
26024
26784
15355
2256
31374
21967
18189
27905
17933
29280
15984
16592
14577
31231
1269
23139
5403
6679
31015
10656
10280
20967
9496
14565
6477
6360
7009
9722
20101
16142
9572
10052
11503
15421
9940
28987
14449
24766
23160
4126
22178
7394
19499
2533
14567
21126
13352
23671
12764
25831
6020
11293
31221
31416
20988
13878
10085
9842
27889
23597
23870
26860
26545
23209
30170
16939
21752
259
11387
17531
29111
31997
2606
23998
6419
3761
6645
19205
14769
14535
10276
27229
12337
16619
4364
24300
11000
5246
25303
15164
31539
25996
22195
9686
30488
5119
25907
11283
20847
14098
31217
14127
2642
23304
2681
22431
23857
18205
5218
23204
20505
24509
18110
24097
18485
30964
23221
22186
18325
11558
24428
15325
14382
3072
32044
20213
26658
13742
29632
12188
6978
13902
22558
13057
21969
13733
21834
12587
17547
20241
29816
15501
26086
9663
12401
30682
22680
2334
22583
32282
29529
15764
1260
4350
2538
15727
9968
368
854
1566
28234
1647
9592
17825
4681
30234
14781
31806
15466
5386
28460
26230
6781
28645
7587
17207
23556
29488
20067
19027
7900
13669
11726
26417
3871
10054
19056
3011
15944
7792
17725
12215
30104
28211
22297
20466
1977
673
20382
570
26018
12773
28953
28978
31418
14295
19925
21644
5184
4045
2717
14714
22506
8371
10876
12133
3532
28510
18375
11490
16764
19229
24157
16610
32372
10385
2862
25640
11191
7871
25850
32513
19128
14948
21083
30511
7543
7048
262
23078
30701
4438
25166
30587
16554
10283
20714
32665
25789
24045
17399
31414
17108
28830
13121
11269
20900
31537
4286
13613
1419
21660
31579
3579
14708
25902
3835
9299
7932
26147
30141
14445
31187
16246
7806
18750
10852
30710
15520
9523
19384
27548
29961
29477
26775
15388
23662
18314
3057
12218
10961
6632
12413
29279
18504
11920
21408
27884
5889
18568
12176
9934
7811
14281
24761
26067
31798
6058
31328
59
15654
20893
20102
5395
1284
14361
27919
7870
9838
19927
7715
5077
4207
3393
23509
2609
13642
17448
3842
4165
20083
22453
4988
12465
8671
1186
18280
21525
11389
28585
10725
29987
22021
6717
19695
23289
4592
3961
7810
19885
4551
23894
19714
31017
27809
11808
19162
29241
24552
5675
13668
4578
3419
27074
8969
6902
23129
12128
7337
24037
21596
547
17980
20182
16068
30845
31418
16886
11734
25389
24377
16912
21252
30829
12629
13663
24174
16237
21717
17568
6570
20481
25740
14442
8128
14998
19068
16578
22137
11371
9026
23275
3290
9214
28846
18811
25323
18884
24497
21172
24253
16668
9596
14608
21162
1414
14310
8734
30943
10256
25870
24461
26648
274
3650
20102
17835
10779
2592
16704
22728
21547
29179
9934
25343
20003
24193
25915
25090
20345
22426
6616
7853
23344
31635
13269
11587
20232
8571
7439
17147
29426
31437
25897
1211
7366
30800
8926
13091
15416
30268
32661
22477
25353
29598
8502
22483
7546
22781
26173
3986
12038
4670
10253
23470
1872
32709
30598
13143
859
733
2009
14282
20217
10586
15259
23834
31366
15485
2073
4144
6357
14103
8940
32272
31083
26353
11725
24671
21227
15724
21674
29474
29138
4965
4601
30665
16228
25691
3404
26988
13543
17620
18469
18004
3854
6140
3340
4797
21944
18576
21728
30938
3035
2298
5739
10778
7098
24254
13368
26026
21343
32020
31913
18491
1349
13014
28740
18693
8533
28573
16974
2060
23059
9256
18331
20898
10778
509
18340
31533
19910
24146
25562
32042
1328
15405
2362
28274
12895
16843
8226
17596
10172
7487
28259
32356
15047
7259
24471
6507
28425
31699
10165
31678
19785
12704
29666
12475
15107
13987
7562
8177
26134
5003
5040
8487
6333
13560
28290
4512
2496
19168
24881
20126
31980
14131
32255
14629
18368
20410
154
9985
3689
30533
4776
25867
19697
20997
16035
11943
179
6455
1255
16017
1554
20994
18185
23770
32362
27555
32107
3629
21063
2247
27405
18519
9173
30776
17318
20486
17816
8380
30708
9169
2397
25659
7248
6265
31601
15903
7557
2671
24080
8448
14306
18582
31008
22401
25742
7241
4640
27765
12572
4768
8283
24135
13663
27375
4449
8600
7040
20112
12727
14121
28237
13795
3534
22780
8660
7826
24370
694
2609
30490
23044
22856
13476
25479
28330
13774
22247
16254
21445
22455
18622
385
27747
551
15311
25455
24183
2201
9652
29770
28038
3785
4175
30525
28066
32721
17501
13278
25244
146
590
7088
8054
24917
15701
26860
31255
21170
3259
6785
26434
25010
18296
29017
4809
32560
32260
21214
18430
5765
18027
13501
15979
30564
3744
30185
7875
5890
26899
18660
21528
27770
1925
4922
32077
27761
22555
26190
4815
26613
30898
30040
5248
21163
29811
11439
21492
13354
32679
20036
12000
18594
9676
14191
19919
5313
7656
13295
15127
28887
14621
556
26124
20280
8062
27838
26227
16866
20257
7475
5178
863
4469
3085
18278
1773
23254
12811
21580
21469
18527
24234
6148
12345
12288
22506
10523
24233
30416
10069
136
29591
8612
14398
12001
1426
21472
11079
29135
15600
12429
806
15808
1720
20908
3752
4059
28351
18890
13301
7225
25872
25557
279
11346
29329
5422
9654
16821
8420
22015
14885
20733
6540
21455
30627
10496
16465
12884
17882
23113
19685
20104
16812
13001
10183
14335
8495
8649
3688
21623
6390
6179
17037
25009
9875
14514
18676
18815
25689
27911
31546
31775
19047
12893
28924
17607
226
13007
1085
19585
10113
32457
29959
16185
13903
31421
28757
18196
23468
21783
32305
20996
31637
6258
6938
21914
13350
11788
168
1307
2909
25719
24947
11733
10785
20114
7216
11699
18563
3768
10781
14352
12099
25143
19616
23753
29334
260
15914
1430
18982
9645
27234
23962
10843
20878
29056
22328
729
8520
31478
17449
17994
17775
6998
13259
8029
29571
20848
3004
30478
25378
24250
3752
12329
11131
32502
17759
15369
5382
17166
32299
27814
13171
4931
22112
10191
23520
7302
564
24499
19278
11558
18129
29862
4438
17580
23209
25634
4888
23300
8202
26892
14965
8925
28146
28985
9598
19281
23332
3121
27179
1225
16251
14131
16977
19739
24447
10873
13262
18166
30262
3004
2310
8320
4413
10747
11668
19773
29462
9849
17209
5939
28612
12037
792
19276
30613
11645
16166
1275
17472
4245
6108
23842
23599
4565
14895
52
24606
7393
14785
28567
22245
15357
23385
29260
27538
11728
25489
30929
20923
2152
15822
30790
17427
3455
3957
208
20794
5117
2908
4923
27354
10942
6527
31203
27375
22676
9973
10452
870
7568
12834
26928
19434
6525
26413
21457
25083
31662
24756
24368
20288
8186
24767
1157
10782
32004
5619
16432
9353
18368
16649
29016
32026
28722
20094
23762
1634
23417
14475
22340
14463
32525
17751
23178
236
16709
30060
2648
17566
17180
13927
27681
18508
30516
11764
22072
29454
10779
12538
23094
7977
24526
15123
11931
27945
10875
31295
23480
19761
24203
17113
12236
12944
18400
32714
15981
9620
17499
29436
28457
10147
26530
23058
24430
7559
3104
19286
7079
13322
30029
24306
29608
29379
26415
30820
28236
28975
22305
17452
8284
25092
6611
15815
27315
26817
12946
20961
25504
28042
10185
28871
28556
25395
200
9499
19677
13211
20677
715
5914
17979
29472
579
1359
21758
23788
7138
26547
851
10154
14251
10376
27521
14679
17726
21571
5692
11690
4102
27885
4213
25751
9139
3273
4982
23063
21739
7223
29485
11051
16956
7896
18120
27678
24918
23539
32643
13323
27767
26135
25022
416
17446
17922
5203
23841
6436
19650
14886
23472
29344
20762
18942
26571
25770
23591
6291
29462
2794
2371
18664
30043
7058
7466
5850
23759
9873
6236
12281
21399
21770
18626
3736
32394
15620
7827
2848
6457
7523
18553
6058
4908
5655
23280
22988
4719
12435
1775
5810
32590
19584
9163
9585
32092
17587
4184
23449
30138
24669
12113
10249
5781
25730
762
20488
27633
22957
11267
657
30117
23009
20400
13805
24231
31442
10551
904
14730
10325
19050
30205
26181
790
20373
32115
1334
6025
2730
32300
7015
291
27035
11611
19471
19913
7176
12342
19292
13705
15386
12621
28271
31368
32431
24602
31913
1339
11959
3801
9765
4314
30685
25242
17285
31762
17515
18836
17138
4603
12903
11196
26206
24393
25602
2454
14092
26566
12084
32075
21075
20480
28832
20989
29599
20286
1469
9559
24504
32185
12855
18280
5447
21257
29843
19633
26262
26846
3603
1660
24727
22000
16857
21872
9000
13625
3918
2659
3733
11617
27589
18799
27230
3194
16220
9032
26939
19437
10531
22732
11870
4276
20097
31964
14328
31690
14803
26731
21246
24288
3157
13524
31789
10578
1862
12401
21068
8537
12359
361
32177
15746
5381
27337
12550
12895
29207
26583
10061
2172
16682
4515
17186
20116
29275
734
13120
15365
21732
11759
16455
22402
29435
22852
10173
30216
25847
13798
10322
9747
24501
17489
9064
23313
570
31618
30674
27927
9881
26193
31196
16595
14871
11009
11404
11202
24718
12566
8232
26786
26383
22886
6648
12331
18891
31859
26957
18938
20788
8952
3523
10702
2655
11458
4802
27894
7853
22977
17483
19466
20138
26975
8433
21722
5173
17424
11557
164
12258
25387
2999
31370
9628
27384
32666
10818
27791
11018
15080
22288
22085
30927
7973
30449
28942
6245
21192
32281
27046
10159
20471
17056
12306
16297
20627
18553
25547
16376
15220
2467
19230
30918
30454
3747
22995
9932
17588
27441
2829
30128
2707
29490
4721
31890
11523
15334
10378
26850
24193
15715
30316
19316
2144
10306
25752
15318
12490
17304
20768
17889
514
26408
28940
21902
22251
26070
24827
5387
28878
31839
10510
28942
14936
6216
14337
14186
15330
2836
6555
992
9462
32186
27721
28471
3854
14422
23046
13454
23966
4639
6269
16626
24405
7577
13426
24876
5280
25868
11358
476
16241
19252
7769
13772
8254
25658
3389
30334
1100
23267
265
21255
2349
13832
1667
288
14728
4678
21026
1147
26392
9206
2602
24659
26103
5471
31769
1863
3357
5419
16706
32104
8227
10520
5816
24721
1613
6384
27757
19191
29384
1467
28571
17408
25136
307
5219
13145
4438
14712
25269
2627
20799
3333
2671
5933
23664
6883
713
14216
4456
8988
14576
23511
13935
19315
4593
4613
10894
7250
17369
2556
10207
18948
18970
18547
31495
7716
31025
31751
21504
5462
30086
10382
5148
1333
4500
7336
15686
24204
22345
26006
26251
24520
16560
13648
23002
19373
25549
28369
16136
30793
5577
19638
30743
18982
18767
22023
4792
28612
11317
5461
29454
28998
18527
17925
7093
26732
11232
27627
14083
29889
23651
2331
17806
16406
6602
26107
5614
10030
13332
8093
27076
23227
30852
28748
27643
3209
31231
26213
23629
31994
14519
32105
5129
31922
27910
19791
18452
13971
31132
17439
11310
21996
18653
7612
23415
23789
6533
3585
10802
16223
32398
20752
17608
5522
5715
5607
16400
31638
15605
30517
32461
28845
15870
30315
4217
19201
18756
11541
27969
5011
12049
10347
13136
24180
10112
8995
18768
29495
10538
4490
2606
22950
4866
13267
24094
7860
11646
8879
25824
26035
18168
2590
5441
6599
28499
1668
30180
21403
5857
22527
21314
18258
5252
24568
5872
20161
22292
7416
9249
25563
17921
6333
23915
8044
5434
31886
14286
4107
4173
16331
32498
32073
8399
9416
11952
27439
5118
30683
1492
29160
25509
17588
13857
15802
1600
30189
21910
19259
2657
4834
29936
13249
338
4035
32624
7706
31996
25576
18398
10109
9479
23140
26318
22721
10051
20700
20002
31693
1863
22682
13776
25936
4440
28125
17894
1714
29836
14707
8651
23626
18478
4234
14535
3025
101
9924
32709
18198
5649
9865
30808
18164
26102
9121
10493
29313
2844
7170
27296
1673
14453
31462
12129
20795
21953
21025
9879
22049
25519
15794
25109
28246
27461
9624
24749
14579
31873
20967
8691
28618
65
1306
10051
29783
24928
4267
1542
10483
20770
6113
28464
27211
10962
29930
20493
15633
15017
29737
28734
1009
27634
22993
12543
20935
8812
26035
20907
11279
17136
18772
23937
20892
12115
17475
9896
22926
14734
23209
29297
15998
21020
23074
15069
10747
30116
8395
10591
5178
7640
23197
12002
3081
14749
10489
23822
15109
28780
26755
25799
31245
13560
2356
24055
2550
27409
11435
15502
17536
9416
32452
5831
22921
15060
31852
8364
27777
17460
7348
220
9758
12566
4132
25228
3665
3320
2641
26828
17016
11277
18865
26379
23509
18402
20911
734
6719
20289
2811
8957
10007
27990
15908
20366
1150
3088
7272
26535
31941
21962
19147
20494
9765
31275
9062
32579
20145
14922
8450
2752
25736
22
10469
6527
11855
1270
9964
24509
26591
19372
12250
2046
5946
29055
7664
11601
11716
6809
23486
19157
18864
32174
20792
17532
11192
21214
9996
27919
13585
10717
21555
11634
414
27473
10694
12586
29284
2427
20756
15388
15422
9242
28657
3479
20177
9100
26449
29845
10179
3895
24597
31038
26152
8999
6692
16302
12861
26872
12734
2040
19801
22519
20237
28523
24096
16516
29693
22292
19706
1723
23630
4995
17604
28755
9192
18898
11205
2501
10094
7652
10467
26289
21269
5611
2326
16766
21431
22317
6430
15938
24099
8199
18289
21729
184
9010
8824
9848
13106
10309
1786
16892
6339
5499
4825
7198
10342
18103
12284
15986
12144
21957
19340
29137
25191
14307
3427
26620
28696
21632
9153
10369
19172
31043
30529
17635
7259
20303
23308
6133
5900
13766
3405
5255
6810
9611
7141
26436
24083
589
351
28635
5246
31937
3622
21853
16307
27182
29173
14822
9584
13615
31120
20864
6824
19381
21682
24644
6430
11851
30790
25539
21299
1182
28889
27556
14844
23356
14672
25998
10648
28316
27094
24648
12225
10079
21273
2590
8352
11221
22966
28295
28134
10947
9713
14086
29720
17251
31658
29518
12842
11949
20109
11433
8016
3541
26248
18586
4881
533
10370
32449
29597
29100
22346
26112
7776
7719
24781
23772
16087
28639
2957
20774
1955
6851
6222
10970
476
87
11282
24135
26279
29437
5704
26992
14091
15988
18241
16563
1536
6558
2787
28328
10441
25990
23457
27468
16772
23969
25003
28255
22528
7508
29281
16650
29902
7863
9230
21189
29339
5785
18899
5496
31165
20932
27617
25824
23051
30593
4075
32053
14066
21855
26076
17674
14789
6193
11461
28276
15957
5718
25625
13166
11714
3901
7452
12668
31632
1063
153
10383
30973
3631
23763
8489
29330
21896
20415
15809
19449
3591
24944
15209
3598
7393
8915
26030
6968
19381
9372
448
32250
11469
23168
29907
1477
5281
16037
10692
9745
19612
18775
31232
19372
25379
4348
7586
7249
15572
9802
26331
21628
19211
183
19607
14205
2987
3889
2141
17867
13851
16656
19319
11676
14734
6985
20308
10674
28808
11748
17706
17016
11678
32176
26847
9549
1405
13877
15146
1568
31277
14314
9974
16189
27543
22184
5639
9062
28997
23647
14559
13862
362
9224
1507
15970
2338
24794
13242
26417
23034
26049
13046
25326
4275
268
27382
17547
22851
16485
15882
807
13341
12551
6361
23523
8370
28715
4352
1522
20792
8131
22268
27888
19370
4971
32586
25973
7184
18845
26316
4073
31744
1316
13935
23962
4965
6867
18955
27659
13951
18294
32395
10896
17707
8713
11085
32279
3941
32296
19148
22345
25355
21191
5756
28370
9955
31011
6645
7164
9952
22520
340
31107
30113
20213
9950
19621
1851
30317
9191
25208
26936
1871
26867
22400
15328
32600
8474
32129
20663
21895
25777
21394
4678
21202
32550
17523
6430
25367
19500
7968
4635
29269
28696
32166
23014
10780
28555
3638
29117
9026
27218
29304
12663
24536
32138
10529
23234
8540
4360
13768
29104
28464
5112
31478
32370
24907
27843
31356
7267
815
8247
28681
31304
25371
29666
31227
12245
8577
4030
17526
3188
5306
25364
27315
17219
21753
20634
667
6235
17534
26078
1685
29528
26636
8680
4508
31510
9116
3867
8596
7864
12115
13405
21470
12271
22706
8568
20522
29305
25613
6847
21900
17639
8766
10228
7635
18084
3738
2665
2838
7987
2340
24166
21391
19128
257
27595
8108
4026
9004
27126
20068
551
24939
15079
21448
14232
25986
24994
26074
4311
17574
14293
27553
15519
1844
9915
25213
22434
22691
26432
11705
19920
29624
3430
1119
24791
7928
25319
29008
30694
19811
21788
6547
7351
14175
31261
15598
18892
32755
28970
9395
28153
14901
8778
29917
18722
25350
8497
4955
1606
8956
14183
6572
14012
27808
22951
1196
4797
19162
3206
5806
8995
29609
31829
8138
14448
29463
19527
8313
21266
621
24791
31327
24806
24483
10596
9063
29690
14618
11550
3861
22167
398
24358
16920
8319
16454
32241
17439
12659
12685
494
25582
13560
19302
24424
433
4955
31356
8109
21392
29683
11096
5488
22659
13478
29654
12396
28008
31406
28890
13386
14419
16541
11327
22213
24101
1439
7952
2316
13920
512
9211
28775
28985
1262
28162
21022
25583
24447
22388
30359
28508
246
7452
18366
13514
10306
22968
11945
3335
20167
21933
29821
30140
12385
32504
10891
26874
5286
7528
23999
21270
15724
5898
6459
6839
7820
22757
31807
28461
17125
14312
26444
20740
675
24097
1161
2265
28353
6192
12133
109
5580
5882
32638
12792
1514
31138
31426
8640
12316
13237
13011
5609
4288
9124
20912
143
16730
28024
22931
20498
22419
28097
7189
6577
13698
22735
11416
21083
12075
23077
20966
2497
10565
18475
15126
23472
5441
16419
31664
2974
28295
15966
4881
32387
7427
1712
784
1770
24800
28961
14817
14151
11155
28389
21306
11915
2588
23439
29877
4854
1160
28289
18806
12076
5819
24743
24845
25996
9836
6757
30109
28093
6769
32205
23870
4233
30525
8470
10913
21999
9383
3401
16627
22899
16621
21822
24323
14521
9464
6343
26022
20562
32225
18475
23899
15062
8117
15318
32555
17971
30069
29774
17619
21316
12897
5737
17445
21414
10358
30654
22956
22983
26678
20313
26255
28479
3495
24243
9655
9572
24222
9953
23604
5144
7741
32267
26845
15078
14779
6432
30519
30798
12899
24008
22937
2908
26848
4250
20109
21376
11703
13200
13688
17049
15125
10423
30334
13651
31691
27947
8608
9651
17303
67
2343
27632
23717
19209
23366
389
3669
7149
32507
31364
319
2746
14390
10541
9333
22728
22333
8127
30727
8564
30543
1166
24781
28365
4231
27734
26976
1680
24836
11983
5226
855
28999
27009
9248
3597
14300
9434
31500
19365
8253
20350
31248
21259
30963
990
32680
16219
3326
19468
27759
12882
27767
22478
20709
23298
10356
22769
10351
21705
1580
31199
17823
29315
27996
8820
21430
18943
5609
32526
4455
5040
14534
32227
10462
12965
18456
13976
18689
30907
29336
28687
25590
31506
30265
14464
14053
2749
1548
17355
32511
9662
18272
1036
32703
29745
10797
12400
15983
9671
8371
11848
5871
17270
31326
4188
3506
18799
26093
8322
777
7505
24275
10095
11172
13468
2525
26316
29269
32616
17686
31117
10008
27479
28392
3710
8017
4808
10371
12574
11092
27725
6019
5297
1322
3680
27340
5521
7315
23377
9913
25797
25671
10627
31863
4564
1153
15320
12459
26331
5822
7786
21851
19166
20162
15228
23307
7772
13533
15536
15654
17958
21868
3194
19872
22641
2466
3028
25562
8233
15753
20531
29382
27272
22339
32186
19019
21224
9110
4526
2027
213
27560
12587
31395
3175
6150
20501
32274
31950
1259
17488
4318
5423
27584
6452
10836
25519
1503
14139
4942
18125
19612
13309
18010
23796
31366
24159
6936
4688
12778
23303
16612
16610
27801
25875
19637
5839
6379
1802
24133
14078
2052
24594
8307
18401
4438
18788
10469
25747
3943
28670
31473
9252
6613
13975
12734
11057
8343
29656
5542
31671
19589
24777
8415
30504
18715
19338
14171
18111
23418
25155
5612
7697
27311
10845
15532
3046
23864
30707
22684
19782
28612
31107
28811
22231
26939
11242
22842
2150
20478
19087
13501
16067
1136
4062
292
14290
25781
23032
31323
31967
23994
1960
21327
18226
3445
8602
2642
4835
23150
9159
23745
21488
9342
31540
7652
397
29398
3036
29973
27579
17220
21226
18213
3868
24242
31020
20219
23302
22256
27077
10622
7638
4531
16674
22710
2951
1245
10287
557
4739
2046
28618
27804
29368
24347
120
195
19183
25263
29270
20889
4185
26864
24915
28581
9323
21587
20893
2988
31980
27474
14425
11404
4685
23917
31895
31848
2104
6511
1157
28933
17515
22770
8930
21364
26567
1317
30902
27378
23972
22733
8001
20236
30056
25482
11825
9479
14936
21084
29208
19582
32174
8549
26396
16205
18155
6897
19441
10414
7790
18355
24836
30626
26182
13393
10233
28819
13637
12324
14168
567
26709
26937
30339
25015
24079
2459
21996
12817
4234
14804
22404
15035
369
11441
31607
29065
11353
6214
25878
23504
29521
16434
19476
2764
14778
29988
3574
14143
8537
11678
29637
16475
7594
7161
6
4578
20855
26026
22764
13708
27306
24515
8907
5033
28768
29885
24272
9991
14142
6004
8688
10262
28680
26483
14366
29514
1135
27250
1985
11969
13867
32541
18789
29478
13386
27927
26544
31701
6856
13887
7064
8767
4191
3378
6356
10384
30368
5393
24208
6032
24643
20100
101
13255
16828
22014
31624
19941
4111
22339
27714
29281
16868
23080
14240
15455
26334
19610
32107
20439
18729
28130
26202
16116
19794
32551
8839
24250
1116
23861
11296
20204
9232
26493
8799
14637
22932
22620
20668
2917
10815
29344
13921
12646
22188
10312
8670
4560
29709
7819
13598
21041
12226
13084
26009
9841
28971
26285
19660
12142
19898
20658
23782
11491
844
103
19909
1678
27833
28436
22048
28818
9385
26511
1286
12058
19114
1795
20359
15679
7808
15089
9905
23340
26044
24692
10686
18303
20369
26825
18571
10227
19170
9998
27212
25916
671
11082
27775
32307
29778
20142
3614
5683
21749
21787
6937
17091
14343
18404
27651
23669
11487
28116
3595
22286
17983
1139
10031
25830
16428
7813
27308
27026
14333
19412
12729
32705
10931
28207
3188
5732
11656
24499
24349
26898
5323
20041
24450
22442
31978
28784
1722
24890
27089
30525
19222
17951
28786
24991
13909
5486
7845
5352
11287
10643
5427
24201
29845
22584
2093
17181
24462
22889
6531
16042
4997
10741
16849
23075
23849
27927
15228
14897
4885
4437
9214
2866
25017
15529
18302
28291
5016
17375
19108
19706
10677
12606
9899
12983
22599
7786
11192
6173
15284
25993
32106
15387
22973
28069
15794
29616
17142
5713
23013
4782
26746
1680
11791
20926
31196
25330
29323
21924
24417
12032
10192
15300
9324
24026
29838
20453
26169
22047
10746
20278
6862
27917
25189
23694
17455
7402
28180
2552
25554
31394
588
7023
16978
11953
24236
26342
24423
30019
23744
30092
7702
27034
7634
19021
293
8369
19203
29084
3026
22303
7067
15984
6853
13885
5534
22668
18754
29835
15520
4
13987
21840
8921
10749
16390
19329
4220
23220
579
17380
13637
24770
14369
23157
6225
21918
18633
32521
14899
1891
6778
19761
7492
12243
32127
7009
10298
7324
17246
1362
5885
11483
22099
30116
28086
18399
25852
29384
8744
12591
30294
13085
28483
24014
31208
15449
1782
11965
10302
4651
5702
13506
18329
14367
20381
24936
10469
2753
28516
18759
28907
13317
28371
23429
456
16102
22792
12957
6302
3662
30295
25183
29577
15158
16866
26425
5077
7694
23913
6836
28782
1887
30563
20801
11415
27567
22349
1334
9951
1701
1090
13076
29777
14701
14796
19211
7148
10334
7930
23488
9811
23514
29618
23117
21957
26742
10313
11145
6734
25179
4945
21131
5695
8173
14770
26729
18141
4010
23805
16709
9558
9556
17404
25227
21497
8786
29070
11892
11173
15700
15793
26831
15746
27958
1249
30976
7408
23335
24993
3401
1469
16394
9303
840
12955
12572
32092
14785
30673
8151
3412
12190
30256
4375
20411
5172
31305
20348
5057
11464
23517
7439
30552
13138
29077
10280
6283
4736
27891
18319
28945
8958
12937
16865
4130
19957
617
9269
9865
14546
1244
27648
6395
24136
3927
2102
3239
14488
13738
30130
8718
24848
31611
31448
21013
18641
14835
18041
8536
28374
3511
30198
7618
14130
24858
18089
23131
18329
26257
30336
23904
3362
5991
6123
13465
20299
2737
23801
9191
29758
14469
7614
8733
23123
32103
7671
6160
27349
29188
22001
5618
18953
27427
17062
29403
18540
13784
297
2729
31037
25594
14661
3594
4667
15576
7009
6359
30896
9768
30119
676
8110
6464
9318
7573
7065
30857
25012
22387
3813
22832
14423
28926
21537
5406
7654
16261
2357
14635
30763
11445
24552
9102
4556
26799
22437
26264
16938
605
17534
17315
19594
23045
18289
21061
14963
8734
7146
10185
13654
25187
24202
4831
9077
12583
12583
16274
3069
5864
24596
22395
1653
20518
27810
29236
14684
24949
8422
27152
11278
12754
4285
26889
28648
7987
11278
16890
25772
16738
17999
27151
7207
20234
14155
9849
8465
22802
31010
16998
9524
20523
26513
24880
23249
2213
1139
16596
32063
12423
25992
167
19669
27614
12150
16452
522
2901
16909
10953
31707
4358
31183
16963
11629
30608
10928
32614
3828
28522
14362
6530
5587
1655
28212
2738
30725
28122
100
9303
16059
21003
20755
18372
27718
31018
26288
5947
14648
7060
12791
13081
11462
10933
2419
22349
5233
31261
32321
27918
7910
32469
28184
25806
7714
6387
30342
27753
13529
7020
11644
21923
29465
1578
17165
16593
9771
9822
28787
24534
24506
4376
22611
25937
30774
11285
15426
29717
4219
14551
11143
8922
22190
5627
3874
26674
4712
10952
14094
702
15383
12548
19652
12705
9121
20747
20224
20789
27210
17442
31431
12285
21463
28936
17833
12251
13043
14030
19780
1923
29907
23017
24585
14384
4118
18310
835
2966
23279
8989
6740
11799
3205
21065
4930
14649
28058
31447
15475
16984
31851
10012
10165
16792
2008
1164
16002
25886
1477
28809
27521
9344
10432
18297
32079
10361
30948
10779
9856
23266
29693
11547
16097
13021
30957
9956
10752
4436
590
4021
1775
16802
29784
10231
3396
29327
517
22734
15204
15234
28020
750
14850
498
10123
12208
6370
21278
4833
22628
18659
1534
28123
14313
30524
14713
10261
23164
11782
728
9987
24526
24059
24699
15832
9049
13693
17610
23718
16115
26842
19823
15047
7076
20430
31427
125
1205
31817
31621
13269
28937
11891
24786
27857
30385
18925
20049
5317
7354
12378
31407
13570
32585
9503
5195
6322
31211
7782
24114
17923
19494
10089
6477
4744
27732
14317
3545
22236
31921
9484
18712
1416
5810
3896
25414
10534
24728
29053
25039
3527
8518
13830
2495
6547
17999
29667
13946
6319
4180
14858
2221
100
22925
2971
388
28029
10917
29032
24094
25072
4555
17588
18238
1473
28678
5947
10563
28452
12488
23667
18522
13794
8135
14354
25842
22013
20744
5584
1136
9623
20284
28270
12836
25104
1104
24055
19580
6255
4160
28486
12920
27907
556
16584
25950
1610
10157
26243
29359
7953
26217
11607
14937
989
21477
9092
25902
32650
32667
2669
8085
31538
9037
5532
27776
21840
11672
6917
9374
13349
23244
6287
30161
22363
20475
13008
30434
11497
27728
4376
9076
11574
17570
15026
21558
17025
32073
22886
1885
16256
30257
1346
3410
10567
32045
32155
28071
22636
31373
29518
6224
13673
19442
18507
14096
5185
16737
26709
13105
29543
28823
7939
17272
8667
21148
3851
5720
4246
24475
11967
27750
21288
7409
28120
14093
5024
20868
26739
3971
32172
21590
19289
6651
25857
10586
19843
10525
11005
24710
25310
13747
10123
27433
3147
32421
6472
23423
26858
25895
24804
17026
27800
22833
3018
8196
24502
27183
29187
6395
3117
20475
27479
26652
15278
8
24502
15531
27455
8928
14039
31633
22515
32208
27423
5807
18680
9441
17348
28274
15063
2315
31282
29095
20472
13990
20142
28561
10853
22561
20537
20537
4815
20726
23479
9990
4310
1245
5712
21389
22661
8001
26391
9386
12572
28400
13289
12752
14611
10774
26008
24221
11099
11884
30537
15538
2535
4525
5403
16321
20843
5706
3594
30695
6756
22622
7442
17981
19288
18148
19863
16298
16479
15656
32516
12795
3042
20603
19379
32565
13475
9771
22285
17193
5373
26034
18162
30538
16238
6958
27739
2236
3154
7697
24381
5293
13553
20506
4529
16104
8124
18564
7763
22183
16852
16253
21991
15785
14796
19929
20547
17797
1968
21768
1129
30526
1606
9029
11251
30999
2451
10257
30132
1705
18081
19680
19356
12082
26752
17938
12252
20016
30347
28708
30027
29231
28652
3368
22280
9695
16483
30322
13153
20329
29251
5781
28148
6659
16829
16270
15636
7619
30048
12606
26223
14768
8161
25630
12013
21535
12056
27694
475
30013
27724
2094
4936
28648
20912
12561
431
3267
22829
15791
15063
27529
10338
28346
10232
3745
15850
30451
25887
17651
989
21405
2003
26107
27545
2354
14585
5147
30402
6230
9717
31030
20871
16137
3346
12666
25127
23072
26916
22653
29108
31478
108
27788
21016
1375
23227
31808
9557
27101
25306
21073
10769
20503
14122
5039
12625
17798
28040
975
8581
17522
20083
25411
10949
10013
19313
7310
4186
23358
13486
13110
11136
27056
29159
10523
2922
9836
17030
19974
22151
7349
18703
11653
20740
2962
26042
3831
11410
1665
9314
15331
1385
3690
16797
142
12428
14034
2861
6860
16207
11089
8087
2838
23575
10566
20753
31709
25698
16841
12193
13086
25607
30689
32388
16951
21950
3831
6349
26617
19682
7563
2382
22782
27766
14374
22971
25148
20327
18576
23821
6619
17936
25922
31013
4676
3331
15646
13234
17275
24839
27486
1620
7854
5213
18379
15874
14
2376
1839
27049
29405
13772
16396
7189
31688
5301
10126
1301
23928
10203
6847
9690
2916
28581
18426
9377
16105
31692
3234
914
25244
31073
23315
16103
18399
25106
15577
5712
23218
12457
17697
1430
18380
16085
1900
12415
18667
12333
26251
17907
2920
3698
20423
7772
25870
31508
13920
6483
19244
6648
25401
32376
16361
6521
27857
26017
10712
31661
27509
27192
18892
1257
15796
11742
17134
29575
28948
28244
26892
25830
8963
12956
18740
2995
28176
21339
8322
7015
14171
25218
13622
3345
28746
13869
17929
8534
8318
6860
962
17334
19462
28800
18692
13073
2514
14280
1130
4969
24170
20828
2262
19689
12000
30041
14341
23590
24578
9631
15207
30630
30165
8055
16174
11935
18239
4218
25509
25856
6660
4782
22724
20661
15092
13297
22529
23591
26210
3227
28776
4611
5335
10591
22766
30269
8
19570
15619
28756
29702
18927
14182
10967
16565
891
28477
3112
24447
18213
2917
11392
8521
5519
28679
27955
30886
4947
31340
5430
13387
10656
12050
5854
15812
6692
3583
25322
12389
2607
341
27844
23682
18709
6695
17412
2787
21972
3979
26422
5234
26614
13296
13277
8759
32697
21682
6072
10630
16750
14316
26435
30839
8223
11406
32129
26263
7028
24751
2297
32221
5335
29220
10750
12256
32727
27985
17972
27462
29130
11839
13648
9600
21687
22511
11039
11445
16755
21998
714
22011
17673
7210
20312
23501
5471
6404
21876
186
30999
3494
21105
19034
26292
16535
13451
26758
7934
16012
10352
7368
18087
7554
8191
13841
17198
30217
13903
29866
24324
1763
5363
27245
30958
14029
15996
11061
17066
26781
25152
24979
21205
21901
7514
7107
3596
25047
19698
25822
11090
8066
21951
32336
22449
29563
1225
19853
15652
4327
28020
20992
28853
16056
26810
14148
3043
7038
6584
22423
30022
21376
7020
17036
7286
32012
15293
7168
11560
3851
26555
26446
32154
9688
11561
4807
15410
2643
30009
22364
8290
12081
23702
16542
8910
6294
19623
28905
177
25061
14867
30171
3708
21975
11392
16651
7617
19658
29601
6392
31312
17756
11631
5696
17056
27449
438
275
8048
49
14036
8934
7853
23438
957
24684
13719
29604
17219
12226
11808
9641
27797
16106
916
12231
29957
24186
29311
4464
32526
1173
16332
17906
31381
31771
31530
3403
6767
5149
16564
14142
17188
25492
15824
9382
22258
30034
32087
29451
789
28728
16119
1651
29254
4010
24022
25978
2178
64
2680
7077
3084
29886
23523
5620
24501
1863
31745
11702
12891
15053
29509
21921
18352
12492
22417
7458
15932
26424
25176
32242
30374
4788
12800
10218
47
26884
14986
16152
11903
28613
10612
16402
15524
9051
16606
32394
8536
2604
28141
29219
30850
2060
7789
17795
9728
1527
6586
23466
5540
16902
24800
16258
15484
23452
23041
12727
16215
28640
19191
18632
25220
23153
26427
22367
9949
28245
29957
3294
14341
15154
19893
1082
4077
12992
15730
13580
29597
17022
1553
31461
11569
13732
2360
9954
10017
29529
24003
20353
19654
27943
21606
21171
21530
20908
12180
15923
21696
22418
4768
4629
20548
13505
27683
4514
4003
5586
24477
5731
31246
10695
29279
6524
18667
5626
32680
26428
15645
26196
14350
12529
14725
19903
12319
28929
26312
19166
16969
21814
17491
1275
18423
9050
19101
30017
28157
19460
684
12331
10294
8113
14043
25404
2155
23062
8410
23281
31863
30645
14582
9460
14249
2479
2715
8850
19306
31705
12823
8047
13088
273
26528
16504
22354
6611
15257
24346
19468
26887
26641
9393
20101
19229
23437
31300
17919
25436
24839
8303
19439
4983
2358
928
32606
4450
14608
8327
10127
3939
398
3271
27106
10860
9391
30706
5880
4776
27583
14516
21272
8788
13017
14926
7633
22224
19883
24134
31969
24566
10617
9821
20054
14762
20580
15042
1523
946
12781
8325
22997
3017
21685
13390
8791
15854
21894
15695
28978
28418
22423
11383
9193
13714
18956
23529
30052
17650
9917
25260
21210
32395
3640
20644
30709
11637
25865
26305
5681
8265
22073
8054
2950
5424
24340
7021
27718
11328
18479
18041
25672
21513
12202
18636
13126
25706
2227
6250
18564
23466
13387
16093
16818
29123
5965
10026
20756
30209
20908
2053
20192
10956
31484
15937
31208
5058
2100
11146
11128
27146
16050
27990
642
10980
22655
25
18936
29828
15829
8888
7802
9504
30686
3649
5937
28744
16575
21977
30203
24182
21717
758
8904
27366
26942
16846
30276
13223
27548
12815
6070
28659
28437
12240
29223
8380
27295
10439
1224
12167
11386
20925
4750
28541
9981
20544
29983
13503
31382
11416
5873
30203
24845
8188
22704
11325
24072
4869
26081
25863
22740
24674
15558
15011
866
12238
28033
9912
12944
32063
21627
25372
2986
8288
21511
19689
11057
26690
20803
32211
10459
8014
30783
4024
7386
2943
2914
15993
2657
16078
16905
23561
21349
19437
31344
19139
6561
13111
17110
29185
12508
7144
32220
24810
1646
11657
9775
5003
8705
7599
30054
3626
9109
17893
29230
17110
25287
21991
10660
30019
4946
30225
6146
4309
4822
28182
1150
9467
17368
9205
21615
31678
6666
1833
6578
32410
15309
15392
24652
23948
23797
7151
32592
11372
14028
23620
28932
27261
16729
29596
30271
10307
4578
3510
2325
16276
687
9287
25270
20978
2065
4079
6292
280
22179
9580
5316
5587
16080
13070
28071
2323
24981
29290
24777
9026
8840
16979
29961
9684
31514
15622
2043
13088
4889
32421
19082
26734
17017
12263
28898
24145
24659
10509
6541
823
814
16664
12251
1086
5758
7481
19848
14409
26986
5257
24473
16724
6866
31738
4743
22532
1681
28301
18847
30082
6143
26054
9641
20362
9658
13918
24264
23231
15015
17719
30113
18242
28723
2197
32703
11138
15839
10634
4918
20822
25083
22962
5511
22857
18353
12577
29124
10292
3654
10394
31221
21267
5533
1025
30649
32017
13309
16659
12337
23525
30995
24149
24345
22113
8763
3658
27960
29000
9211
10985
26107
32353
27856
32078
28765
16841
17710
11696
20233
397
28866
28563
11203
13176
29946
15935
12804
15658
10439
15728
15588
31338
29090
4687
7229
32190
20941
18593
13582
16184
11227
6207
285
11666
24434
7878
12769
21886
9040
24975
31390
4919
16524
11234
17874
604
4894
7526
22992
8190
29602
31964
12459
21240
28249
8973
1877
20094
27505
4609
26632
761
11398
3186
13285
4370
17256
16768
28636
29453
26143
24743
22731
20569
17452
10733
746
12133
16658
20064
2150
31157
14357
13503
2892
1588
11586
30328
3753
7628
4015
10450
27376
11828
28932
18028
24987
7945
22074
19686
5141
32033
1443
25310
25048
28700
30251
6686
29138
11835
17373
8723
27406
25206
19881
32386
8336
14536
24676
5750
13441
1230
4880
12157
30348
13968
14430
10515
391
4511
2417
3167
23638
23136
28133
17437
8716
28071
1296
4316
30036
30343
21639
3433
17168
13929
16356
22411
6207
4956
11719
12528
3876
24748
32283
11368
6053
5558
13723
15185
7921
26362
660
12114
23141
30066
32492
1101
14769
2083
21347
1678
17462
1009
8217
10569
26035
5559
20049
8515
28193
17047
12148
6095
18651
21135
3417
2556
12034
18765
4035
10253
22816
24901
6955
18729
29707
15616
3264
18260
23821
17079
30637
22430
26945
22048
18330
12954
15424
25736
27765
8466
29181
30498
29554
16633
8174
16287
12624
5793
29037
21246
25055
15919
25437
1702
24767
20811
25360
9138
24426
21788
21608
25740
15476
17523
17213
28861
24594
2630
17407
19203
16858
97
18333
26020
31689
18008
26277
20739
3722
1216
26540
14449
15093
28830
1264
8517
5335
8992
13628
8239
13041
6539
31756
30921
8259
29045
1266
23407
29322
13620
3640
13649
10759
19606
26311
18118
16002
26067
839
29668
32143
27327
28296
845
7696
22084
6433
16203
11515
32272
19543
11552
14173
9355
17472
20119
21919
26380
13608
8671
31752
23628
16435
21401
13444
30491
6980
22320
9636
337
28702
22889
2789
17160
14025
16699
565
10760
3896
13024
21171
1411
24104
18732
4279
10755
12619
31006
17170
4512
11942
21429
28055
19574
4919
6660
9434
21846
1244
22409
3895
7868
15216
30395
30486
27649
17719
994
21102
19154
27260
4651
25480
16609
29816
30460
22278
474
23414
20357
803
16793
8245
1176
11324
30362
21646
16570
29328
8369
5974
3194
19780
26619
1926
1281
13994
10260
29337
24811
28098
15242
16950
14165
28929
7058
27919
15671
5714
10234
28425
27893
25691
11103
3229
19504
4353
28576
25982
17378
18734
30354
6780
16042
9681
10998
2728
356
29223
7592
27577
29181
10042
8985
16814
16517
16551
25854
31157
9862
20131
15434
11340
12437
26944
26458
19110
17958
26861
28784
15184
25509
2108
22627
10772
15042
21225
22933
3870
11532
1559
22308
12637
21697
17884
19557
10284
4068
19456
20622
8242
16785
29698
690
26502
15758
18524
29171
1303
4642
29960
22003
24396
9258
17219
11147
13799
20841
657
2496
29487
3360
769
17138
6222
10974
1202
9815
18680
19354
16534
30120
14925
8447
28278
25370
2305
31495
27703
11152
15034
21451
27227
8463
28345
19866
16843
14706
445
22344
22227
30047
10532
27336
11630
13177
18772
6653
4804
17367
2905
24014
32753
20406
30159
23417
6664
26986
3331
5161
29527
22683
15957
13002
29165
30381
6881
27676
32602
12160
9566
9478
26038
31322
14149
21294
32229
24353
16694
19398
4888
23502
27289
29865
8087
15902
21633
2982
18111
17802
981
30747
12358
8570
14001
23238
10439
8118
10506
20441
11130
7965
3217
5964
14658
6809
14298
6007
8430
24658
20670
28128
7352
18722
30206
594
26898
1098
11304
20527
14499
19299
4543
23046
10636
4759
7830
31592
8175
2320
29309
3320
10674
32177
30495
3778
20352
31748
22827
19662
30481
13684
7346
12788
15020
2749
20689
15601
23018
18848
9871
19387
10172
29403
28424
12562
6575
7256
17612
18520
23663
17317
25730
31650
4490
9380
30929
28687
6775
26756
23936
19545
5335
16623
7643
19881
27642
17285
12889
7856
9125
6538
16765
9459
16403
22491
26618
14438
28473
4903
19482
31037
22351
1115
96
14335
11915
20830
31085
9180
48
19967
6944
13120
17095
18732
8449
31400
9132
14948
26080
26037
11213
25454
20153
1662
8623
14924
23771
28459
19634
12139
11081
18880
32149
9244
23393
8758
60
9544
13499
5840
23217
15966
31828
25260
32106
30865
18156
30361
18634
23105
19116
5160
3049
31414
29708
7942
24728
32276
16884
6280
2208
3467
11553
31112
12363
8143
7883
24176
14886
9672
14981
14740
30724
28554
32612
32709
30022
23943
1123
802
13914
12803
21510
28722
4482
5833
11070
8496
1239
11037
8077
15270
11661
11761
28778
19518
17528
6236
2023
21716
17359
15431
28305
207
6705
15210
13976
29618
3813
27255
8752
26094
15206
29844
2358
1019
15903
21263
16919
17318
2675
27981
4590
9133
31232
29956
26604
2441
805
21162
26621
12683
14529
13870
2216
25898
30526
8165
18487
27548
25295
30151
15641
26787
6901
30939
1412
7594
18248
12016
23135
16656
24948
5262
18782
24516
24706
11052
23151
32018
10585
14243
9301
25788
26756
17635
5266
25421
14645
16101
28299
22698
15754
14817
17895
22762
3088
14784
30776
20327
5766
3540
27101
22549
28131
5319
2599
17171
1946
31953
25274
30336
26652
21550
13878
8848
22174
32208
29207
31711
32285
24145
30682
28677
8096
21803
354
2154
14782
22059
9369
28508
18783
14115
14938
19294
1991
1504
11407
25795
18896
31323
28566
18812
25718
22835
10986
25391
15001
23131
21759
13193
22527
26640
18029
10964
15769
18959
2129
19660
17159
4356
25072
6062
12637
22085
27038
24979
31528
9152
7391
8188
13740
6195
17355
19886
14192
7067
9143
25280
32765
14318
17681
4850
19682
27148
20620
17984
32763
32499
18301
32695
15091
20787
7045
9864
21512
31395
26993
25947
2062
20049
23390
5093
3511
11967
30241
24253
28177
5196
21990
8555
18000
22512
7702
9922
22222
5676
8319
17265
848
15937
32687
32468
10379
8609
20640
15888
27367
6051
32667
9566
25218
2426
31830
9127
18552
31336
29024
23634
2402
24623
2750
25434
24860
24521
4055
32675
25548
16984
21645
26510
6175
13920
17837
11211
1750
12596
5257
17518
25474
1198
17891
29765
12939
32035
10253
30313
4215
7062
29775
10772
32361
16428
8073
12466
22504
22752
7705
12859
21986
26744
7935
15295
17137
31160
575
27715
17628
21205
3719
25547
24417
32045
10770
10424
5170
30004
6860
30548
17469
5810
4535
12204
13872
6444
1421
21918
26173
12447
8359
22322
795
9845
17949
3374
15437
32433
29231
10724
17830
32109
31204
2639
13325
8326
28144
7518
6014
24982
9435
21904
30289
21538
12384
22721
3519
29717
16916
25156
31650
14445
17224
2865
13692
15925
9263
27904
28859
8115
9796
21079
24635
19426
9702
27169
27405
29219
10053
12512
16503
22063
10882
1092
27963
8272
2834
5372
22044
32209
28260
10956
15263
9650
1475
28384
11023
5537
10109
12384
195
6950
837
22340
24484
32030
30166
31082
16873
22890
16345
17893
1829
2792
9225
15001
9092
11170
12437
22533
21585
1862
14277
18271
32188
4567
15329
9958
5595
13985
21071
28788
16622
4978
16891
11858
743
29703
24828
29265
10794
8645
30068
17174
22417
23466
7607
29622
18355
2690
944
6531
16742
1374
24449
5157
19842
31298
3434
23532
7144
20254
15084
2660
14787
3839
28462
20778
32014
14215
29343
21247
18775
31387
23005
4891
4546
18523
14294
28355
15440
13655
15149
21790
19041
4351
15071
12613
27256
16476
30246
15001
22335
12542
2973
8025
10187
30774
27557
15732
29984
29317
18952
23963
30968
30547
21213
9371
2496
29924
9900
12010
6116
2185
25042
2687
4172
26387
13094
743
18471
10637
17884
29590
21991
21035
682
5243
31628
7549
27690
29911
1574
29672
6784
6222
18069
3927
6716
27199
1940
10542
12930
31569
9462
17536
22120
15694
10286
26753
17823
12597
3605
24382
8278
15242
6632
19595
29275
4849
22928
12605
31107
31995
16167
11930
11085
19776
29623
7694
15810
23214
18245
20768
14239
24352
25102
3491
19382
30002
6928
6705
914
10324
6092
28373
32090
19230
6475
24072
16631
2020
6751
18911
28793
24457
9003
14722
22455
2712
30181
25312
7990
28816
30939
31905
9805
10624
436
27740
18566
15828
26105
9483
4678
6255
29908
18876
10417
24314
15895
26761
26824
9339
19071
25033
468
10793
10555
20360
3848
8831
30376
309
29794
10895
16479
24475
722
28057
27249
19731
10142
9948
31217
22007
11013
30124
26803
17753
16931
14277
26196
29173
30740
24031
10874
22373
12892
28290
15453
20372
21638
11036
21383
117
18188
2897
13784
20981
25975
658
14028
46
6087
17393
15361
7645
6933
30771
27379
6934
15735
6695
25610
9270
4388
27959
11992
27930
23257
16957
15259
15502
16251
32408
7690
19464
29949
6526
25934
20375
31364
915
13646
14870
7113
11451
1327
4517
17343
7213
10011
26714
25207
20170
32066
19763
27200
20396
31
18767
10258
16129
31229
15710
31533
15130
7097
13143
12285
24511
20169
30825
577
20422
26749
4915
2668
31972
8837
27191
6731
8642
31924
11916
19689
8787
27652
24276
19888
18022
31449
30318
6864
631
16010
7405
18149
17099
17949
27080
32212
27836
26194
4178
20725
2641
1764
2029
3704
21521
21771
1147
10241
3353
32581
21270
27798
25965
24150
28417
6587
22156
12173
25310
2011
11847
17482
18977
30186
15314
19133
1732
14409
21276
5104
32573
20202
6748
31496
30893
9908
21996
20936
24922
2601
9819
30294
8031
1350
27838
30274
14242
16554
18758
25284
24839
6139
26648
14917
22499
28550
4184
2849
1460
3365
10631
13228
20751
30822
11024
25459
10713
9705
10781
16836
9658
29194
31151
23920
16591
11968
4334
18895
5791
18629
11198
3333
10065
18424
22930
17284
32028
12031
28293
7378
17918
32304
2727
5517
13745
23986
11156
4780
17371
13023
31820
16903
6789
9453
22334
25626
18638
21710
11942
25349
3552
19540
20249
23256
20516
26777
12382
30478
5298
17310
18560
18775
2828
24882
5409
32155
267
8982
20241
3899
21273
18526
31776
25498
11425
31770
21296
28124
11460
14134
9870
16365
17230
31135
18562
11461
23016
7847
7716
24555
7567
20651
21618
3640
31812
24563
27552
9182
11013
217
3247
5033
18429
13614
23873
11140
27896
25817
17836
4670
17945
27073
23885
21134
207
4846
28959
5973
9989
25323
22667
32036
15001
3438
3202
7422
9488
30778
13514
13407
20360
17221
8085
3708
30445
7190
22360
4813
4208
24690
19162
7369
21045
21559
15244
241
13388
28296
26136
25359
32227
554
6460
16832
12986
17710
11993
23344
29911
31697
6983
20261
11898
19104
1772
8767
6227
29664
9741
1662
28659
1068
17123
3332
29313
12896
11762
9500
28590
30390
2198
3196
2282
7471
7647
5319
28889
22325
15774
25174
16128
4222
19904
2104
11205
2867
1499
9591
18582
1874
2311
26525
2152
31057
20975
5751
11363
5124
9512
3353
26843
10688
32193
17442
22147
10433
10267
20802
989
14025
32506
32761
15093
12298
32477
26529
20303
3398
9099
8878
2078
30005
17391
2869
31414
32039
24613
8363
26948
23786
5589
31472
31165
6638
11968
28299
22804
28071
32152
17976
7856
27443
32021
13728
1053
10301
25925
26983
17666
27937
11044
22635
15187
12368
7788
14923
3015
24823
6574
18215
30349
17627
30882
9383
8251
28039
18620
9279
26375
2218
26623
14001
6201
4027
1558
14547
6624
6878
15265
32146
23748
23307
11213
14647
10909
32621
25639
12777
9346
2568
28338
22899
1444
22431
18998
13384
32316
24277
15580
12740
15042
27282
13560
22965
27488
21416
11302
29466
24486
32183
16536
2091
2687
6990
30894
27545
612
32082
25799
8982
20943
29092
4952
23320
11251
29950
2875
18394
22954
15390
16457
6052
29359
22567
13866
23117
14093
31300
17772
510
7383
6798
14035
24888
26138
1584
10480
18969
21264
6344
29685
13019
17558
9489
32712
925
25312
20672
16470
29030
7276
26539
19498
2663
4404
27184
16702
22400
15912
23253
27665
14086
31963
3884
25849
21700
11133
2042
6075
25407
4361
5271
26969
31295
20927
17816
28715
16010
2005
29356
29233
14067
21610
22468
7592
29331
31931
3447
12251
25687
26521
24740
32316
6075
3867
19801
5555
8916
14992
8435
25654
31124
5303
1927
8346
1610
29235
2177
25769
11112
23609
13963
11636
4745
13196
5809
13803
27826
32683
706
24490
2008
15944
2809
7702
23971
18173
6876
6057
32626
5947
25957
29066
927
6787
23648
31073
22532
17112
14100
8553
7614
1396
19493
711
29232
4026
17081
23066
18763
18540
24282
12883
15629
28958
27932
12743
30280
31722
4479
15746
4773
26982
32150
26334
11240
17107
20969
22357
25718
1175
11929
11924
7444
3310
14146
1744
14321
25308
3621
4957
3303
26982
2695
3453
29438
21249
11860
25462
818
26955
7944
24039
30838
31993
9679
12123
20728
4624
31467
8735
5287
7257
24663
22609
25843
24590
20394
21050
14803
19162
16189
11998
28685
22785
17040
23248
3250
23258
2538
8523
23015
11910
1344
21375
16619
16860
11864
31273
1366
28835
15919
17766
17823
4868
20887
11977
25825
20542
16676
427
16863
2460
12361
15810
24389
29093
6079
2038
24881
9106
20262
7535
1009
20229
23023
31987
28687
19447
31609
14959
3978
10994
22138
12499
18535
5505
7073
1571
16488
4838
2938
13771
3612
1290
20369
5428
31512
29114
28378
1684
15235
27663
24912
19978
16088
12846
1757
15594
32231
21298
1402
10070
27165
29031
21143
22542
25094
29881
27581
30344
20240
16748
626
4932
20626
18189
8029
20058
6156
31656
170
19541
23217
5947
14256
27971
31778
9067
18897
31245
22141
13174
22690
15365
17302
22633
5452
12990
19332
9619
819
23584
7264
22841
19925
17083
12105
32139
13812
18012
16043
5591
23031
21214
29121
11261
23950
31043
24921
21027
13461
7940
23000
27817
5435
14244
32381
22623
21859
15499
12778
16630
14154
22290
26592
15285
26986
28891
17482
31341
15775
7779
11133
10927
23433
6106
10174
21820
29233
13362
18436
20925
11503
6774
23552
8885
28555
7517
12635
19891
7586
29983
13887
972
29003
19335
9496
11848
9467
20041
7580
13212
29862
15255
20233
2201
14887
7407
6061
25058
10466
9271
15788
6563
27816
24331
9470
7552
12251
13398
9911
30924
19666
24607
28043
20220
11902
24998
31633
23131
9294
4016
15687
17151
11601
18207
19927
25083
32411
26565
20632
17622
18665
4986
984
1340
392
25452
28889
18676
12914
1975
23833
32274
5563
1334
24790
10094
43
1432
18130
19796
24365
28086
6484
26237
19943
11811
111
19774
1451
517
21894
5376
11662
4132
4112
21488
19798
8769
28569
13560
26522
26281
1801
26093
32548
28682
3369
13834
2970
26500
5731
30877
8542
9475
7114
0
20658
8653
29530
17611
32
31063
7552
3400
17945
27741
3037
10535
1500
6705
17735
5491
21401
25684
2832
7365
25558
12355
25483
18360
2579
31635
11725
12700
2729
30272
8881
5487
17400
5955
26399
9993
29377
24418
5005
3222
5585
15948
21701
3145
13536
19941
2537
16975
3768
22495
949
29442
29338
22922
18693
19808
18653
31213
1175
12731
3800
9749
17
20657
18946
18349
20550
13919
13912
18895
5813
5586
13311
24602
31826
26814
14379
17413
18826
14195
17727
23666
16257
7436
11830
903
5790
23530
10561
24249
17993
5729
30129
32041
31219
32688
6424
12340
22359
6455
30635
21061
31232
20452
19435
28654
18444
3567
16773
1848
1071
5319
14198
20791
16635
13132
28018
18913
6494
11326
8327
27168
21100
24821
23294
18469
19038
5203
31618
4608
22747
23032
14212
5741
1143
1460
7389
20465
12666
12098
22197
9766
11746
7731
14756
22867
16043
12840
23320
19520
4685
6980
14327
8265
15495
30433
11909
22448
8027
9346
20359
29240
25946
26377
19113
14319
28961
9771
31261
9803
26148
25632
20869
13176
11946
15263
13331
23537
8985
31241
30190
11854
13940
10725
3288
18780
19490
8588
13327
115
6897
27173
1904
6660
16730
4820
23010
23666
28423
17455
19186
23843
18322
10226
24507
17878
25232
30963
8969
1079
3278
20312
4286
6064
11994
32007
20596
29059
31941
3678
867
6934
21288
17189
10629
5773
25957
5056
25081
11678
8495
5801
2726
8865
27469
23070
800
30695
6554
1559
5839
16717
20049
23163
21070
13329
6279
23955
18449
26852
32249
20159
2123
1088
21000
12648
20494
14587
32258
1077
13236
22813
7843
30850
18559
26863
6876
15886
4476
26708
6098
14067
13229
18012
28202
10204
13670
13079
1156
14450
19704
17319
13125
22551
653
7321
5530
23255
10579
5750
27578
25243
29661
4244
29291
26784
10182
26162
21447
31528
13463
14788
5440
880
12778
2700
9954
10209
2256
18538
30680
7818
19569
23029
13362
974
1522
18634
4069
2394
30620
2085
17171
4443
6970
2478
7053
2541
24514
5269
18327
7382
27192
4832
15851
1908
24016
18692
26368
12020
28499
11187
27531
17605
18371
18422
19527
3916
31298
29051
9969
10970
4400
11056
19607
22235
30356
32273
3347
9040
15293
12861
23507
4735
1065
7760
12763
744
6053
237
20748
30076
24502
6298
19622
1034
21560
28113
31500
7162
6981
851
13511
20797
24664
24768
1230
23940
9906
11109
11780
8112
6909
16725
10755
12170
10288
2747
1304
22965
21426
30062
15246
6113
9410
20166
31792
22848
6934
28591
29705
12094
30914
28411
1902
12909
25436
19965
7231
13246
8286
21331
22889
3575
28875
2051
32687
11105
20502
2762
16299
5057
6719
11696
12559
5770
23871
4576
20273
25937
22950
13751
7879
12929
30339
10523
24814
10320
11396
23566
30578
19442
11358
15234
24137
8460
17519
4207
24160
8555
18850
21796
23963
23798
1940
29915
28695
21985
31733
10639
3762
27940
24880
27666
5837
29484
19534
10842
30544
12496
25111
14363
12015
31878
26491
11676
32684
12247
12593
10435
31645
4368
13982
9329
20208
1339
19448
23062
27436
7757
18347
24956
30649
22945
5884
743
11171
8869
1516
28512
29851
28116
15967
21326
3903
32740
17021
30534
29851
13632
26201
25380
16623
23992
3280
14171
30642
119
11189
12425
18648
7222
23339
2383
15185
14256
29777
11871
24786
22102
805
30934
30423
9539
4002
25293
6377
29810
556
27178
26652
20527
10030
5564
19421
20171
5634
20616
12266
26260
32529
3933
25506
24580
9531
29871
32383
14393
1657
26274
28129
1957
30656
19300
4109
16647
14377
24512
117
23706
16208
23536
31034
17292
19193
23219
28143
4017
28666
13984
17312
29561
12885
20922
18962
24096
26788
31556
23117
12324
28346
26583
15960
5116
27527
28593
17988
20231
11836
1872
11883
7875
26288
9792
15098
30271
15618
4145
11437
12243
3201
13388
29402
1806
17864
5831
16049
28400
15405
30903
23490
6233
25181
12838
29120
15554
14912
29286
4996
299
31779
23204
16212
1364
14613
9920
13414
29488
31889
22621
16800
8855
12638
6196
29090
9531
19892
16813
14342
20189
2720
19632
998
3521
10921
2488
23455
10079
5044
25642
26069
11611
16421
7910
952
16055
19271
16155
24709
26952
7406
6495
6735
16230
30811
13567
26623
30184
29279
31123
24730
7760
4804
23254
18370
20802
9448
30389
896
23867
31659
22950
8000
19839
11403
23867
29
23891
1550
21751
11871
11117
17761
32096
22594
16809
20286
24917
29178
17661
28690
10658
5875
25007
26464
2770
4189
18373
16992
17733
9448
19390
18925
27522
5580
32639
1950
25293
27917
22416
9778
20989
253
12424
12593
29320
20738
18630
30672
30688
8089
610
5909
258
28059
355
28477
18507
15040
31283
2139
1422
12129
17488
10817
13925
4994
1347
11171
16580
14095
2006
15482
9172
12134
4994
12199
11006
3606
22567
2009
22341
29926
16896
19376
29402
11034
18901
25891
746
6129
5490
4127
3003
18034
31833
7280
23287
22120
17588
1765
19528
32428
11405
11695
15396
1186
4929
9227
7403
19718
22322
26913
25135
27113
15293
1579
13906
18934
27500
22489
11863
27898
27244
1780
28658
16804
3393
29763
32225
4233
18360
7083
7807
6250
26653
12953
4247
16314
4783
1445
630
32603
4433
22895
32580
27305
19330
21197
18068
30905
31375
10793
16953
29410
28167
11812
3675
11389
29808
22911
18379
26602
15416
60
5268
3284
16623
22528
6867
5045
6323
24508
22984
19100
13803
27276
6444
22318
28984
20960
25285
6634
28584
4825
14905
22194
14637
23286
1824
18055
4942
18415
25948
30357
29725
24289
20397
6255
8553
32428
22656
10139
20532
20889
25864
2129
22631
577
7824
896
20677
14250
3600
17426
10014
7346
5630
14705
2245
30385
15974
842
12100
3930
1853
19089
25933
30178
13555
11205
22516
23397
19271
5749
2076
3717
10847
17923
28719
23124
536
14248
12819
19572
3995
16824
24921
9852
22833
12327
15799
32414
23640
2637
29112
21383
25110
26086
10674
6023
28045
27485
5881
30450
30928
28490
13138
24006
29685
17721
22698
141
14955
12205
264
27781
29326
4452
17089
25343
2937
17373
23787
1029
19739
14104
26643
3135
11918
16029
32563
10776
26275
12223
29918
11804
27330
13602
26814
6820
20465
31611
20800
22198
16946
7063
19854
2087
1554
26015
21438
22786
14463
29082
3912
11310
16602
6451
958
1354
10573
16060
18359
10204
20831
1396
27661
12715
11973
24325
25416
13417
4219
4689
32089
4757
6164
8046
19340
9120
23887
9455
184
25423
28650
10854
8632
12384
11195
29735
6687
24176
4860
17486
2344
7964
8935
11523
23276
1639
22147
22524
472
11867
19389
26436
25693
15860
16058
21307
21225
22329
20332
27103
6679
12460
17763
21321
1315
24036
17894
16250
25760
2937
12355
8536
28013
12832
5219
6900
997
1303
30625
32526
18262
8132
23516
3035
29108
13977
15563
17158
24463
20282
30609
756
21571
17378
20626
17740
20079
5635
2948
9911
168
21548
18889
7140
17006
5936
8956
30672
3422
23173
11210
10052
23210
13290
24323
17823
29895
11852
7408
28373
4453
19435
13544
29368
18340
29625
11550
19830
13957
19970
15549
2403
28574
21586
11319
28153
31251
6292
4057
8221
449
1911
4260
6052
1724
10774
14168
3606
8444
10967
28113
19122
11347
8595
10902
28594
28834
27384
31408
11472
6733
3884
23992
31496
5868
31667
10292
17824
10820
5267
24612
9318
20341
24758
18391
2873
14964
21903
2819
4810
3516
1537
16917
16036
6209
14460
16326
25706
12198
10345
23791
6240
31407
30408
13982
17197
16377
3607
4713
17632
3305
32118
23810
18736
18658
3850
30476
12552
2235
7583
17453
13635
13936
28049
12389
9908
24855
3308
8094
28521
18710
32466
31620
14640
31892
13853
21398
23899
6189
9030
17277
449
32746
22918
5021
1797
9328
3898
18411
11291
10359
32140
4350
2823
31358
25424
21352
21224
14013
12076
14662
25398
25948
5372
534
11336
26850
4724
1225
31001
12528
9991
6169
1611
1327
17160
21789
2668
31879
12816
26651
4985
29842
1183
25501
23968
7504
15622
18887
1866
27932
17284
16359
18009
4318
26031
8270
686
11395
25877
24159
31215
32682
22820
28901
20615
17056
26695
13994
13294
20367
7250
2373
29226
27634
22048
29235
10902
17996
9338
13865
31714
31770
571
10921
21339
15366
16306
2516
16748
22621
6984
14463
30565
24003
19811
12936
21116
550
2954
4458
6162
32752
18121
24848
18231
12673
10583
14055
9071
220
6006
16183
23734
32672
14235
13491
30915
15163
17871
30287
24970
8538
13909
12113
15620
2211
27533
17835
29234
12711
792
648
32608
21522
32317
10533
1447
3109
18827
28642
11701
15463
26560
3993
18897
14231
17386
23854
22809
18148
28364
8551
20494
24673
19331
8958
19027
8627
28522
5877
2482
25356
14650
27434
26208
30302
25462
7979
5250
26312
5638
8011
25327
19541
15137
22006
22328
2021
7025
26433
19174
31595
1394
19141
28162
4697
1052
14254
21211
11865
26817
5903
26371
19518
11320
28793
32155
30010
27451
1227
20176
20561
526
2891
4262
26637
2913
17654
3317
30836
18040
23061
22704
22839
10377
13841
4205
22572
7526
21896
15906
6142
15195
15008
19501
18212
28250
31644
10648
17167
24149
8109
922
31656
5356
15882
14433
11001
9800
4930
26382
13610
24903
209
16642
17584
19161
10994
88
30401
26794
10421
10162
11275
7937
31313
28473
20901
9704
14779
735
13894
22925
14712
30184
16309
27112
1455
4008
5248
11678
31618
21902
3569
7205
27294
30305
1598
13097
29969
31434
22272
19247
8541
24339
7142
8057
21194
31278
3499
3369
7168
22009
2373
19881
8148
23744
5984
12361
29795
3
2058
5930
15453
15482
30384
15196
27300
8023
19017
31811
25622
12491
1489
15935
29606
26571
31993
7307
17586
2836
16669
29286
22417
9069
23158
32625
9323
25388
8593
11097
24653
9979
19711
11445
6268
29660
1871
5938
6154
5739
8505
5357
19368
18275
13340
20256
6075
31076
18603
18945
21682
13300
21986
14311
26006
8131
11328
1967
7394
10291
8496
12894
25494
22039
3784
3079
22151
18363
31669
7152
19961
27174
32630
16368
879
22427
14025
7963
18882
32614
23651
12194
2929
31445
23012
21492
824
13188
25866
21289
25316
16093
32037
12449
23653
4832
23755
9960
16677
30752
13260
18909
11160
23822
15720
5140
26389
28282
1728
25464
2532
6487
31115
10549
30104
22975
32522
20693
12702
31543
20286
8872
21527
11827
16472
9578
27875
5853
10865
17184
9982
14610
13179
13635
5136
26029
6008
31776
22079
3337
16618
25983
7240
6849
17802
26243
9166
16058
6972
19665
13810
18276
6467
2804
21027
28988
6577
9217
31543
20374
20258
31350
23227
12953
8874
1640
11912
11915
11788
14046
13463
10319
9773
632
2327
2859
18888
27476
10940
3023
10338
31281
6489
7315
21889
29909
17073
30465
23577
21421
12683
24211
1607
15028
13060
189
19777
31125
26153
5678
1422
22292
27077
10580
7026
11178
7288
9758
29613
3951
8969
5893
17509
7998
10493
13133
31328
7443
3945
8840
32374
28599
32260
6493
28486
17824
2688
13191
9001
24338
27163
12064
1636
17291
24945
27936
10658
26206
26260
23329
5281
32414
10590
10853
12587
5693
30214
30745
25160
5237
9714
19163
7090
18279
4812
2427
3465
12547
16344
20222
14408
6951
11653
16361
31992
14091
2882
17596
32163
19420
15250
19900
25100
14503
24163
1013
21661
19833
21916
2944
19361
16325
30709
15106
29363
15877
26123
27765
18550
26276
13748
19243
17543
9756
26511
17167
6576
16476
23264
29999
26719
2412
13211
21879
30038
4435
26303
21951
14499
18233
24805
16905
22739
22473
31513
12803
26211
19161
12776
13268
27511
9293
21178
5140
9166
3128
4963
26396
28918
16965
18420
14209
24252
24662
10967
32219
19431
12394
27419
17867
2854
6596
29964
9276
4166
26954
10503
25320
32168
31019
29836
1310
9715
31684
405
2499
22022
28101
28710
3736
31537
29583
20006
14522
31140
9697
16749
1647
18215
4532
6174
28191
7692
28515
13111
28321
23650
21775
32614
29881
25452
26690
28703
14814
2898
21202
12523
64
32533
32521
259
20489
5320
24322
27933
6627
30206
17238
23430
25275
11391
1273
7793
23749
26431
1630
143
4545
2960
20450
32735
636
26262
19303
10952
24473
4859
25407
21349
16273
26341
2125
3360
30201
32293
25446
10370
28676
13490
13821
8521
14920
9557
11776
12987
5061
165
12541
1595
12835
20534
25225
12314
6971
31246
27106
28335
14297
6232
15059
24490
960
31069
26072
8101
32495
23471
13187
2044
17443
15015
3870
32479
26781
16146
1170
3493
2341
10280
21896
12643
10319
16574
27085
6590
16893
13500
7931
18941
14373
23248
15190
20579
31957
18020
2036
1979
7540
13774
22049
5940
4938
12487
29697
9327
32067
27423
21623
27607
9967
16303
28230
13105
206
22414
5750
19059
28107
20872
23034
3802
2566
32203
6799
9271
20182
484
29415
22666
14351
30954
9735
26065
20096
25593
7662
1570
15296
32482
15735
3576
19243
19745
2432
203
31783
29456
27980
21475
2476
12122
7718
21357
2819
2225
25159
24015
4557
964
16122
26937
26952
30059
20990
1916
23246
17701
23084
23584
7070
13253
13145
14512
18399
31336
18814
21337
3810
21930
18199
19380
29864
20762
712
29151
19620
26347
28742
978
20929
18412
6261
21744
32679
24506
23758
5085
4410
26931
2564
8848
18532
10031
32231
13481
25365
5483
25736
10244
24968
9670
20638
19342
455
23984
13096
2135
5233
26591
30292
8425
3771
28227
16288
31449
32181
20541
7487
9883
16079
2316
8894
6554
8603
23176
14567
20104
22228
4114
9446
16371
20640
28107
2730
28954
30738
8196
28302
30974
23539
16118
31289
17340
15554
15027
2242
32281
6649
17245
15896
24415
9362
406
11682
17768
15050
13111
21538
22264
20773
69
26847
8272
27826
7201
18947
24063
4752
1790
2114
27132
20657
920
21948
32498
17374
5412
23589
17883
16123
6530
15907
25040
30605
21434
18423
28191
23417
31398
4960
8863
29710
8172
8892
4672
31302
816
14193
14310
73
9607
26507
17784
21555
12590
13991
26931
23
2428
13839
32069
2884
5909
28710
21911
24775
9313
8967
8170
32561
24124
3689
2597
21914
19695
22726
8941
29157
22879
20412
10359
25670
12933
1971
14746
31746
10014
7872
7465
16758
18340
9929
4991
20827
25724
31466
26203
32072
15473
1048
10991
21880
28513
12548
27187
32718
2358
9538
9087
22
14616
25515
23897
21902
2274
30720
14476
4517
10450
25552
14714
19458
9092
21147
15282
6088
3617
22839
17349
24089
2260
17523
9046
16857
9085
15099
9073
28852
31402
13947
10526
1378
8387
6151
2101
24361
10116
23483
30835
4772
23984
12190
24782
22468
5380
29132
27910
6420
1130
22997
8573
2113
6768
20832
24904
23513
21496
16404
6790
6739
27441
20152
3312
5712
29382
26008
24242
32
12629
27179
29562
12424
20770
32756
14798
4290
14349
20646
25250
17350
7105
8075
14122
29896
9775
11302
237
28418
15931
10264
14363
25267
18612
17472
27680
31592
30090
6438
6777
11130
27963
28314
26566
20696
29327
9880
28449
5894
19589
20335
7087
14950
3213
8482
16500
4279
1271
27151
25196
31451
940
11982
26839
9181
9500
348
10196
12594
21367
21369
31025
18495
17952
18510
22402
3356
5471
18771
12144
32408
13910
25200
23380
21373
29494
10595
32005
15637
13234
13409
10733
13036
10676
25600
7523
11224
13903
1108
25909
26679
6902
2392
15491
12664
19179
27280
2260
13021
28921
25069
11619
20350
32102
4593
10426
6546
20516
22291
12418
20202
21319
18533
16282
32446
6588
11124
19046
15532
22071
24432
3434
1278
15981
909
10775
13868
11908
23720
1508
17313
8391
15918
8097
1474
19871
31290
20232
19245
1982
7421
8854
3902
10398
30563
20377
31192
8490
15603
26761
3170
699
14584
19867
8207
5189
24286
2964
6499
18387
14814
7387
29939
9264
32734
16595
4460
30439
19346
23911
23254
25198
16872
7911
15130
7327
9891
18962
29634
29031
9285
29812
17665
24002
19251
5874
1523
22247
3092
11939
4645
4543
12666
24545
12376
24220
7364
20384
22146
27944
19011
9983
28438
3228
24731
29981
901
15410
20332
25390
28677
8156
16690
28366
1169
11574
25706
7828
14129
9401
20471
25835
19323
11058
1731
9501
4954
6003
24233
3761
11534
18505
20115
17143
25204
5806
26591
30945
3464
14399
32520
4884
9768
9712
18306
23615
23835
23294
26341
23980
26705
37
17230
1045
25708
22292
4354
1720
28544
31262
25429
17581
24855
17458
17611
3192
17273
29965
6780
475
29226
26030
22205
5614
435
24842
16124
17777
21669
29954
18668
4448
476
20370
21219
26056
28673
31819
15232
25306
19026
5635
7312
15421
12966
16587
11570
8873
21675
33
3898
27570
15987
15719
3028
27617
8751
4756
874
14089
25914
11562
5319
15064
8281
23912
16252
26541
30017
9664
1410
23465
23897
24203
20514
17417
21954
16892
7186
26803
3221
29778
12513
5646
29547
23634
26516
22807
23331
24565
17554
16818
31967
22878
26813
7997
5200
22542
7650
27499
28468
603
595
22352
5660
11038
6098
11960
29299
28589
14769
1469
5564
29193
15928
25753
1563
856
18247
26040
13335
21141
1596
31250
32158
29574
30487
18359
25161
20974
22237
22187
19682
25861
22842
32757
5668
14117
24937
21235
9409
5574
16985
25840
20138
32172
18952
16120
24458
5983
7219
24043
26771
22492
8242
30929
15742
6538
1566
365
17101
16751
10036
4885
29012
17572
17790
17345
13047
8710
28336
2913
31925
9263
1616
13684
18918
32677
15129
4310
23744
8528
27554
20953
26656
16690
15931
23192
1672
3410
28695
23944
8803
249
8113
3664
13201
15393
5736
21723
30239
28459
21868
13995
32342
11984
27102
27248
19960
17498
19507
18905
20166
19988
20186
5546
22085
17407
24606
16399
5826
13510
9037
12591
8596
20212
9498
14853
24225
2661
12096
10603
7460
1530
32616
14200
8621
28049
25933
15116
21865
31797
3102
23977
31395
28305
29476
16773
2699
31147
22948
19933
8246
6607
8711
5515
5351
19912
28728
3035
12685
4695
1870
31643
6540
12765
10859
29809
21184
15451
1251
8818
3775
15260
23969
17391
6495
30641
6599
12690
4217
24478
21141
11434
18668
27219
652
26564
1252
990
3539
32123
24412
23262
10713
18833
4321
8763
26684
22590
29081
6932
26858
24519
23685
31481
30598
30803
22531
603
6157
1531
10135
22336
18105
2336
10986
30779
28453
18689
11795
23452
24243
3212
3862
3812
13867
21877
23722
27260
7844
20870
21056
11686
17832
30262
21824
5811
25747
31356
22422
19319
22332
8933
17261
9722
1495
5093
21562
14704
9754
7786
253
9067
6047
15031
23492
32080
24458
9584
2672
519
1899
21233
15547
15351
25446
11492
17274
20274
913
19987
11552
13292
21661
12410
2948
30002
13241
417
18148
18393
31155
4393
8745
3508
16736
3492
21612
6410
27967
938
23482
17478
12377
21289
27924
12785
7787
3836
9658
18654
1863
31423
25002
16548
8568
6882
23395
21073
18469
2813
30958
24925
20536
3683
27167
12509
14526
3834
31769
30969
14993
32330
17936
28832
31541
19667
4947
8059
26369
27556
11913
3103
30335
3113
29242
6790
25365
4677
17042
11968
3812
27808
21602
26598
9200
18243
25960
1872
11905
19554
18896
22535
14026
26488
29434
10877
7625
16026
21374
14460
16750
22020
17518
1373
11263
4601
20443
3706
21179
2762
1178
24550
10174
26420
14151
24923
804
12526
21643
28531
10097
22403
10395
5403
25905
21854
16385
31045
8667
11043
17823
21726
17915
9542
497
1280
22160
8150
24466
3432
15795
15513
6402
7978
1658
16222
29606
30627
4124
1167
11280
11184
31830
17926
30593
13085
23821
8737
16044
18529
25908
6425
30141
28808
8432
29839
13722
16240
30970
19816
31337
11320
1350
9179
11090
2550
29410
15816
20358
30888
288
16204
5248
25198
23031
12690
2443
22774
18855
27628
13444
26423
6556
4898
25569
11106
4757
8970
25074
19733
27141
13912
28007
9170
7865
184
6931
8625
2236
12058
1263
22097
8312
8781
27234
7700
16669
14288
9663
20876
27207
5349
6928
2352
17627
10214
1042
18772
28465
21468
15744
10840
21625
31310
31124
20767
4951
22359
31692
19394
14289
25595
16874
9862
19563
12987
15934
19724
1680
31335
1831
3016
4660
17204
8152
17844
16568
27151
15960
12870
7950
28208
13004
14239
14109
15601
21497
13573
103
28641
5381
20883
17385
12564
10365
9007
30530
14782
21661
16829
21272
7936
23755
6802
10424
24834
9316
6188
15100
28738
28347
29216
7794
7468
24671
14675
25786
9706
9629
29805
5936
22141
25158
24715
17612
28429
20147
10805
10054
17533
9733
12943
9085
20291
18865
13523
10521
7287
15933
24574
13679
21801
25924
14538
32166
20472
6336
22493
1048
24800
2953
22592
7419
23380
4888
2578
9793
31373
16017
15742
30396
9249
24321
14826
18566
14551
25827
13681
8864
26554
14058
24724
1497
14188
26106
23084
24818
14781
25207
8099
4095
7548
5827
19812
27408
4750
2818
17296
10257
13372
30241
755
5103
28113
24598
22070
26365
3429
14697
6998
14485
30964
3059
16725
22018
14771
10470
20015
157
20899
30733
271
22327
3942
19541
25795
28343
21586
24973
26221
24068
196
26474
17532
16678
31414
15822
27099
30632
660
17993
2408
8768
19020
28385
3496
9138
677
23054
12473
10481
21201
18441
20616
31879
28229
9542
21316
10552
15560
25151
12306
12258
18634
30836
28674
21672
26616
16560
15169
18255
21005
32397
18065
10984
6635
17722
13559
16560
15594
6524
16819
14900
15472
29939
18037
30393
30146
3743
29134
12250
11289
3235
16869
22899
30969
840
5995
14526
5822
25924
29905
30396
14712
18749
15800
12759
27128
10377
2729
21189
5931
31544
25862
10415
20903
21844
32576
4243
25988
26983
15691
11239
18029
5182
8527
27263
502
21997
28833
27568
11312
23571
9457
31414
31356
351
32197
10835
156
26195
17958
21433
17424
1864
8856
31914
6559
29619
31568
26846
308
2726
22178
23205
29675
24730
14265
18125
22636
12907
21898
32710
4472
2468
15882
7172
23233
30205
14751
7077
26623
34
725
4436
31296
14774
9811
21101
24447
3736
7949
29281
4217
15205
699
3421
24764
3390
21129
9766
29953
20171
17424
6984
29627
1663
5765
30575
9200
27166
18480
8469
28232
11133
16416
11613
29796
650
16414
23103
12912
6283
13023
29670
24316
14507
10878
10582
32007
27058
9001
5202
21597
21780
24090
30845
17444
7981
26824
32191
9137
5323
9311
27114
9632
20973
24942
7582
28963
17866
25568
22634
26010
14357
25390
2099
15460
13184
23251
10202
31989
31103
16127
28953
30505
25422
27023
26030
14296
21557
21309
29628
11179
8459
27924
14702
25646
4345
11816
11229
13094
23424
10627
9524
4132
18365
16482
7698
31834
20716
17570
5679
22702
29740
8053
28739
25101
2945
20569
17699
18434
23071
22603
29229
4487
11750
25911
26343
17435
14889
20916
30179
276
4019
19694
11494
3383
22028
16099
30792
30342
10744
15571
5534
19545
17729
8689
6551
7600
21430
8287
3364
12744
6516
24153
26076
12012
20068
29617
23966
9102
21253
23419
28024
9622
8812
11785
28615
31738
9609
14106
11680
1679
19371
15438
23407
22559
3142
2013
18654
14011
13813
2953
18425
30290
11963
12241
3983
24963
2446
9064
7387
9392
5398
16101
22627
28500
18354
20668
545
16278
11452
25965
10465
3102
14094
24571
12522
16423
7364
30368
11744
15829
8260
26559
5097
23241
27260
31514
1039
2804
23147
9029
14310
11688
28131
21339
20590
12533
10125
23791
3130
32562
5677
27205
10450
27354
24871
26818
29527
3226
32323
30626
19557
18343
29869
12009
9021
26709
20800
21148
11300
4326
12291
17968
22022
26783
32500
21571
17247
16674
24069
7818
19036
9719
16485
18955
16445
2668
13056
15244
5117
2463
27721
30795
31797
27865
2359
32495
15422
27677
7053
11455
17557
23809
27999
786
12932
17341
7634
24838
29439
31362
31523
1397
3277
25357
15851
27941
21992
22139
2465
24895
6181
18271
22112
18947
26903
18962
10218
6585
14641
30538
13806
25579
24108
23790
27014
29905
7336
28969
21508
32013
29974
15294
750
9625
14293
10651
21831
8189
9371
16048
13840
1733
6423
6657
24591
8754
4821
32762
3791
25904
2145
24323
16616
13960
23983
597
28544
23127
30650
26380
24338
4031
13164
26493
28015
14044
17342
12489
258
4857
15136
14003
32087
32004
17435
6574
24799
6720
19765
13114
28653
27450
11285
15473
4357
18174
31719
17117
15958
5770
15106
24461
12421
25731
27592
25704
9900
5415
15566
29633
28579
23171
31806
13867
6270
14566
23161
8846
25686
12181
16384
3194
29005
22976
14996
27836
11980
7093
17820
6191
2319
12372
29128
22741
28132
10947
12276
7462
3759
16483
17231
12712
946
28418
7868
14528
13451
21330
12664
21704
10750
17305
26365
14433
11509
683
24103
4363
22213
7958
7062
32755
30387
21148
15187
5387
28855
30182
26038
96
31104
23670
2951
28073
21431
11486
11619
15899
29320
2351
12897
5253
9567
7093
4598
26520
12527
23521
21782
3718
31097
8071
12956
31696
8779
19530
19180
6744
18055
15700
18135
190
12069
12618
23999
28393
10811
21630
1787
18916
26492
15207
23164
2540
32255
24911
25777
20167
32579
32588
29097
3671
15215
20337
4984
4462
6878
4165
26587
13028
12506
23668
24863
5351
27560
10949
5694
16531
1478
2636
24140
25538
7280
28385
15121
8486
3944
8657
22264
9877
3575
10963
6696
32163
29999
17725
6896
19062
25460
13687
28008
27862
9531
4784
5717
14212
24336
22737
9550
12749
6366
22191
14877
5982
3691
19589
31080
2650
26914
20129
13457
11178
18197
16477
18650
3477
13122
31569
31181
13456
29461
30407
19163
6743
19759
879
7235
26428
11622
28501
3893
21951
18957
9743
30007
29792
11893
8507
20169
14769
20147
15657
7492
7855
2212
17876
3080
13138
13871
20503
13526
24931
13514
13085
891
20878
1600
13850
31919
9912
28337
17976
27708
915
13274
18645
15971
3695
24982
24043
2171
26451
14245
9935
1243
17484
9389
25887
1530
10245
29310
1525
9429
26264
1946
28001
11921
27812
25077
5655
5474
31904
12025
22884
26795
22126
9421
29543
6247
32051
215
6013
1991
3943
20352
10493
13084
25896
24887
27686
27896
26836
4280
17237
30352
24022
16014
19579
30565
2496
9686
29391
6180
29595
28231
18624
17610
11642
8047
15918
23051
23638
22847
1753
16885
29205
30154
17690
17361
19948
30794
19665
2890
14055
28004
4766
10961
25798
8365
6996
7487
2827
19308
32682
2748
6737
8354
22580
21728
11231
23111
9618
11801
19325
11223
2280
16461
4999
15885
24718
9920
20287
6126
7432
16183
5991
6410
25144
5726
7440
26879
18642
29543
5805
62
21521
18164
875
11794
28584
311
14533
16350
2556
4951
28242
11686
7824
8214
15330
28624
17600
8114
15818
25132
5811
31496
21372
22579
1163
25087
11355
18060
26590
24868
5837
9685
27498
31378
17809
29343
6916
17941
32595
28346
12242
23695
27773
1972
27834
4762
30545
1692
7962
18030
29237
27915
6074
17670
30797
9062
12287
2686
15439
23645
12129
25024
14739
20919
9502
10079
31594
15954
2608
13251
28337
14693
16253
12423
29094
22281
15439
23839
5626
12792
259
1726
18727
17044
8709
14198
22275
10027
32508
24738
31381
16761
31297
1153
28968
19822
17558
8995
17311
21810
4373
28297
14856
9831
17766
2568
11636
11438
31285
22766
11269
21868
24547
8296
9032
24782
23420
163
1221
17418
28650
2354
6357
232
18280
27824
29620
5762
28985
6054
16599
28487
10137
11950
22656
28742
12788
14297
21391
3498
14166
29519
4507
2176
5411
10037
25921
14785
3592
25300
23228
3724
25905
31991
19638
6579
14780
20884
15198
24185
13934
687
6587
14490
27045
16508
1344
1420
22926
23748
7072
29445
10392
11657
25316
5821
24105
749
30650
13173
10127
13392
30224
20280
9529
2233
20449
32481
6183
32375
1615
2781
927
13832
30963
20786
5922
1081
16241
2240
29854
28559
16719
18887
9957
7398
7
32682
23646
28504
18266
10227
14842
24416
14312
662
23146
19775
24574
6010
19856
21151
22191
13621
11315
22391
3366
19736
5110
28206
19002
20587
8075
15107
1091
29433
12068
27308
3372
30416
5418
31805
17610
25922
31538
25164
17772
22831
4909
16211
16052
16007
26846
16725
29349
11018
26514
24773
2300
13394
26635
1699
11460
26388
23229
24040
10277
17315
25149
21540
29309
25525
29174
3430
25778
11626
17694
20316
1990
14218
16872
10171
12715
17166
7419
20961
25689
28131
20772
8122
8991
746
16199
27104
12854
2883
2716
19206
29852
1227
1303
10902
23583
25059
16424
23193
8120
13940
5541
19672
11291
13872
15621
9024
652
26650
16590
8075
31220
13128
26704
13853
5684
10471
27028
18476
27065
12161
30608
18724
13649
29563
156
21322
14909
16610
12586
28575
29319
10855
3761
5383
9110
8615
16106
8874
32511
25776
20287
22939
17822
25793
4225
6584
8422
2642
23257
26065
9845
31316
19969
29452
14827
16570
25011
18311
16637
1080
23138
11328
24005
10059
30249
30258
9052
31353
26113
27329
30891
25562
26422
17240
7550
8151
4380
5201
1498
32562
11006
6933
32657
17991
7767
14212
22035
4497
22852
5271
26759
25455
13626
17475
26139
16168
13812
21153
9368
29997
13488
5197
17721
1183
19355
13324
7101
13841
5514
17329
3003
21391
5610
21569
20534
8671
23802
22869
24945
32518
15416
23488
27908
18959
7960
16242
5168
30727
23548
8348
25712
31308
4449
3093
15952
23048
25430
5885
7810
11512
11571
6560
32047
18290
31623
4508
14219
20390
25170
28487
14252
5668
885
21067
20124
22430
22886
31123
29869
19439
6696
27243
25612
9821
18043
4834
16793
27419
14672
27507
18422
15890
19327
23525
10462
3810
24508
26480
6329
17955
27336
25633
14445
22512
19428
16768
20854
24486
2443
8815
6201
10473
18016
20053
26773
18920
614
15740
12476
13026
31855
17592
32321
22250
18391
9290
24946
20967
27249
32259
6887
12254
5826
30381
18267
14708
22125
1702
32187
27054
14575
15822
4989
28924
23180
32419
31539
26998
22409
29867
29024
8293
32668
18963
27530
6405
23969
24725
32144
11401
26510
4511
10558
27488
27305
14769
19487
9143
2041
4870
8082
12607
21754
9080
32544
31280
29845
16798
26893
15758
15438
30007
27949
5803
14784
14027
32249
23021
11334
21135
22498
11985
18172
29322
29414
2864
20198
5110
12896
29633
26990
27625
18212
9696
12052
32564
30667
3725
22113
29067
17228
12984
2844
20455
4557
27836
17857
23081
26552
9001
14127
4096
20240
23750
7329
1292
27398
21974
4063
16452
27079
31387
10166
10901
18585
27417
31909
20683
7718
27676
26073
31925
24343
27004
604
27012
20709
28064
25225
6005
7916
12865
26051
688
17858
11888
8294
16751
18630
17883
24062
19810
26108
32076
5047
31827
15384
22642
22293
27654
5848
17636
11493
25955
21911
13923
17524
31446
8224
22623
29438
26103
24000
30909
873
26726
8863
4056
11827
13305
1871
2502
19882
7706
7846
13532
8795
8810
32201
31092
15308
30891
2698
16109
22894
16860
1012
8692
22477
4261
31011
24578
32266
20726
8794
7206
16267
21228
20559
24837
17905
31988
26057
1055
22346
26930
3949
20052
27784
29220
11733
3494
3123
29314
9699
29760
15706
15465
2901
26808
9935
3001
22937
11153
11924
30652
12002
30212
11664
10248
15739
30207
2950
20646
26460
19311
22344
14707
14331
27323
12072
21703
12388
2192
3504
10581
6540
29412
20115
4946
20706
31541
32738
8410
17192
22034
21379
3471
2433
5085
17632
8579
23755
5839
18140
30552
21294
10812
3595
28069
7157
7961
19234
18332
11677
4539
27052
16618
6700
15585
9983
6367
32197
32245
5487
22735
15224
28303
24513
22968
31838
14139
24803
19748
9446
32636
25562
19793
13418
7953
8187
14480
17158
29814
17758
23531
4521
1198
11664
12554
24684
18496
1160
13144
32547
18816
32220
4193
19506
30735
27189
14206
5539
21925
16641
3253
4213
24590
29287
17115
23094
23667
5504
8443
14548
26587
18116
14076
3248
28913
19138
17789
10484
32520
18709
23812
1575
27228
13203
30808
766
27035
11719
5675
10101
6308
2210
5628
7711
23694
9837
23612
22458
18668
23298
432
3335
27215
7228
4630
4825
6669
5804
7691
13419
16193
31373
9260
2038
8467
5370
5500
29059
11834
2399
30982
18430
23999
16174
29379
20621
3331
22483
12733
1056
32515
16617
2421
21320
24795
13998
14978
23628
30601
19124
11900
18298
23284
17114
11032
15803
25133
25723
16532
11626
9460
32741
30550
20838
13950
20493
208
11878
32117
641
28582
31373
19777
31645
15123
9023
9350
11010
4489
25906
13549
1092
16023
10952
6184
28643
10256
9372
22064
18557
9834
20570
8401
14401
15460
25045
26729
2727
29163
16979
11757
18014
22079
6699
13868
9094
27986
6291
600
12832
3185
28083
12738
17603
27173
11006
12517
29584
25948
32193
22950
19304
18372
30716
26842
32092
1912
23410
27913
8804
19422
6908
4721
26452
14799
1570
28750
13581
19193
21228
15193
10480
13442
31222
399
29081
8430
6339
21299
25545
16707
20051
32022
23459
31083
17912
14358
15900
11225
25701
29157
11949
26736
19208
4876
19786
672
9626
26159
4248
21202
30196
1170
4187
9990
21028
27612
21549
9914
18624
8475
31350
11790
24442
1289
19352
25639
24565
15758
3434
4305
26327
22661
10984
30056
26912
3011
1065
11512
9146
13909
31377
22435
10576
1802
3399
5443
612
27698
6633
4945
5020
12452
5503
12806
15965
27142
20910
1215
28571
7240
8751
12710
4336
13938
30335
29839
4075
19616
15319
18720
28586
13130
7006
53
6315
24521
26782
17538
23263
12823
21556
21115
22016
3031
14028
26480
15397
22677
2125
11261
8852
27470
22353
7585
21719
21811
21720
15277
24082
6570
18493
31584
15507
25494
32617
18256
29611
8152
3910
3595
28604
8470
30838
9215
28820
12474
1094
31895
28153
12606
28125
32423
10885
13736
11194
30730
26805
12880
27997
29834
30268
10985
8515
31743
413
447
5912
31675
28152
19518
4649
24358
6436
20660
24600
7078
18431
4440
18387
13250
11522
2186
25798
30086
15641
31324
16976
30761
18097
32594
19316
7405
32530
11366
25298
5959
31215
31823
14037
16448
16187
24067
9773
14619
29503
3195
18560
8504
17642
5046
28508
25400
5736
9984
13169
23906
5110
11380
25085
26949
11508
8640
24199
1695
9019
15912
19664
11646
9394
30158
5895
2981
8988
16944
9276
12593
24116
21490
21271
28797
21500
4574
3274
30018
2898
2345
1092
22275
27844
13047
30119
10920
7589
13090
31229
22377
4448
29751
17191
13037
17677
17602
21525
10419
22850
22988
2365
28850
32300
23201
1349
6460
26078
22999
22019
26664
12520
24459
26024
22320
2348
26862
3128
12184
24301
257
21822
2321
31785
22172
19901
12252
25129
29621
28265
13874
9558
31199
30231
13540
15182
2065
18547
32575
28471
11689
9457
20018
28756
3760
18950
9907
11989
7520
22679
32606
31476
3299
2994
26975
6717
24926
6268
16531
18221
16686
19050
9962
20223
27506
12212
20240
16835
30665
27143
23116
26800
17245
30587
19880
30395
12064
1988
25170
10089
4949
12716
13634
16353
3155
7361
6685
9797
1157
29514
5465
834
8118
12416
16803
8678
27531
7931
9341
434
31057
7019
13868
20209
17657
28552
8401
13640
3425
22860
31446
16525
470
4703
139
16348
26838
27603
4369
24296
9242
21009
29304
27024
13780
19731
8484
28083
11061
20692
11893
12100
4146
29189
29351
8865
20616
21250
5622
24864
10749
23812
13574
19435
5097
6552
9347
20751
16374
16464
6148
1743
6180
19640
12342
4414
24080
12427
13366
1549
20341
30247
31294
17057
29683
26431
17284
26728
30735
3024
3935
29550
14716
5462
10668
7979
26777
2623
30832
3488
25402
17824
19647
25762
11435
7975
15068
21877
9970
20305
15777
17052
29013
25564
10529
30704
4124
22656
12429
10480
16792
10202
852
10584
9316
26793
17806
5109
4843
19260
26523
21431
22570
2859
8455
17160
8632
10566
4785
21852
21251
459
21549
32521
7644
4828
28774
20314
1078
1839
5512
28894
10026
22792
31773
1030
1855
8548
18806
2031
6633
26487
29004
17789
22607
1113
23207
28841
11089
28413
19455
29724
22730
1122
25249
6908
22034
8205
6485
3334
9160
6326
8766
20701
5838
30018
6145
18593
12948
28145
18986
23748
30874
3545
10443
18713
20784
2195
4965
16430
29057
6196
3852
22748
25295
30590
10183
31260
3840
19544
310
14620
30298
5756
23159
23955
29323
30320
2377
81
10988
24759
12402
30746
7686
4424
13663
2228
25686
21311
14603
2111
4173
28883
6178
28357
20379
24456
13925
1042
12717
31909
6480
8134
14196
28137
5626
12200
4201
31354
5694
30781
10446
28702
14616
17306
27958
26797
21073
29302
26439
967
3423
9091
6079
26818
14215
25855
12725
9446
30020
9349
6946
14813
26348
20778
22175
28773
145
25541
14960
17224
6437
16782
6338
30350
29922
11499
15665
12017
20201
14470
25485
7569
9770
28835
3038
5097
20867
11953
20389
5122
7980
19230
7269
12518
850
8560
30562
21336
6658
6802
11945
14018
73
12651
6992
12911
18586
9653
22783
8954
3695
20749
5808
2055
27955
21062
25778
10800
24160
771
9204
23875
17125
27525
31360
12970
7114
10433
28998
12330
13846
30902
7963
24273
19953
24829
1281
17961
27910
9122
32681
10162
2091
30258
29238
3727
8260
12053
3652
1920
27236
23838
23849
5392
17206
32097
28282
13328
29084
17221
20434
1091
31893
9946
12750
26971
6244
11628
24156
14372
28399
8280
25654
17408
18277
9758
7081
24723
20771
29112
26779
11199
5593
31786
24012
13267
22248
31835
9564
19967
23055
4387
21134
12556
26951
20901
203
10313
2539
14303
25578
29385
12060
6527
11694
8907
27492
8952
27792
4474
26009
2262
18367
15063
5381
25422
15462
5619
2243
26650
16429
15713
15980
30340
27906
31723
19444
10688
6681
4484
24782
25982
1585
17534
25175
4288
30490
4861
10097
29417
29300
6316
5998
26391
29625
31918
12337
22963
17278
31704
14223
17479
21493
25373
7163
7055
18103
3657
18531
25554
32704
16115
28501
24434
27067
24492
4454
3011
20353
1917
17108
24601
28380
20881
29802
805
10384
23854
17316
27265
29084
2538
5652
6281
27069
17435
1028
27757
15156
30095
22109
14468
10185
28285
7112
4835
26384
23228
6418
5167
14827
5939
6357
30895
22352
31633
24149
22437
5708
27710
16296
25823
31048
18577
11034
28809
32396
2371
7119
6469
23041
8995
16810
25726
31803
524
24686
12536
2742
12308
10787
14252
11616
32007
6332
3796
21848
14868
2806
25410
24822
24005
10371
23541
16651
9269
20840
23534
874
32637
7332
5696
26279
27759
10770
10343
23326
32647
19344
11994
5431
15902
18785
2020
5353
6113
17872
14511
18045
5250
1046
10402
8341
2477
5758
9964
25452
27966
14279
28257
23903
6065
21450
7046
22701
2777
861
18663
5755
4309
32630
17841
31515
18241
20372
6780
20365
27305
14170
20585
15430
30275
10109
11885
24881
27613
13793
24812
12020
22548
24831
16266
25972
26311
8842
9534
23451
7115
5458
3752
29785
992
12904
29348
25832
29156
27011
2335
12373
7239
6306
29737
31804
11967
9971
32588
8915
9277
18164
26908
9769
32031
9176
27408
26800
9639
32300
29584
20218
8364
31674
17999
11968
19087
11950
30427
12072
18545
6135
29043
32327
30627
10480
1560
32741
29022
2112
10726
22913
30389
7679
25253
32661
22727
11034
4252
10268
12601
28664
2725
18000
32484
9821
16519
29624
31434
21135
22399
27234
14671
12216
29984
29806
27558
15244
11358
29900
21897
9515
16613
27973
19245
9033
13487
9664
19317
30092
21461
22718
2662
5429
12965
2344
32731
22787
20982
25930
20089
4180
23992
23327
5862
22926
14799
16847
2870
14269
20770
15478
22182
11134
23278
14887
11661
21275
2657
14129
6543
22007
23652
9120
22036
7981
30648
4871
20728
11124
21316
6525
9093
28230
5805
31206
6046
4673
26920
2420
3388
6349
8844
27757
21535
7423
4780
4142
19901
15805
21219
1648
27519
29475
22000
9674
23852
21286
10756
4983
933
2423
8474
6746
31700
1706
21383
29503
21983
10904
12498
25188
19617
28162
4805
20024
4442
20343
1732
13154
32677
1911
16734
6661
19883
18392
28706
28738
3223
2665
23988
28159
3402
13014
7200
26087
32079
1995
10605
10162
20497
18268
17014
22439
18507
23205
22517
24415
13761
27821
23009
23499
15150
26769
19706
11385
12413
8926
24226
2066
30011
12862
27374
14888
18253
15191
10493
28206
29150
13296
29064
11208
26780
24917
21435
26694
8996
5629
27715
20842
19642
29291
12969
13682
7230
11602
12510
11346
26715
9980
22807
26178
19458
19436
28122
17272
28439
2755
12377
6455
18282
24928
18688
18440
26088
17739
7754
1864
9235
27476
3544
2530
17839
12919
15300
24670
25278
13827
27699
15387
11695
19196
6953
30680
27091
27837
18082
2425
9744
23777
7902
16648
4057
31332
4348
30971
29277
5126
24522
7093
13823
14832
16092
8783
29703
21146
9179
28823
29335
30444
16928
12889
7392
22948
25729
7646
19349
15863
6507
16307
29088
16763
25906
13227
277
32068
28324
28455
7268
16973
23012
149
26578
29978
17782
26679
3882
19612
7574
28198
21423
30805
14798
6550
13910
29117
30919
11611
4658
31971
20064
19885
15152
7255
30717
13096
29956
31816
19233
3862
22115
6378
21056
1265
27763
9242
11214
23844
12928
28229
24476
21778
12784
22150
7780
12377
24185
1550
8099
28504
657
31433
4518
20207
20518
9535
20456
30085
27024
7608
21403
29008
30404
13475
4741
27600
6858
25144
16397
13981
23921
22877
9366
5475
23873
16838
32523
26923
23985
23905
9403
8412
1434
7409
21352
4865
25068
26616
27034
9420
160
7131
31033
25179
14317
1601
26715
27707
28095
24252
5211
24107
29541
939
11051
4898
18825
32351
12011
27283
24678
4732
22458
29423
10293
23714
18380
7532
1512
17485
17852
24325
27
17658
28964
25281
14408
21132
9580
12601
1082
23789
32479
29012
15300
14072
13828
9814
3762
25751
17707
3865
30464
5160
3142
2713
6986
18214
26362
9655
13700
28165
26870
13878
20971
31581
13444
9994
31291
12875
8029
22994
8483
13333
6594
16803
25078
4364
3016
6919
26787
24759
7412
25925
5607
9517
6663
227
13249
32195
27931
5994
20007
27879
23535
12393
1015
13644
128
6076
25648
4680
12249
30990
11106
20346
17195
21661
30051
943
30496
12605
14148
29446
21869
12192
5507
23635
23719
25300
27266
13762
23127
4621
4408
7357
11088
18341
18471
32015
22080
20833
16526
13129
13446
5622
11743
11876
7491
25548
26995
21673
18100
7425
32381
12238
20927
25777
12861
9314
13259
12661
23670
14443
29397
26921
9249
11597
26560
27123
29795
28909
31469
9344
15805
10775
3852
11153
22403
25629
3634
23735
5519
7617
19755
1626
26166
16213
14609
12032
3195
15393
797
25036
19075
25349
16062
9285
4169
8800
9704
31066
659
17200
30639
5538
28197
24442
9492
10472
31540
6124
16415
24806
13597
19649
24878
2385
14935
24037
30348
27926
10406
13913
12869
23780
6546
9946
2617
32490
17176
21437
32368
19426
4255
14878
6573
23886
18478
4153
24646
28929
4059
1304
8498
17890
26503
9071
23908
13805
27336
23492
14679
12666
28455
31186
11499
32706
21132
2352
25967
26783
3574
27950
3583
11155
24687
12288
29200
26636
9792
19742
11849
23270
12385
31466
25493
5426
12339
14227
8310
4150
2929
7482
29852
17076
11364
16724
25270
7024
8791
9040
9352
1260
9803
28281
30013
22134
22508
4893
22015
22116
18115
31471
198
12703
7084
23722
32109
3166
30347
29431
3339
4148
21563
6801
24448
6989
4295
7079
18254
29941
23005
8834
24491
11097
9599
11111
22740
32402
252
26047
24227
31967
19487
21109
19812
13362
13478
8608
10469
7407
1525
4962
2508
8688
8460
24591
29997
27084
12471
27538
21084
17753
28164
18445
29440
26479
2298
19392
24937
18927
2440
15916
26916
25604
15548
24696
3532
5545
566
21779
25634
27756
3547
10907
352
9585
29134
3582
29899
4281
1180
26591
32648
14756
30646
26939
32432
30901
12837
19276
15271
21142
17273
18093
5801
18524
770
1472
16293
32011
12099
5709
29007
21597
8612
7787
25201
28351
27239
22692
24961
9885
26845
6996
20089
29407
13274
28498
26339
21172
26214
31186
6195
9870
9397
15754
19546
6766
27994
30484
25752
1377
2743
6292
22162
25162
14520
10394
8100
17891
21185
2122
632
30207
7652
25786
17112
1554
856
22427
21440
7410
20262
31516
11192
18399
18214
29963
13152
32450
11818
15677
589
15794
1913
9009
24083
22460
11903
22256
12195
26340
5826
31031
25304
32103
18456
30424
25676
31811
27416
13150
12656
13049
31182
18160
11996
11410
26803
21368
14563
19936
23515
13572
8811
10502
15473
4460
5627
10811
16993
2869
3350
458
18004
7093
20936
28509
28641
22648
15998
21116
5121
10211
12315
9297
22468
10519
24135
16046
27459
21272
3594
5201
28886
3887
21147
15974
25735
21132
20594
845
6086
31536
13988
15006
5470
29706
25200
12906
423
25696
24853
31172
19197
28273
17383
13440
15986
16729
31394
23611
21696
564
10238
4764
19330
20614
9348
26840
24227
27099
9119
16508
13846
12458
12022
10599
23495
6783
27641
24853
19922
18777
24506
22308
244
21585
9471
23312
26430
893
18581
22338
20241
788
16359
15689
11846
20947
11727
1895
11693
28319
27051
29519
2233
2411
31924
23085
5497
15196
2443
18919
2250
2603
21013
17314
19148
15052
20361
17289
28562
14157
4295
30153
10270
3072
21228
15584
16268
16348
2083
27928
30861
3105
16574
24910
24343
14139
10885
19704
25179
5865
6733
28519
19192
32158
21453
3145
24942
5928
942
19825
22741
30863
8161
29147
20943
26432
8757
28138
2491
7018
20777
24821
2603
425
2814
1026
27800
16354
18193
30161
1621
366
16744
2077
4290
20090
1163
29214
8642
29357
17813
3154
2159
14092
18058
31101
25100
29467
13035
24815
31546
14661
10888
7685
20847
8830
28310
2290
18597
32039
25857
15551
26959
25394
26116
32401
14993
31622
2038
10795
3248
27301
23911
18355
18376
13964
22891
11961
4797
8667
20022
23157
26227
16949
14825
21328
24898
21994
21932
20903
28324
7379
6909
32203
5937
14462
13127
29004
3278
22411
1463
23927
18209
12374
22347
31517
17480
3799
12588
10134
16842
31174
317
21254
461
13058
10484
9183
28810
5939
28265
29607
15871
8366
940
2300
16355
4506
6236
13013
12255
2385
10613
10506
6651
2313
874
22039
3927
11188
10868
28189
28955
5413
7465
30505
26544
23667
9552
9913
23089
30114
10996
14460
31260
24192
15799
8794
14158
4814
18537
18868
12334
2976
8921
7661
29224
19975
30187
15401
7773
19692
9707
84
18072
8767
14113
10087
5764
25426
24742
26342
7453
5247
16758
7597
19045
17
27589
493
30040
29794
14999
28786
32289
11584
9611
16679
24718
27797
1783
17627
19138
1607
2106
20549
3114
25438
10318
30790
28850
16485
4253
25455
23608
11026
11286
21699
14912
809
13439
21438
5610
669
10765
5526
28194
4344
26930
3008
6679
26110
21174
15286
20974
16269
14857
17400
12215
11976
3544
12880
15520
16501
28382
3931
24168
1186
10493
17221
14615
14735
17037
14292
22765
7624
5620
23464
14488
11666
10614
27329
30634
20360
14671
8257
21833
13446
10239
13683
17192
28358
18662
21005
9399
1097
14608
20914
3735
121
14930
699
6737
18700
17558
16951
8775
14891
16755
6448
31211
19924
9729
16177
30254
21117
24299
9732
23100
29946
17093
29376
31846
8608
32416
2052
14175
171
12508
1405
31660
4573
9790
24750
5462
11112
27970
31472
31202
24590
13235
22711
12930
4231
8824
24088
13965
11299
11185
13448
18989
25776
32515
15847
13656
22942
6191
14525
26369
32353
7146
31171
22671
16407
30441
24229
17806
11883
29499
24070
2980
11193
14299
22724
18119
26739
26246
4222
32174
11715
19402
26452
29317
15217
21856
19694
27621
15624
17083
31936
2563
6708
17377
29068
31784
9839
31354
12840
10849
29660
4390
23425
10103
19827
23828
3040
32545
7263
15825
4972
13433
15524
12125
3569
1197
1285
17028
18911
16887
1573
28523
8342
23247
17644
30314
9184
24927
29740
17177
17599
10039
29061
1454
22378
16706
2438
30342
6290
2040
18196
30721
6121
26582
21008
2707
11237
5643
8500
18200
21185
32117
830
21352
9414
30667
17233
1324
15304
10012
27800
9968
13299
888
28972
4985
10696
28909
14392
7000
22882
29109
22363
26815
17150
18605
31565
21908
30906
8201
17350
26564
31133
2118
5787
26586
15832
25441
11818
17872
22603
4167
26361
16420
20811
27276
4250
303
7843
29279
17874
9907
23768
12478
4090
26547
11698
11238
22948
19591
24567
14
29826
11567
17530
28756
13956
27112
21588
1016
29249
4605
3186
968
20120
27872
8784
27611
16791
6521
30211
9602
12955
14270
25981
7548
1977
20612
25869
2665
8797
28564
293
30593
3889
9218
11616
26502
27969
23226
1219
9207
20572
18268
24388
3207
8893
20298
24712
31438
18923
11007
25585
3645
4829
12706
27096
29783
10594
730
27159
286
7872
741
12235
11212
17307
23780
8792
17348
22809
32633
8109
29128
23876
18324
19401
22892
30384
19850
31101
28363
17245
2152
4212
21624
3806
15238
5234
21944
13243
25183
12761
20718
11285
3743
29553
9814
5512
27774
1384
32502
11350
24909
10648
32722
449
30798
16649
15712
29112
4553
3767
827
7094
2140
6037
17435
25320
16531
17361
17925
14734
22201
9562
24255
15267
24301
1952
21639
23744
27512
11419
14084
11582
19805
23310
17533
31387
17202
8717
12105
20254
2607
30141
22407
5310
1413
2395
19727
24385
28656
2687
11688
8609
19344
8610
13179
21171
1013
23518
1991
17674
30329
25078
11735
13850
21714
8342
6705
22681
5607
17884
18961
24107
26851
14358
28437
17469
24200
27086
826
26673
15559
12036
22791
9916
12429
30650
31752
2701
20959
5046
30078
20016
11817
25475
18773
13617
19667
6841
16214
132
25110
30590
19614
548
9230
4941
12623
5115
30224
12534
7813
30210
24125
11238
30860
22441
31063
27817
2384
4217
24788
1709
14100
19448
14129
25417
4967
11469
20105
7677
22100
11044
7526
30204
6618
12884
30167
30951
27036
16831
12995
19164
31448
5370
20348
12207
8349
5935
7575
14711
20537
9663
3324
16461
18929
26155
14905
1872
14838
13108
14108
13037
26004
25921
16768
29789
14507
31234
23655
3694
18275
24403
32585
6023
6172
25955
20396
7398
18852
7189
6389
2861
27053
8102
30334
29
3966
6289
25576
27041
3816
29359
10163
5646
22396
4003
19467
6569
21499
30837
6629
11626
24078
21117
19019
27391
6711
7043
25076
2580
20488
28964
27416
722
4755
26487
386
14757
19745
13041
25831
6211
2087
10630
1398
14314
31349
24337
16048
232
15025
24822
13434
25441
9476
21766
1649
3405
18707
32675
19837
16832
29745
29988
6057
13678
11218
31355
22066
5230
11331
22804
29149
5438
16281
10753
31118
15624
232
23637
7959
14627
24501
31437
30286
29149
30637
29878
10850
14968
4247
28170
7535
17010
23175
23261
9807
11274
14932
27127
24756
27647
14925
707
17267
22171
29480
23144
28963
32240
315
25653
30439
17762
23023
8514
28040
20069
5489
4948
12487
8840
170
22274
8433
16051
2930
10518
8883
25516
26368
23350
20784
20448
26789
31684
5713
18017
1211
13570
7516
1835
30168
10106
21449
7339
25671
17309
27729
8834
8632
26282
6215
27014
19766
16081
27435
7433
29530
15001
7293
19807
32446
1919
7119
922
3253
25567
11038
17048
31289
18456
29538
6464
15653
10988
18276
10760
23973
25893
2256
19386
9194
30846
25483
10105
20002
15808
21318
30719
25255
15916
10068
20008
29302
15385
30904
32436
24548
11998
18051
7496
32140
13810
11357
10423
6540
18258
26465
19584
18673
7459
7470
23448
1903
9881
6458
26729
32598
23
29802
7706
3521
13976
23264
16145
22288
23117
25621
27830
32665
9351
12583
7290
23707
13528
17780
24089
12659
10613
19815
22299
19731
5855
18322
6049
7087
8899
17405
11358
185
17950
11710
4580
3344
31396
21194
27937
25973
22371
7691
11561
27966
24740
14259
31286
2382
3858
32719
5612
3908
21022
5919
4322
13555
4513
27173
31071
5139
29379
29308
26465
5685
25629
8811
2532
23805
13594
11962
6496
31371
15523
10948
21396
3642
21243
10958
25730
6541
8935
24727
24763
8550
5651
26160
13532
28537
24753
11022
11865
2049
28771
14174
377
10161
16987
14744
28834
24046
25792
4695
30935
5947
10068
21096
10111
11253
16213
24353
32104
18240
25249
12532
779
14913
7709
24644
29202
3982
27478
29814
6167
29410
18793
10572
22191
16662
23841
7790
25767
21580
23648
9546
13453
24686
18624
8478
9330
29655
15737
11603
23279
28751
21638
32269
30054
4157
26371
12032
27530
19480
11482
29829
19490
13343
32670
25325
14090
4682
17591
16405
14458
26752
17088
4922
27018
7946
26157
26383
31222
30536
14641
29197
1823
5794
4831
6411
25683
15810
16783
14
14414
0
13443
7522
5121
3870
26826
746
26258
28470
7525
20916
29347
9968
4777
3024
10455
16376
22756
14435
2962
11184
29251
3575
1
24610
19443
5909
12379
16696
21127
1302
25446
10799
9626
9526
27964
11081
11957
11242
7503
20418
8051
19060
19883
6
6882
17076
30587
21537
3629
27969
28879
27255
31864
26040
14236
5813
16908
20820
28164
32007
4788
29631
27608
28044
14182
1576
2396
5127
20262
1174
1866
20439
5928
25980
14361
18473
32309
28557
20094
4204
1871
8657
30004
28933
16280
25081
5113
10308
19312
25840
26073
14231
20190
1458
17582
4350
13617
32353
19944
14527
7143
14230
17546
12123
25805
8693
21621
14272
13160
19972
6889
19904
22932
13885
6217
24770
30571
28513
28446
9912
21096
13072
5215
6993
10188
30871
21744
32623
32321
4105
21608
27867
15038
29585
26903
21048
31914
17158
31048
27445
1348
7616
15811
2311
11842
20138
3478
16151
13240
32409
5909
18423
21820
24796
10784
13979
4680
3605
30628
18374
1504
327
27236
26562
9588
27439
31994
16468
26375
20440
12568
25327
4753
8810
3092
25384
17058
21314
15524
30058
22601
1096
19942
26091
26164
22397
2979
31710
22296
3028
31700
7403
21332
23619
4453
17628
10705
21785
31802
9625
16428
5010
14960
854
19991
9129
20197
8459
26620
28717
16634
20772
7396
30999
18839
32378
11160
17435
20848
16771
4869
15229
9351
21957
485
28454
32498
913
27036
27639
22239
20973
14432
7517
2005
5330
32413
27942
17213
11160
920
5523
27168
942
3410
22958
13362
13198
24495
6109
18448
16880
14039
27320
10438
27966
16605
19480
7316
1865
23199
28272
28914
14650
5101
16481
16337
17355
16109
20104
6692
4023
3773
30619
15263
8814
2395
9908
11198
19214
20674
2028
28682
7055
1878
27436
13208
573
21378
18752
2002
5996
18080
7981
8825
29543
11033
5061
15595
8361
32205
7032
30882
32336
5813
3693
27902
9934
17606
25810
16964
12002
24857
3440
32230
20679
7498
4738
25605
22443
4382
199
4660
24418
19304
17622
14207
15452
27181
29362
3500
8148
32262
11166
30656
19531
15558
5682
27077
28213
18269
7343
32203
27890
1788
26000
23085
18431
25978
14945
19733
21614
25847
20692
16706
28307
23231
10770
28681
29697
20848
31823
29850
6581
22112
23201
9349
29328
13881
3858
20861
14859
27878
23284
22619
14118
19635
4468
8550
19361
8367
16498
30161
879
20053
23440
20101
14440
14956
7561
33
7742
29996
5061
26687
19122
29090
2090
32762
3591
19542
15668
30637
12215
25898
12360
16380
25446
20613
22085
9241
2580
25521
1629
22848
5014
24706
1827
10116
5191
1081
29156
4046
25339
32167
24635
4899
21300
3734
6112
32549
24473
23652
10433
25565
22691
13297
12628
5815
27546
17596
15659
26318
5568
5960
29129
26218
22476
17093
32180
28103
15769
9708
32203
15129
3616
10027
19674
21452
14244
16386
29036
2832
19500
22445
7648
20885
8758
12547
30399
12947
28074
28574
4941
8718
25869
30780
27742
88
18167
12389
11627
30423
21447
24910
7141
4616
3989
16894
2249
15556
24680
27823
117
195
23721
17271
11450
12382
24024
2087
7474
23961
11134
11124
27092
16992
21091
5972
25541
32273
31744
30891
18545
19515
23095
19495
10971
6310
31554
12904
1841
5267
6634
20325
13476
12612
15865
14603
10615
9151
16625
14631
17749
21968
2814
26245
5607
26701
7210
22873
18854
10909
13776
32479
17646
11131
14419
20543
3412
18168
2319
28851
32570
21951
5264
30443
417
24989
16642
26033
11326
833
25833
6089
5071
19776
5651
8987
12463
26716
25802
30484
5032
17669
22350
14921
23817
1568
14722
11101
10745
2312
5349
2341
27659
11986
25796
17931
24339
19158
23214
2736
4407
23146
18217
19414
12617
27121
31395
30588
5972
19221
12971
32074
15220
80
26465
13872
3819
433
3371
28491
27506
16093
7850
7176
3277
596
749
29579
18594
6645
9188
32082
30859
26821
18711
20757
19050
17900
2711
3569
27389
19712
28725
19654
16050
902
4339
4574
7356
30646
18104
463
16486
15487
19016
23970
25767
26315
19314
2612
15863
28676
22924
9949
18018
8663
12316
30544
4059
28472
15320
9410
4306
24230
27601
6735
7945
27056
8939
153
3235
30136
23952
7346
7038
18935
24485
5692
15042
9921
32445
26830
17082
25098
23693
1178
8931
11562
9633
25165
13891
26589
10317
3639
12796
9358
22501
28332
25121
16853
4144
18858
10440
15678
11547
19899
29537
9036
19115
8733
6726
16573
16693
16929
24211
30992
12753
10193
31287
26181
14092
2517
30283
9700
3549
12440
15267
30528
19163
9894
4515
3837
28588
18521
32596
17360
29889
30388
17079
30854
6976
29071
21082
26440
6978
7412
7464
12829
575
13770
31877
23728
21958
14768
3227
4948
20082
1580
24302
25413
16153
29445
15159
18480
31814
27629
25199
13046
22506
19811
2090
28078
1358
2264
30246
233
31052
21521
3620
32313
6847
26572
7670
21492
22328
4518
14810
3637
28659
7484
4358
10532
4873
22673
28804
22647
5350
14256
26688
26681
24062
23442
18016
6858
24764
65
23763
10280
11195
5694
17709
17004
27705
2848
5810
17304
29897
1407
17072
26767
7239
6160
2835
15717
2321
12305
18227
7897
15476
17128
27376
29984
29285
32519
1025
3045
10610
1042
8585
11149
26360
26180
23019
22463
2965
271
25312
22308
19424
23810
28615
26731
8536
11504
19004
18577
18331
9807
22763
28255
6617
14558
2214
7988
25735
27019
19382
16644
32600
21651
9071
3489
17257
6891
26632
2873
12731
16095
17065
28192
24039
13305
3524
18384
28941
9764
4009
10031
22798
15377
17237
3600
30715
22746
9099
24571
26573
8421
11303
11825
9814
17932
1454
1259
15735
24314
3881
7651
15252
19928
14900
7189
4165
31274
27986
13511
8526
25075
24707
27079
11218
17952
10265
14580
17859
30243
25031
25855
5021
32479
14331
15219
1620
16580
12141
31731
13706
12603
29432
17603
10758
19268
4522
10379
11362
29533
25367
20823
27651
21159
1522
21729
4687
27972
11486
7699
5657
30723
11649
4040
25440
12607
1498
17619
11066
16644
19413
4418
28683
25716
15133
10468
8698
26729
21810
3848
24486
14172
18363
13192
12052
32390
3357
24838
17133
11844
31564
24694
8166
22976
13538
30172
13951
14798
12398
6743
17648
22292
18958
5983
5472
8046
4928
26443
27737
27281
21749
32534
15225
12782
30695
25954
27754
32729
18221
15037
22548
23018
16652
5924
15888
10915
27153
24773
20576
28244
22108
9
10078
10044
23871
5330
12787
23793
11016
4354
30217
11010
9498
23612
13635
8922
21571
25838
18923
1255
18761
17039
20524
5372
12230
19749
28545
3572
822
19979
22637
30873
6735
11761
19053
27076
31889
17444
13867
27589
13853
11024
20468
5892
7626
15875
9836
7657
16758
9267
4480
20474
27802
3331
3485
22595
32033
386
22303
15099
31355
28468
23053
22116
8941
20502
18947
27379
25387
5084
30319
28337
27688
11901
12032
12257
23341
28657
19548
2787
10281
2361
12562
14168
20040
25249
22223
28807
25286
10050
15316
32000
3590
10698
17575
22910
6878
1664
26121
2834
4149
9858
11049
23678
2257
2129
27671
2783
15722
29072
18555
9616
29955
28169
14983
9546
20346
16369
22058
32400
7773
9581
2183
13130
16383
5973
27557
10160
12491
25911
616
15977
18137
21151
28864
32756
19391
6549
1056
20808
26794
30312
8242
32183
6317
8362
25545
6168
5464
21884
6679
30501
29069
22284
19488
20770
22159
1371
1646
15040
5980
29764
9990
3392
3645
8890
18332
30683
30875
14161
6147
16482
17684
26111
15591
30498
1998
25380
1726
8714
2315
1993
5372
8976
8702
2853
14726
24016
23518
30054
12394
24694
1336
12206
32717
5087
12681
21851
5157
14075
22284
10891
27816
10614
32465
23519
27651
18839
15119
27520
8528
26984
22459
28512
7490
7959
31065
1219
10147
29852
7699
7421
26881
15004
13576
1917
23716
653
16358
23818
7875
1052
12987
12365
27383
29131
1544
10128
24303
223
12056
25541
21862
10361
29327
22730
27986
23555
17734
31467
4446
17613
12118
26025
5019
16120
25971
24505
12658
7572
3196
24656
5086
31237
23375
31134
8152
4779
3810
19608
11026
31938
25744
27131
26855
11654
3760
17550
9106
7835
22380
6311
5535
4525
26065
27888
30624
14164
22818
4203
5665
15674
11890
14772
990
1919
9329
11143
15411
6492
4487
641
18899
28935
24607
4139
17853
23255
9542
26420
17004
32681
1396
31998
30542
12930
23465
1117
16504
16758
22204
26011
18072
19912
240
30655
25387
28498
26057
24334
5360
10023
18974
13523
6300
25976
10862
23644
31183
9908
29560
10565
12359
27635
10501
15097
7508
4757
28425
12661
32139
20262
10474
8015
8895
20357
8992
23799
2605
18502
31486
8510
8951
29012
14543
788
22740
13787
20517
18582
14085
7013
31342
10056
14219
9283
8136
22942
4759
12590
16919
11714
8770
9774
7764
29073
11902
22203
30760
24550
13644
32034
17337
29468
816
16683
8644
16590
12258
4601
25068
17121
21319
22321
32593
12741
1695
15711
19301
21495
1536
8597
15099
26315
1539
24661
2465
1128
4541
2992
10032
11028
1265
19632
9121
18866
30339
29684
3362
30088
10032
32154
29801
11590
18557
3170
2889
19780
12269
8207
4483
6412
19063
2833
990
32280
25655
27490
16762
29661
6244
10926
7009
7432
32130
18870
607
3591
25049
31478
18196
23755
11301
20613
8263
24012
13455
318
27517
12878
10716
2333
23498
3043
22245
10475
2792
18738
23623
2334
8326
20470
12891
1019
994
18506
1897
23293
19354
7459
19992
23418
24512
26142
4137
13956
556
7804
22885
4110
12566
19818
20180
2383
6116
902
17968
19052
576
20896
29081
20305
1390
7357
29578
31711
21468
29538
28428
15181
28411
18447
26666
11976
11086
13577
2212
12125
15041
11612
7400
10009
12603
16161
23869
1391
14198
19197
22338
21209
24591
21738
2967
10178
21209
21050
5082
2724
17015
6361
25813
31086
24618
21458
245
8744
16871
8468
12030
3801
28333
15479
2302
18601
1301
23546
30592
13891
12331
8526
27905
14717
24188
17561
30120
20539
28528
23668
28465
15504
19162
26421
32043
30759
5838
31092
3427
30434
32691
13768
160
31936
18072
29138
19344
2820
2508
11389
9219
10388
31656
14723
3671
2463
31664
17972
24371
23170
17883
7027
1401
12781
11310
16641
12405
28225
3727
26110
9819
573
1241
12972
24304
29914
28460
26487
13959
6259
24711
27954
19759
15657
6040
15012
26155
25222
31186
13123
23458
11361
17601
25407
31384
7937
27034
15554
23325
26245
18199
14967
2244
11650
13697
2889
3927
18159
6414
11117
16329
12094
28270
3746
16748
10444
1441
16311
17252
30587
24331
6478
25180
32669
24266
31713
5752
19477
19015
9474
15754
16312
17419
3047
5512
30202
14805
26405
15166
5830
30953
16316
320
8621
23722
13652
13091
29763
19307
22470
6380
4038
30083
14814
20169
25089
2719
8544
17663
5488
22877
30792
31780
11429
3350
25430
20878
27882
32250
8650
28683
23592
18275
6765
14546
22024
6243
14800
14522
31831
29343
1496
32170
1711
19297
2682
24657
13652
17128
964
5655
27484
26115
26909
8019
13331
11742
15821
26046
14237
12827
19136
7976
25309
16676
9606
18537
18070
21184
10399
19611
29136
2277
16630
11398
19326
13006
13483
14940
12125
1612
18197
15783
21023
865
24072
4991
12489
13835
3155
7936
3930
19038
9613
7675
19117
9941
16146
13804
416
234
16968
19756
22902
8164
29735
1128
24954
16881
5624
25682
23013
22388
860
5014
25090
2208
29073
10512
20880
14662
13297
28220
16744
32491
10683
9710
1888
15646
14614
11075
10606
23561
31571
31959
3089
19781
32371
2104
24556
21235
16361
18843
4788
15624
17569
5070
18253
4328
29248
5230
6448
20279
3502
26714
12048
19435
722
21607
24765
19622
22940
30294
29768
24900
31817
515
13928
10927
13026
24286
29212
1019
30726
14751
2962
16815
2794
24118
16968
31584
25246
28161
24177
4997
26258
17986
19866
29062
4184
10960
29325
8726
23211
2317
11382
20931
8625
26391
22852
21963
22653
21315
22354
14130
14296
26567
19015
29713
19009
14006
10043
27441
31026
12850
19483
9688
32677
25821
9806
29667
26071
3728
11416
3605
27212
31056
12351
12975
31763
6781
18797
28737
10827
21581
25302
4799
11494
27513
10394
26327
27309
1334
24173
18306
8324
16743
24821
10714
3568
17681
22131
6955
19158
18703
21158
25932
10886
263
29165
19760
20471
28316
12203
8120
22356
29925
31727
203
14520
16414
21589
12457
18487
21918
25639
15228
30493
24585
28616
18225
14970
3015
3923
29573
15070
1973
31871
99
12641
32282
30662
11885
5606
6620
2246
3545
673
27636
7655
12158
28887
17695
20286
27694
13029
22486
18609
13895
20356
13953
8028
10629
8779
488
5684
19738
25974
23530
5610
15361
2277
29297
23571
10127
31336
13989
9605
26699
17209
5216
22532
4351
7882
15842
28446
14351
28353
24519
12371
27402
12353
20790
27257
127
22124
5210
17503
15378
11814
15126
24241
30926
12059
1012
19739
19901
24067
17247
10929
24758
9253
27923
19855
23415
16409
20945
23996
14068
13267
25943
21333
20718
21469
8335
8167
32710
23524
21511
1820
6292
11382
32417
27290
7028
5642
31884
3368
31264
21825
8818
4370
11460
9323
6387
13775
2317
1613
3155
6370
3971
11810
1135
32254
8986
10463
30966
25197
24323
11195
30165
24499
32456
11247
25587
8558
3224
9146
18975
29312
18912
10409
6727
9584
1563
14101
24298
23566
22506
22253
23759
29270
27751
32182
31992
4247
24758
20943
4818
10453
23006
13050
21166
25451
20183
11288
3188
16116
14565
12852
32406
26476
7716
21699
21828
2195
10851
17194
10719
8082
18997
19329
5807
4065
31814
13975
13016
32616
19692
9526
2698
15845
12286
21160
26489
15245
11497
24697
32141
21238
4352
3967
20442
27188
7188
2584
25042
12099
23365
9139
2233
29605
9751
12690
29018
27467
29129
24782
11769
21177
28386
11675
24712
16486
9484
24525
21790
9569
293
12443
8356
16698
2452
32163
6098
3360
11481
11567
12890
25159
24168
10167
11874
24461
30136
2727
2104
21084
919
30817
6721
9938
4544
10630
31027
8991
175
9074
24708
29231
30644
14341
17187
16778
6983
12969
21605
30328
32155
22160
7490
15976
32118
4670
29121
32402
1855
3144
23217
26332
27737
27995
18330
11258
17583
2943
7411
11482
3728
23197
29333
1855
190
17983
5744
24492
17089
22680
10109
24707
32641
21188
23795
13422
1556
6737
19902
32766
27861
8189
19501
7826
27318
9153
10731
9851
23255
31247
30768
30813
7767
13913
6200
24024
20586
24274
12277
31592
171
3448
22273
6538
26548
8786
4054
2337
18924
27382
24897
10007
31905
25423
9236
17223
16727
29597
22812
28315
27487
20413
6994
29809
939
23467
597
836
24288
14661
2328
18568
22957
25426
19672
981
12124
31170
14418
21832
7846
9015
28466
19239
20684
10181
3534
29379
14051
10486
4372
28835
20847
6930
31425
25566
5684
25501
1493
6345
26697
16672
32579
20178
22126
24621
5868
5548
5023
16797
15566
1453
24042
22044
24185
22388
18301
29416
6339
7886
5635
981
12733
11483
11313
7829
28390
23916
12699
23350
7070
21424
27853
5612
21469
27152
919
32273
26404
22871
5544
5738
26548
23318
25950
2732
14847
19271
733
32318
14428
3376
11615
14401
16126
14218
24267
20686
13351
19427
13704
17278
24729
32065
12435
2864
11342
18952
29135
11014
4968
27933
31389
18609
26475
27212
5805
15343
12458
14823
26900
14161
17407
22448
20382
28226
24767
14585
4197
23621
27373
28170
1442
4478
5550
29379
15300
10356
4605
29315
13759
18709
5536
840
19367
23803
20059
7191
22397
22765
5475
19102
9289
16297
30485
27672
21352
16864
25320
28017
11304
8067
6049
22186
2450
11837
8134
9600
23175
10561
29268
15176
26639
11845
2996
25118
21997
3022
4844
11582
4471
17583
24339
14514
8868
27852
28935
3118
4967
17188
13666
9528
24891
11535
8873
27787
11519
30403
1991
6846
7429
32029
7866
20513
9574
9375
14221
25576
10904
16821
3974
11915
12866
22076
10400
21356
5710
18500
13627
19899
28224
30229
27667
17558
8903
19313
22639
27253
24466
15385
31387
27590
22373
18323
19607
12500
3692
27177
32529
30445
7887
7989
657
1220
11142
22684
12532
32276
30063
3993
11035
6790
18078
21180
16100
17365
10228
30002
26969
24368
5363
17222
18728
17888
8656
24616
5460
12586
18378
12525
27689
7543
19387
30936
3701
26802
29421
2776
23285
12274
31278
13393
7694
12377
807
17695
2493
12092
27625
22745
27089
11651
17609
17746
26712
27219
22638
21094
30295
30955
31272
7923
11454
28108
3715
22309
14746
26397
541
8183
11661
29773
8884
23542
15739
8442
3715
11592
19591
10002
11727
22766
21054
3128
27325
28486
28945
11881
7014
24020
20745
991
21037
20033
4790
4661
2129
30372
28265
24781
22206
16129
21411
27247
12585
24591
7372
21042
22363
24383
11048
24480
28877
3065
32520
1557
1654
25129
8253
31592
20193
30202
27346
8653
130
19681
5115
18682
7754
18398
31560
2697
29305
767
7198
17822
11188
20005
13160
32201
20567
8970
28042
8494
31756
15491
12438
31203
7069
13059
22211
20121
6918
16993
27931
30335
14799
7387
19059
25699
31128
28506
4768
27930
23286
31480
31208
19747
23677
26559
23735
12679
28702
13491
32659
18435
23220
26899
2898
6761
12761
27357
6539
14660
27646
7824
25930
31163
14011
13365
29704
19128
1891
17824
19162
25929
6620
10740
1000
23622
20909
8805
22561
20276
12633
17474
28973
17513
23532
17458
6051
28273
21715
1726
4477
24753
29168
6671
17609
30538
13294
31993
29345
30272
30930
22329
7772
9180
15571
1787
29958
25166
23916
10144
18702
3223
4783
30141
30271
6822
4828
13415
16881
20673
5170
30638
2945
32295
8453
30823
24830
3828
29201
21807
19493
30020
17166
25772
27536
11675
21893
32022
11306
25221
5601
21750
14054
29561
5833
24878
26289
25347
22189
21562
23205
28707
927
8885
30847
24304
12645
12575
29523
13440
13772
3805
10878
27148
7999
25217
29917
23376
31127
27468
11324
29745
21813
15345
3345
24994
17486
4764
15979
18888
17031
29235
5669
20316
15042
24796
27999
25682
7991
28607
6446
12216
18374
28685
23443
2784
2699
31041
24746
22977
17076
9382
7204
17051
14735
8729
6903
2266
9703
2576
7508
3901
13713
4315
3290
17719
21826
32554
8969
918
10916
5072
21497
7266
29864
12998
20812
8712
17949
1395
14689
10679
20098
28714
18122
3339
9496
245
5121
28393
19004
15249
18262
1962
21236
26297
15148
31867
29384
16040
30309
17923
22483
12505
2331
27207
3353
1297
8593
3531
22299
6047
28009
8186
16041
2274
6935
9928
15864
1549
3989
28054
17396
3879
9304
6998
471
24150
388
29679
14075
21596
26716
18659
28396
3682
508
23855
26050
2293
1610
16499
1710
29774
20266
25938
14546
7638
11249
30492
28246
4841
2333
12970
10680
24794
16451
18058
28003
5688
9288
32349
18820
26960
7636
15740
31769
10227
27652
3298
22346
21626
23903
16454
25085
5126
5388
30343
26277
21005
12354
31053
25690
15634
24575
16366
5679
179
19197
6542
1216
24809
19426
17035
22026
6796
24502
26904
20352
11541
22683
25895
15963
29096
10424
10125
14897
9042
22903
9312
30153
15503
752
15524
4654
19983
22437
27431
10242
12985
6255
14506
31509
17649
1208
15169
3126
30998
6891
9469
32073
335
15657
9671
31642
24200
3646
9359
9329
695
6867
5031
6119
26724
8932
25705
11767
17256
6005
24096
472
12021
8321
23590
18314
31958
16180
14153
8112
2552
24666
24179
23965
15402
29462
25227
29617
3361
22487
31126
31206
18111
15240
15650
678
21653
13063
10212
12768
20134
10969
5792
19034
8557
32540
20553
9545
30498
20412
22890
18463
17978
25834
5828
3236
10541
14282
824
3912
25467
29548
31976
22455
14321
510
28058
28591
29736
31296
21085
23566
21840
312
26222
11312
10795
29734
30044
4983
22108
28346
6251
16683
6882
389
25398
27269
18400
11438
17305
15110
15263
29414
6350
7949
21205
6301
17878
7337
11816
25462
17179
11948
28910
28153
29523
22017
23863
25481
16295
21823
28941
14485
16149
19069
26874
13074
27923
7017
19403
22312
13173
26516
25492
3115
19344
29968
18420
3534
15008
19261
23962
32147
28007
28640
28424
10374
14103
31349
17047
21803
14194
29127
20924
11701
27696
10173
1417
6776
29089
1911
7287
8353
13971
2457
7522
6437
10102
17127
31701
21495
5310
16659
20872
31614
22665
10706
20775
19526
32642
20533
22101
29942
30981
13367
14065
12930
4740
8339
14744
31905
16937
23256
21867
22146
1212
6590
7954
6074
21192
13755
1793
16770
28921
18386
19705
13343
8137
10924
19666
22689
28251
4585
2169
4816
13479
11192
4917
3940
30936
165
16942
17012
17394
1459
17967
10801
10680
5291
4779
10708
1997
16051
13822
4309
16409
11554
1782
8798
29294
1171
19346
12543
31084
32313
15625
8867
11938
11122
3342
28867
14837
6046
20563
30937
28742
15409
29260
12568
1359
31495
5685
5466
5326
4856
2390
24666
18150
17069
10886
25891
5058
3505
27374
7368
27259
22475
19471
15446
16188
19084
32519
26375
17572
14628
2319
20664
21611
30330
4425
25757
19273
20859
15289
17460
23571
11185
13712
12919
7720
24088
22193
16214
23307
24622
31854
18276
24401
25930
402
7121
21182
25646
30629
26264
23467
15583
1387
7929
4522
28853
3758
8746
877
8366
2365
17482
21476
17927
9013
28054
12966
22798
7807
6111
13202
23090
1434
16444
18870
29020
7579
8444
26992
6018
14706
18398
5586
32377
21102
23685
23883
11018
2564
11046
2436
30025
30924
18308
1673
25378
28364
23582
17705
4405
2297
31142
7327
7652
16379
31414
28530
19113
21553
20415
6041
18349
15093
18242
24035
23959
28961
9794
150
27042
22225
9465
3414
24563
30827
9162
4681
18473
26845
11383
27257
26677
4390
5012
10618
4460
6424
20027
27212
17370
19804
20482
1410
7130
9910
1322
29348
15844
22154
15641
22739
13477
31904
6410
4779
30037
27172
21252
10606
32325
5617
28936
2910
17335
9743
14479
362
24307
12921
30260
10253
13207
9508
28077
28532
32559
23358
1535
26335
1797
27571
1522
22345
22587
14070
29891
29003
19990
9214
29466
4670
21149
11919
8251
25760
3427
10938
24448
24504
29857
24999
4615
27261
29831
27538
6312
9653
8404
27412
12842
8538
9381
3492
2486
321
25738
30045
2443
21758
1759
28674
17908
9986
22106
7999
5239
1798
13024
30257
9040
5037
1181
12329
9502
18276
25939
9389
25819
3213
29682
7360
22033
23774
1642
3428
30027
28675
11709
23388
3274
15755
16472
3126
12666
22017
24227
2185
3109
22361
9687
21372
17125
143
1296
23431
5855
10378
26787
18558
2606
7238
12209
27339
8734
10290
8188
12282
6555
20695
19450
16508
6121
32443
7976
10916
16277
8581
1185
16118
10667
3681
23535
417
8489
7590
12321
21834
12980
19383
25885
17163
25738
24871
20280
956
10936
26144
26884
11889
27533
25861
7017
12355
10318
16470
19448
29012
7723
8148
9595
19213
29554
14566
20177
13226
17667
30268
1017
17145
10244
17074
17772
29790
29653
31607
4528
18971
26694
19822
23850
13774
1032
468
15412
27195
8034
32292
29551
31308
7973
31543
25178
26966
21474
14256
31780
4254
22874
10647
17087
32284
2614
29508
30774
12415
23545
8063
31296
21617
14130
26853
31765
26395
8182
4238
4736
25068
17037
2028
17974
21398
14444
29174
8294
2650
6499
16262
26001
13190
11544
27392
29340
5180
20660
5941
28708
16244
25820
5511
20497
27972
22499
5965
18798
22368
8254
3705
18040
16093
15160
376
30964
32570
999
22105
2246
21152
30302
22834
4288
11113
13092
447
23992
18144
22245
15437
9181
23879
31336
14806
7755
4895
28353
2926
19676
4003
2504
3293
17473
23702
5833
25230
17490
29502
16253
3752
2211
6833
313
24954
1880
31567
614
18716
4666
2960
23601
17491
3594
14848
11395
31926
13333
30855
1076
19471
4616
3310
1404
12548
15366
19103
18090
30455
25848
6572
19736
5418
20772
28435
13406
2343
22274
6721
21958
12383
25162
3028
1024
25873
11602
31141
12055
25197
9367
1030
1188
13306
10393
16456
24642
13365
8685
19585
8257
24187
7053
20619
12959
30760
22386
4176
28211
21761
4453
29509
3116
15055
25618
9525
21946
10317
1118
13376
23051
836
18170
20515
16505
29173
9272
3770
2818
25527
11806
22979
23800
3297
11450
27108
6649
23018
21684
29424
28962
7631
19498
25958
10368
32693
29111
26938
15559
27600
6613
30168
10567
2947
13926
11111
27675
2249
7309
20810
6820
8403
23746
7661
6710
18931
24870
11198
20752
28856
17939
16249
25490
4187
8440
17321
20906
10841
10596
7532
2192
24930
30816
15990
15539
15218
20994
6232
8179
20286
11583
21762
18448
24785
28161
30855
22882
12663
1401
20513
18891
1754
27831
21109
20459
11627
11640
21784
21138
31235
27967
15185
27771
3786
11943
545
22583
26457
15607
19840
22631
28699
30199
23274
28718
11513
26114
32026
32742
13110
27229
1302
6674
31383
19911
15467
9364
18888
4945
21690
6689
16891
25456
28787
32753
19922
20305
10465
25531
30591
24172
13671
30176
27178
6748
6153
5095
8850
3310
29485
22313
4856
25720
27811
31693
15929
12908
16868
13303
3642
30764
29079
15165
27016
30240
7770
15963
19520
28935
3774
27431
26669
24970
28307
15559
4145
16919
13671
22561
29414
28396
22089
3219
26756
19570
7379
19684
22534
10189
23399
13435
30600
1457
20152
27855
27636
21367
23180
1823
3037
11888
961
7779
18859
13689
19342
21890
2297
6351
20492
1477
25403
23589
22005
12684
8100
32500
8107
3904
25159
32531
13692
16520
22140
27015
804
2496
22661
28060
28307
7591
25201
9781
19441
20823
16449
3424
21216
19579
20298
20013
30977
2492
19674
26817
21945
15228
30750
23718
29493
26823
2883
19813
12459
22150
20444
21847
6627
4342
21124
31416
22519
10585
31172
31485
8023
31724
1079
24679
16143
4632
12779
5593
13645
29932
7435
27879
27933
971
1467
18991
2424
9058
5444
27628
24957
22749
23665
32456
4606
9563
4409
29938
18494
13727
20381
21361
10745
14856
25044
27064
32421
31427
21414
10106
32248
31807
21782
1215
26538
18401
12355
12344
18556
11514
22160
30671
4217
3574
18691
8067
24188
3542
24555
6771
9458
12768
13766
23096
3041
19348
14689
10360
13354
16099
11073
16056
16395
30876
2626
4210
17639
10535
13182
31592
2634
6005
14704
21047
14888
8247
13914
29999
26213
13646
7651
28002
1946
29059
20997
15867
22807
5241
32550
24530
13860
31455
901
6973
23693
26346
26072
13352
14429
11523
7988
7272
7401
6333
15404
8268
3856
7689
6461
16757
1218
10925
15978
13288
15807
11250
7715
12642
6561
7325
15211
5868
3869
12065
31546
174
10374
26643
9504
22536
10642
15582
22316
2015
16993
2744
28940
19253
29627
31189
14965
18941
2202
8410
18630
30765
18664
31892
26600
27412
18825
4074
2680
6382
32156
16400
1320
14006
27902
16638
6498
10299
13328
9761
4911
13942
12475
27472
32344
27
177
2561
14027
22638
13557
28349
22591
2136
24221
25297
20763
9658
22743
15943
7316
29953
29738
30228
26646
2299
26366
23187
10214
5353
10079
6706
24325
9429
4606
23660
7767
12325
632
2295
32516
14961
16603
3902
7199
30354
26727
16913
20358
8187
11153
7067
13833
32333
6478
32149
16078
18213
18317
16826
18931
21048
1797
11899
6774
21411
1074
9203
8018
4220
31130
5405
22507
16813
22357
8517
22444
6402
972
25020
11503
7296
6593
16336
12061
19449
18320
26363
30742
17629
13236
10075
3283
22611
2700
23650
31050
18312
6495
11215
25489
6727
6815
12509
23111
17355
5994
26554
25136
2513
598
27962
1823
25073
28526
26317
29721
14637
3448
9903
22199
22987
17530
24670
4556
25440
7548
337
840
2350
22414
487
24924
2735
19981
17054
29407
6770
5155
18821
9969
10022
27021
29684
20446
15093
27809
28794
1349
25875
11663
5399
29049
24982
1767
26027
3623
29576
24411
24239
5177
9530
14535
22563
8955
25308
12398
5319
25212
9035
21638
20878
9528
4906
29432
26960
19699
30260
17761
24767
30440
13008
7772
28316
13091
15334
31747
21547
19244
19698
9139
6628
23525
11351
11024
1131
18101
26613
4681
21954
15846
16381
21406
11966
28748
13316
3103
9399
6184
26199
8630
24452
29003
18831
2663
21414
23167
19557
6359
27844
9762
30663
29195
15448
24084
13099
4211
167
32468
8995
30759
6134
28133
22065
112
13307
12151
13277
22154
24978
8003
25094
7592
14513
12471
5238
20537
18590
31315
31417
18026
5215
4179
16430
1516
13171
29326
21086
16119
27327
4510
24973
6799
20939
12097
20367
15878
22574
7679
221
10178
16199
9229
17384
18752
23598
1394
17069
601
13802
31080
12938
25028
21477
3845
13904
20189
20637
17690
9881
164
1179
22876
13404
26121
23977
4801
6590
25447
13888
2861
19755
2382
16704
15438
27302
10373
24035
21444
18269
26447
26612
4742
25473
15342
22588
15233
11860
28774
18750
21890
20612
4995
13348
17493
28855
31517
31224
32047
9831
15259
3351
23113
3824
14518
20195
20942
14567
13184
30137
5111
22958
31140
3875
21620
325
6639
29262
17167
16483
16911
14014
30604
29894
10651
832
21715
12231
11860
18720
10065
27441
1451
16285
667
83
10115
13210
8788
5460
22071
32662
21074
29895
26591
16350
8700
895
13519
5889
26358
18597
20321
5765
21249
15367
26869
8152
8476
20147
2101
20873
7663
25029
29854
21688
3946
8061
31548
7884
16298
27285
28852
31588
12060
22481
5256
29327
12772
26071
14743
24383
31872
26433
22499
18939
25512
21233
27543
23509
21369
28324
17737
32156
16851
1994
12156
30546
8192
11926
3433
9184
3990
10065
22271
3337
24222
1523
5672
925
3829
10228
18766
2031
27891
96
20254
5768
31051
27178
16267
11549
10802
29890
22038
7103
18372
24297
20813
30290
26531
13253
27538
14912
19425
15920
20766
31855
10528
18006
14150
13168
6135
19839
30972
29177
13720
15401
23704
9621
14256
13914
26329
11674
30607
2612
24358
24155
14473
27850
26906
17568
11676
31026
22336
15699
595
9692
6939
13692
27369
9249
30314
9840
32690
24095
20905
8772
26551
1733
23515
1160
5792
28714
22407
6962
8664
7203
14593
23513
28907
15124
31210
31012
19763
3334
17914
27777
5299
22778
25853
18458
5187
28285
1564
25861
19694
25981
20574
16826
10392
4187
23663
9419
25059
21569
31647
22479
9044
23478
28717
3743
8626
22384
31430
20166
13743
16745
24905
27442
14539
22069
21197
26672
10612
14482
19685
23447
23154
29505
26147
7490
12674
19732
8666
23492
14657
9033
12584
26968
2636
15894
17716
21783
20390
21381
22197
9326
27226
11394
1716
16590
30817
8242
31890
28069
17093
22919
25932
23182
22279
6930
30718
9668
20415
29976
9126
25309
4226
8679
18987
31157
30984
31850
11422
29096
21390
17660
27839
32004
634
10362
18371
22717
12606
15772
28244
21603
3198
27781
7642
5714
17781
29848
24313
28713
25749
1166
3418
22397
12141
6341
3247
22222
9680
5083
20209
2745
23092
17788
4076
32624
10584
21368
27134
616
5418
14617
10268
15441
18151
20659
30997
10059
31876
7036
26651
13655
25933
15262
15999
15115
12748
21643
12988
29323
23276
17809
2231
10932
25694
29358
1861
30362
7740
4005
26350
28981
10732
8529
7665
26967
17992
10554
11655
2529
9979
12134
21612
21047
23342
7794
19100
29425
1893
9697
27226
25300
30371
5811
27255
16384
18133
28217
3537
20842
13421
809
27674
15501
18766
2286
14299
17245
29416
23873
9656
7805
17316
21501
22773
18353
25474
29999
31033
18582
29696
24941
21906
24977
27455
20586
14522
7429
10849
24007
21145
8905
21301
6187
23306
24537
8470
1685
20962
22091
18704
6129
47
10629
9541
12522
7869
15022
12175
19456
17887
26978
3943
24538
2667
19626
16134
32733
27655
30763
3017
27389
30883
8605
30170
31955
18759
14975
13069
13552
15375
21001
22792
18546
3956
21347
29351
29141
17100
29716
1183
29451
24596
26301
17761
32206
4846
9735
3137
30261
12518
27610
15319
17285
5881
10448
11173
9034
88
4073
21755
12967
14953
2688
18200
8683
23055
10365
9874
18020
22059
24781
15352
32376
11107
13839
21941
7153
27938
5008
311
18585
26591
30330
24401
6407
14499
14152
6110
16824
32197
1917
12456
8802
1272
30614
19336
7044
6793
6461
4046
25154
24033
4543
17122
18032
16209
12480
21548
7917
2831
24366
24626
20530
9595
31347
28416
8490
23719
28655
29133
21061
29463
11429
17371
10952
18373
13620
12959
28775
16232
31242
20770
32021
21238
15316
6823
26395
26472
5176
10382
28519
21181
30407
32632
10791
12865
15917
14252
5527
30223
6571
1210
4887
17877
28360
24670
30337
8919
835
23718
8121
27447
843
24919
21126
8819
14322
22670
16544
9007
480
3747
31242
7733
27716
18770
14241
2746
27665
23069
13302
27619
8038
12268
1625
3975
8525
11255
13366
10807
17833
15845
27813
29819
20842
2869
8764
11615
771
9694
30503
9774
32542
5682
12155
15230
30094
15368
7624
24428
4741
19226
15854
6441
4103
26284
29233
7606
31646
8303
5775
26091
1104
24228
24144
26046
25806
28036
12256
18626
15854
16352
29402
22510
30043
8965
1125
27808
27787
27106
17859
5345
9202
21357
31015
19691
7798
12354
24775
29161
6434
2957
21555
20989
27422
23339
16357
32135
8671
31500
17177
15781
11675
30684
24543
21494
12800
27874
29038
26532
20261
31016
23739
17313
30401
4060
12106
18992
8603
10230
8260
16808
31041
3867
10187
24180
18941
25537
8330
11871
20741
31381
10128
18703
15090
13081
11870
27086
26227
32658
29502
22161
16195
9249
21463
14386
17752
28976
11775
18433
5214
32015
17104
30331
32611
8415
20478
28505
5332
15536
21351
7885
7848
1766
11500
7176
29403
27361
4736
7423
10270
15069
2686
22383
717
14614
24640
29470
11809
15408
18157
29029
5543
29399
7826
11755
29424
2723
3957
23731
25482
15934
28582
10585
6960
3784
9942
23448
1598
11386
1132
9488
28776
21130
15318
31814
938
6735
31517
10477
13186
2470
20413
25956
26718
24724
19891
14719
32592
27181
11479
29322
29193
21684
20588
23691
15109
21763
27894
8392
18947
6445
16459
28041
7352
20067
4077
19231
20420
15892
24983
16933
15333
18008
8726
14086
29547
12687
11866
7872
13292
12613
29389
28903
8248
90
5348
31468
22159
28767
23283
30879
14098
26178
17989
5619
28280
2606
4972
15873
6402
11949
5334
23376
4529
13072
7073
27988
16822
25872
25264
5940
1066
9653
12287
3025
29183
21879
8243
31491
10807
19364
20598
25637
27219
23809
23169
29141
2831
13748
22266
17141
13644
2657
23041
17653
25422
25748
7686
853
551
3679
20701
4197
18291
24900
14100
27472
3910
31828
6532
1880
22115
9625
12582
22627
9391
23218
1320
2231
31717
21693
28480
15362
7818
890
14913
925
17188
17324
3820
26641
1959
21699
8968
11227
14640
20921
24245
11116
17397
12602
27645
32372
24444
4359
25772
15968
19212
20636
4705
5665
11874
16145
29926
32560
29348
24638
701
20431
10139
3362
22523
32401
18716
29574
18266
16156
30919
14557
393
23598
32757
17519
18118
29406
11755
29878
22191
29477
26196
17416
4693
2460
29678
8311
1171
22151
29571
31478
17566
5651
27419
20925
26332
7644
24944
14830
28666
21426
2466
11384
32313
413
22316
6715
7432
11038
3607
2926
30424
18360
9069
20030
22828
1711
497
30904
16111
16
1805
16873
21771
30449
19468
30276
11575
4346
3977
2884
4880
10021
21287
5714
14188
5057
387
10984
9707
8637
12391
25591
14543
291
21313
7302
32525
25827
29139
7068
18595
11730
14123
14177
19757
18162
27862
13184
8371
5876
13905
24271
27334
11003
8384
13362
5067
32419
23266
701
23702
1346
10565
24856
5179
22638
27318
28712
24608
12223
16636
12523
19031
1493
12742
29092
2603
3741
21473
5689
15097
25297
23726
16345
30018
1214
8660
6113
32253
8778
25394
16897
50
14389
28952
14747
1220
31391
694
7787
7311
9931
20692
13421
28850
8738
18628
6907
11566
2683
27541
32566
31153
7065
11658
19880
29868
3573
27082
10024
25771
21182
15961
7421
5094
20767
25671
30790
2579
2240
22568
4249
6271
15759
26308
30186
27741
4288
29199
29102
7006
11026
603
9025
24194
23637
30668
15237
28461
21545
28684
7117
14973
22536
13377
23545
24283
6791
17212
31714
10192
6104
19443
17400
31770
7060
11314
6441
29184
21431
18317
18437
32226
5357
19097
2848
28436
13324
11868
20664
12013
6369
4097
920
30234
28207
12496
23356
27704
4853
12894
30518
26019
12528
25345
18897
13192
7265
11911
5619
14914
24848
1832
1096
16867
8337
23224
5020
13584
9670
26658
26761
16915
20901
2321
16467
4651
17723
17392
2832
2854
27889
14869
28940
20274
20751
17977
18283
28401
20350
24364
14352
459
8914
4806
8382
6280
23176
11553
28029
15902
10379
24581
29248
31431
10237
32420
1988
3415
309
8584
28603
20173
3844
18121
17450
29736
26941
17027
30224
8828
30836
4999
8008
2372
30469
28753
11184
30458
857
8251
7563
7141
10084
29936
28964
28467
31090
30754
25525
27207
14884
8576
8582
3668
5045
10466
8025
26667
24194
18631
8966
1617
3786
1282
16227
5461
12210
18864
18278
5728
3980
30317
31886
25614
344
10696
31870
31100
22411
24820
12780
12195
31760
16320
19641
25828
18829
5320
1377
17123
2535
28141
12182
5785
15880
20740
24616
28325
4832
27851
10792
29667
10153
22049
14157
12352
2416
9590
16278
14285
2001
2176
9265
26642
18178
7215
12700
12708
13075
8932
19722
8186
14451
27358
4360
4988
26039
30964
7520
25053
23191
19338
7742
20651
10297
18878
20113
7716
1715
13026
31156
3148
971
8751
16462
8764
3840
31415
9335
6077
1743
20380
8476
7957
11055
7296
20644
289
6494
25148
26323
16292
13535
31701
495
12767
8644
16300
5922
20322
13353
16628
32288
7457
30977
17769
24585
28874
15381
17215
3473
32342
12105
31577
94
25567
5921
956
2994
10161
8325
22083
73
23715
17345
14228
18309
24744
22736
2642
14792
27041
16602
25237
13345
21621
18683
28055
12588
27236
10822
432
26931
4248
19210
27268
15769
5629
9555
17787
29561
4947
30388
625
394
4482
7492
23727
30022
27181
17895
24602
13131
5769
20431
20139
5889
24688
2370
31263
13693
10673
10653
26096
18341
15787
11417
17795
32661
24858
29389
10915
19778
5168
19316
30766
22109
15080
19313
27918
9595
8087
5520
23403
21618
963
30735
24607
13830
13113
861
11883
17093
19802
32289
17384
19759
14518
23166
6336
16666
29916
4245
8221
29269
15983
588
11490
16012
14717
19534
3738
1643
5645
10324
31405
16902
25335
17570
5594
13433
761
13524
12769
715
30726
24538
4992
12825
30945
3906
21665
20720
1259
949
14034
20474
27194
12997
31221
19933
29162
4582
2873
23136
9912
4793
8265
29904
27084
13457
4803
18850
18903
20272
4075
29529
20574
31441
28833
17066
14678
14700
19856
20958
18672
17717
9129
26489
13238
10341
7376
27673
19671
574
20692
30624
28351
7497
4773
14741
20971
15075
7617
16584
17916
14327
14320
26165
266
28429
6961
24363
31034
31620
15348
15022
31891
16923
16265
19993
31501
25271
14041
21768
14059
30560
29012
18548
20299
17548
31786
12576
22780
16032
8638
31028
31119
2228
32088
296
14513
20630
30489
31716
31672
11282
15413
22054
24443
23409
1884
11555
25703
5440
19833
6257
8399
16211
8863
19236
28036
14601
27456
20536
16550
6864
11681
26159
10937
3820
6026
15866
10747
10101
3138
8477
18421
21919
20155
17167
13649
26175
7177
16863
22507
10122
18968
6685
32555
7199
16031
4600
12945
24392
21072
24484
20113
7804
29778
3839
25506
19497
8688
27251
2962
28593
1683
27422
10524
14002
22509
29744
17852
11147
17016
23957
450
13596
31263
4565
19110
17357
17210
17208
19355
20433
1984
31789
19558
3244
19640
3820
29297
30194
7153
10331
6171
6482
13811
2606
11859
16852
8245
12371
23653
26719
25489
25997
21011
3454
3828
2911
32744
24675
21082
6443
10697
22317
17914
5787
1997
7270
12733
5440
26959
30160
26869
28025
3649
2145
3660
17047
10946
7564
21498
4670
18675
19906
3132
21262
32007
13369
7681
26243
8090
4076
12774
25114
580
30179
11108
29622
21101
30900
16968
25921
7779
26954
20580
918
12457
5349
10117
27807
13715
9314
933
2234
24335
189
28001
13154
31430
24788
8365
22283
11876
25709
19398
77
20019
24699
14952
11333
495
16541
16706
22073
11222
8680
32167
2170
17918
2790
15750
29839
10731
25822
9116
22159
30305
6742
23528
10191
1911
32471
29791
25789
13549
25584
11746
27148
19135
32637
22893
11538
28666
1834
5521
21358
28623
9522
36
28141
6374
10861
12343
23215
9973
8585
3144
4741
27280
10135
20665
26014
9027
11722
23169
27491
16350
2172
2594
10655
30992
28530
21211
14051
31287
21345
18974
23593
3191
11441
19268
31159
30729
10112
896
13126
4054
20714
31249
10084
6981
10632
26812
13847
4689
16694
30842
6851
24542
16410
13934
23885
7757
226
21785
24193
590
8268
3537
945
26613
9708
13935
17823
13841
10794
24393
9886
3001
7562
3424
21491
27687
5424
25818
30337
23754
16547
22450
30374
10646
27857
11438
14176
17311
14419
29329
3252
28134
23795
13202
29008
11378
12907
32014
16239
10659
20080
3962
28925
1476
26095
19099
11003
17631
21399
10745
6182
20181
26519
26001
22227
13741
25769
2762
32286
13869
20047
8618
32323
9895
27740
12874
24652
18454
10167
16007
10477
11626
9308
1019
25260
11551
15523
6700
4932
4372
16837
16642
8268
30875
9628
29567
26388
8396
29098
4778
3024
1824
12125
15564
17400
6715
9617
9439
8174
27912
3927
32324
6114
8203
12277
20660
24563
29939
26670
18553
18326
16495
12483
22238
10300
11843
7737
14052
10031
2971
20957
10806
20157
2975
31750
607
17049
14919
21402
19003
4990
4465
9939
9131
30229
25649
26947
11661
24857
5224
25366
1516
22201
18072
26008
15475
23870
2038
10487
18728
27373
6849
14153
23383
18735
23763
2256
5323
13039
31862
13693
1348
12868
28536
24500
31270
336
24706
15439
30319
29288
1701
23525
26347
9076
6966
6476
26283
153
25052
20828
10163
23062
30439
18422
21491
4460
22499
24133
31353
8642
23149
32324
23780
1927
1350
24449
12572
19289
32678
2336
11072
13350
2771
13602
25568
25745
14833
30952
28269
26519
23580
22258
13293
28786
19636
7661
26099
20925
7672
14573
7631
28634
20951
21751
31746
12945
5378
32706
23541
14841
12358
9150
28650
23196
9241
1366
22834
9430
8819
9586
4256
31614
23263
11585
13119
32200
19665
18229
1856
18538
5178
2383
19766
20990
25690
21660
12678
26280
9429
19968
29208
1784
25866
21554
3155
11794
6560
5896
1865
17164
22625
13301
11822
14743
1612
31696
20239
9698
11237
17878
20928
18363
25552
29683
15127
20728
6046
3133
28759
27413
32487
3009
20207
16414
5273
22147
27749
2767
30351
26816
4749
29179
25446
11638
19454
13098
19084
7719
5318
24710
8857
4057
861
13816
31203
20833
32216
18830
30028
32481
20319
6944
12639
11920
12769
18227
14748
23225
8198
24861
2575
11527
870
14442
20264
3839
4856
3455
22470
9166
30157
31101
28053
3909
32254
3432
1946
11810
4067
27785
2828
9105
2437
26128
3686
24562
15958
20990
21178
1245
23328
13634
26440
19043
17980
28962
11087
18839
20484
477
8739
20558
18314
4239
19840
8738
18315
23636
542
19133
20382
16048
27269
25940
32177
20271
11299
32113
31670
27208
25244
27894
30106
8071
25953
23391
11127
19180
2948
16967
29706
23950
25035
6957
17255
6531
1795
6777
2539
17668
8854
7098
32627
6349
10592
9010
11979
28099
25791
6292
21866
28121
28649
7948
27484
19508
8067
11904
26495
18574
1903
21014
5106
472
4837
12278
1739
23587
25285
15953
4872
32192
26155
18850
17865
10150
24900
12339
17340
27925
22113
30435
6872
3705
1354
6952
23630
31633
29909
18000
4796
16592
15031
17932
26788
25604
30105
28206
4894
29749
11631
18354
21705
20688
3589
12539
11527
27653
12250
21344
1898
3181
25394
4583
32617
20976
12647
21840
3160
486
2176
22870
10647
24188
17668
24369
20233
3417
3601
26975
19911
20866
14248
25764
25878
7291
8011
25168
9111
15024
14026
18368
26814
7955
12634
5927
6789
4613
1767
13711
25442
18298
16811
21018
3190
8280
18944
21134
18439
6945
9330
26896
48
14290
22041
14128
32215
21259
25382
8742
31712
15471
7099
15451
31392
3150
11008
26668
26517
31874
7283
6122
27988
18582
19327
20261
32706
22830
29009
18730
30855
16034
17639
26826
22464
16109
24937
21853
31988
31430
26301
26887
27722
28172
2134
21562
29689
20327
32332
6780
17919
4909
3250
19563
23062
5506
5412
8958
11236
12228
26271
24589
10610
15654
16277
6164
26079
21146
13889
18740
25686
11765
31545
25466
3901
8269
10818
9828
12207
30630
7527
30625
31021
11214
30285
5913
32144
21126
20929
21549
7490
7906
22931
10304
18350
28659
10407
23158
8181
12963
13641
4283
23011
6879
13761
29192
25377
30716
13095
15841
11436
10323
15993
32035
10373
28719
31723
12284
20395
14314
30846
7483
17478
30034
32212
9930
25637
17489
22595
18296
24426
29390
17192
7676
10116
974
28542
10551
19038
28127
22703
6586
3542
6326
23465
23688
24433
24087
17461
17181
27725
4597
17540
27823
30039
21979
2827
21683
13245
15242
27282
10915
24999
31460
18567
22271
15138
16136
17815
20882
2908
20159
21632
11510
6679
5143
13088
31578
3416
18253
31186
28803
4959
16624
13563
25873
26844
14148
15584
7940
3936
27365
16315
894
18450
1708
12813
5578
9891
14038
6453
26526
20612
15203
25666
24221
15446
31165
18182
29472
1442
20890
19307
19510
10442
14627
3339
23786
15167
25686
21242
26308
29685
31657
31718
1426
6164
9712
28771
10343
8177
27008
3968
7141
10300
10389
18846
2488
891
15601
23938
4451
32694
30406
27560
24127
13428
726
21466
24256
27879
31705
4354
251
612
11039
1853
6245
15126
15478
30768
20702
242
26958
4511
21230
1261
24347
19003
32078
8813
25851
188
22442
5886
1177
4400
8869
25159
14929
21651
10526
25148
28821
16031
14001
32661
19087
3557
22401
32382
519
16925
17717
18320
23688
19643
9537
15616
31678
12227
31847
28694
3363
32477
31613
19169
7387
30380
2416
554
4059
7772
11913
25510
2385
10106
17647
21615
16192
9
4718
5045
619
19154
12150
5553
32117
12795
24423
2779
28486
18395
15883
26461
25777
27149
26212
32455
13651
23235
30377
2052
18366
1117
5515
7565
24791
6971
23740
3548
636
4559
19634
4132
7530
4854
11689
12607
6750
30344
487
3304
32379
25645
27971
10026
12012
6259
13800
31256
6090
30
16983
3007
14912
7616
14507
8281
26093
28041
8993
23748
8585
15199
15831
27954
1740
7985
20948
1057
5515
5001
16713
17806
16933
23137
10518
29285
17181
9272
15248
26685
25096
11621
14466
18754
21418
17834
9842
24690
23388
30220
12581
5645
15792
14562
20837
2118
18008
30765
8705
7231
25924
17959
1558
6964
9995
1055
1165
12279
3212
27523
31973
22684
1493
11583
6450
8309
5188
6981
8550
13889
22507
4205
5072
12960
3129
2688
9954
8906
14295
10895
6199
11137
5073
3978
27861
22596
28150
16142
1711
27334
2689
4221
13166
16030
18681
20052
6256
5440
4181
441
8209
24108
18020
7252
19498
20325
22124
29792
4568
25125
2834
18178
8831
1999
16249
13529
17934
11045
11182
27862
10884
20923
20548
31054
19635
29099
17723
25421
24131
20363
28711
8238
19707
30876
25997
32104
20284
11588
31121
32427
6606
20415
17358
25132
8928
11025
6790
16189
5705
9791
18683
29472
24340
14270
1308
20509
27196
11564
26724
17106
1716
6974
28672
25035
1706
2554
18480
6994
1549
12582
26351
30088
31309
22784
14806
5301
28514
13103
27454
31709
5647
16378
677
15252
1896
5048
25683
786
24978
4231
29756
18314
8650
26689
24617
30136
24488
31404
21779
25018
19877
25585
9167
26912
8924
20304
6385
31558
21005
25105
3050
31714
12775
21182
26995
13273
31367
143
15663
17495
15420
7974
32395
20510
13197
19068
9450
20254
7805
5916
18175
16454
30477
29327
18809
11675
14083
26647
24806
13959
2282
7584
27345
5235
2650
7411
25134
19864
889
15661
29433
2577
14274
16495
28953
16181
13317
31192
13962
9509
15791
4016
11451
10913
18252
11750
1333
23328
3658
15549
25982
27423
17920
28610
2621
24249
29679
16641
9630
32376
24903
11384
31992
3691
17837
16332
2478
31608
3899
21051
8531
29428
27592
30930
26897
6257
30570
2784
6219
19927
13370
19114
20097
16823
12119
1632
116
14299
30510
17744
16523
16418
18168
21850
26230
20363
2947
19620
23057
28559
9526
21391
1419
30644
2896
19177
12999
1375
13424
8804
22530
9705
26714
29510
6071
26358
24312
13155
30655
16642
20639
5192
5053
4157
23444
25274
20153
3993
25295
31327
18443
2593
18942
8634
6011
13964
13005
25181
5286
28946
8037
12633
11684
18302
7730
31738
4327
2949
25322
27825
11878
24406
28875
31826
21499
28786
14884
9087
26890
21694
22806
16484
3428
15830
17820
1190
8043
30373
11465
32661
28022
24371
19793
6313
5751
23229
32075
3628
24027
25611
15669
19508
30385
15358
31801
12244
2575
26217
29102
2707
31921
26913
12258
31261
14308
344
21527
26681
31138
17190
30667
18171
28671
22377
18237
23867
9156
19407
24876
14150
30297
10545
25570
4050
14056
17443
19313
17720
4799
31689
1341
11997
25846
23276
23738
26353
10578
20300
9591
23645
5738
27448
18012
16630
8968
25949
2608
10231
31442
19164
22877
26798
9770
6047
16632
6517
26962
10476
27388
14052
7892
15930
27606
19269
4385
31812
2343
10824
6008
9821
24005
5369
31241
515
32515
23022
24923
6326
1842
17861
21739
19467
10599
30670
3350
28668
12927
28420
7224
24450
7009
25410
13078
16230
4227
16051
1145
25427
4784
19339
3100
2353
5384
27124
15560
24238
15432
25163
22974
1309
9035
10125
32597
1924
18641
7692
7908
30448
2688
14951
29154
8460
20776
3256
10316
5362
21067
3087
22087
27201
2781
13856
25863
32368
22344
22328
2799
7266
19635
3702
3834
16954
14212
25143
23385
31088
25379
30930
9054
29989
3841
18822
8344
27315
13530
22960
11072
22665
1079
23105
12755
12086
14134
14704
21505
4291
9357
31916
9414
6726
13005
30421
22487
27572
4324
11947
24127
25079
22502
2439
13898
14144
31245
3657
29346
32159
8958
21649
15544
10193
27981
29746
22117
5209
4420
2275
24274
20178
28896
7736
24213
31619
9501
6097
24348
8500
28787
27090
4431
17728
15009
13714
18289
3564
31145
7832
17991
24311
11292
27587
12669
9330
18583
18632
5957
16338
18062
15330
24385
19268
9288
9156
8355
10048
3627
20947
9107
1633
2874
5266
4561
27508
21212
18013
6811
19919
12255
13403
3537
22500
5308
29102
12887
29717
17693
27372
23483
7114
14492
19923
791
7361
6862
6456
26425
18598
3200
26945
30722
17124
2624
21460
4364
24762
7200
26959
18319
20369
12982
11642
20358
30093
21863
7354
15373
16482
1510
4487
7950
22121
31991
7711
19484
24051
9337
11900
17055
20189
29347
1668
818
612
2702
28801
21577
30011
17907
12240
14871
28635
3127
3037
9647
2331
6820
1871
8041
14080
8698
6015
28807
25046
23846
28719
4120
11647
1361
14201
22301
27916
18204
13829
16363
29834
7466
22399
13520
15646
13280
3912
12793
3925
14952
30060
16019
10165
17660
12245
305
2456
9313
31678
29550
29754
22193
27498
30931
11792
30046
11285
23803
6747
17524
26667
31988
19710
18206
6584
8169
4236
32108
24863
17150
4774
12115
13328
23676
10884
26870
30900
23086
28113
3107
24874
24331
1980
6945
6967
1044
1612
8361
10297
8320
4595
22834
29021
23831
17255
370
27666
5852
2989
28193
25278
21742
25206
20736
13743
21936
11951
20250
10324
30504
7508
19529
3757
32421
23173
4093
28416
933
24795
10041
27598
501
21244
10206
2565
22298
4973
14636
10103
12016
3752
1414
13707
9105
27503
31093
3122
5240
5471
29680
26909
30951
21960
19419
28462
12677
28348
20173
14892
7500
27750
7446
23226
30114
8349
1793
20106
13766
31929
20310
18638
4462
15782
30499
24303
16047
7735
30396
28034
5916
956
2049
18808
21554
22742
26079
4500
27380
2698
9498
13347
19154
23445
2633
31975
975
511
290
16212
6115
17139
6391
28927
31646
206
10881
18515
2575
28534
2781
13189
28644
25325
28628
15307
20946
27686
26975
10441
12856
14359
5226
30796
23039
25871
27353
32315
18628
16970
21705
16587
28729
11715
24344
25841
16072
1097
15143
16157
15738
22485
27614
23589
17688
24603
17393
5759
3728
22879
6498
2996
8857
17802
21064
1553
27802
17277
11982
11936
29896
28837
29822
6999
1423
2255
24256
3470
16436
14398
30877
29879
25784
21499
17353
2377
20735
27757
20705
5117
31538
28201
11505
13629
27489
17675
18489
16601
30829
13702
14897
509
19493
24632
1738
31584
29359
9154
18679
30653
31018
20694
26220
32391
24465
25746
12453
217
25058
15628
5931
21164
23680
31790
20243
17484
20438
3268
5063
28685
18238
32211
25865
4153
10017
10284
26164
29006
9823
21058
17093
21606
30449
17977
15387
22007
25037
3647
17531
11452
23049
19231
19287
21747
19268
22803
7888
31689
10050
14042
1657
16147
30422
25355
31582
5438
29189
9129
8517
29065
25448
27639
25907
30833
23250
21646
25906
22637
29491
22956
1362
6876
12220
21455
21998
316
13380
24195
12080
17052
23787
8568
9687
15700
30973
12247
15672
28915
11545
29142
31363
21625
16530
19595
15688
23751
23061
31741
314
18259
28556
21377
27954
32032
27971
22596
21367
8686
22601
27172
1852
9134
28698
28356
11114
24120
4986
13023
24224
10048
27812
30172
26744
22150
10404
21411
19469
7758
15874
176
25530
18448
1696
3173
27172
10608
12517
7589
5242
25968
19483
23966
8699
19941
29718
1254
1209
31016
24599
16074
1949
24589
22768
22243
5548
6169
23144
25834
1672
32239
25568
27340
5178
25612
15415
6401
24110
6580
11500
11546
7551
24108
30850
7834
28278
5162
4137
3591
21325
18826
19610
10817
21560
26434
11843
18
24742
7576
26788
26629
21955
24723
15609
1660
20034
2223
26649
4605
8027
27604
10142
21453
9999
649
6726
5824
20403
28006
32665
30799
27820
28359
6860
20459
21624
11464
15590
8337
23534
20333
14881
18591
5830
20256
20115
25574
347
1889
13837
5120
30640
25017
31556
8931
7601
11503
16942
13239
7356
29823
4527
30181
23136
27720
24693
3697
3173
17541
26913
11145
19980
31230
2471
30302
6807
30336
12791
22322
20748
5514
9693
16306
9527
24905
5669
28551
8686
7110
21764
26408
8345
26719
10675
31986
23025
10612
1885
18554
29703
26210
11067
22562
12680
19893
26110
25834
9792
10137
5229
30857
5342
19602
2895
14781
23031
29805
31371
21215
2125
29047
2958
9914
6736
11244
16109
18333
23781
29106
19787
25775
30567
28231
3966
8579
13547
24313
12781
3052
29385
22357
14140
9235
22616
10721
3628
10950
15352
18702
16060
10771
22870
13416
29333
27670
15595
17936
23716
21519
2246
29804
17417
19895
30348
23581
13872
18133
15037
9777
9277
26380
11576
7834
28590
31223
23298
3807
10811
16248
25923
12562
3329
5708
20881
20226
27360
13539
12145
25009
8738
25711
14107
17673
20829
29244
17790
21450
21402
19263
22916
32711
18358
30193
30359
14930
9993
24158
4196
16629
12102
10360
25567
8803
9122
31922
24967
4013
10553
714
3307
19897
17069
32486
30061
23281
12048
17635
11334
7480
12292
30186
23498
11298
31520
15428
25581
2916
23190
31087
8199
27017
16659
6769
14804
14055
21735
1644
11711
10450
13926
23411
25696
32015
1422
28060
1347
4491
27370
15446
26347
9293
10165
20989
16406
20394
28995
16812
32323
5816
7069
14163
25970
5637
22380
19977
23851
11400
1816
8355
3777
12503
28464
18565
14552
1691
17933
16056
23589
10305
26290
21309
9589
30963
10999
11937
14577
29383
12519
4562
17056
1334
3942
18481
28717
14287
15895
32744
14315
25900
13436
31870
4374
8742
1119
22441
348
9541
29553
17507
9115
17018
22578
2111
3053
20241
15888
7934
11490
481
5331
15453
8716
9158
28472
8242
961
9297
5340
28855
10268
26301
27484
3878
30021
23333
31419
6790
10482
14325
4356
5316
14638
26527
18736
24069
12890
32399
31049
31291
13937
19808
19408
21750
400
25424
2141
30590
6069
5361
20357
25886
32710
23330
19968
4546
12246
7742
11019
9925
3749
16787
13836
2564
11877
790
6005
23351
9412
852
2282
23425
9254
2476
22694
29509
14898
22716
15387
19004
22417
10009
13784
9668
1266
4163
4784
379
26962
4568
16921
5645
1402
26887
3538
16970
18633
25672
29897
2684
25395
32074
11579
8695
30858
20269
4637
13041
6396
15602
32699
22676
8926
23600
25503
32594
29096
30728
948
8057
32320
16474
16555
1543
21627
31033
22430
8127
481
16029
26355
31356
25008
12376
14980
28870
27172
6732
8956
13219
24310
27866
23684
9903
3362
6558
18592
17007
29678
10329
32595
28899
32552
6190
31626
6234
13999
24850
26296
18570
1845
10622
18365
15840
2114
1126
6412
12053
25468
19311
2573
6402
16679
26973
28608
31925
24040
10442
10404
17348
11726
23326
30679
16097
12434
27579
7038
29359
23326
13176
8807
9941
14925
8273
17645
27472
13042
1373
17692
2061
795
9984
6678
2743
26775
22369
27317
26318
4277
14110
7026
23545
13647
28223
29574
5789
2823
29033
7503
16046
25809
10068
1524
26821
12466
639
24652
7539
12743
25379
20220
27350
7048
21861
31200
13417
29262
32719
4781
13600
21779
22017
3284
26549
5241
25508
3241
18748
15118
17312
20932
10750
27343
6031
8359
132
13291
4977
28578
29426
18633
29089
23284
2711
13131
25352
9267
17857
28501
20368
16622
31702
3721
31451
15504
18336
18773
24886
29063
27625
8496
24776
23974
26184
30752
783
5576
9274
16768
31374
7351
3700
12288
10431
8524
24184
1261
16463
26583
29287
25779
22410
25280
4886
21664
32533
15983
24675
17898
12507
25706
22474
20980
11081
14781
10547
3021
3262
7327
19982
2809
17213
25938
5794
4981
9318
28235
8610
32501
16804
26515
29186
19312
19623
31085
5896
29406
8213
31289
6822
28737
16508
15256
10759
5602
27020
13009
11368
6365
31619
116
15401
30175
23784
6973
13860
4911
9340
8762
21309
17387
8046
6704
58
4245
1998
6716
26582
26830
32580
11190
25360
8800
8706
24922
17353
27010
17911
27050
11662
1624
14917
8334
28851
7098
6902
25662
7073
17206
3306
12641
13936
10840
30228
19063
23737
5416
1511
28276
10661
27125
8714
25261
10826
10833
2899
21496
19000
32093
20211
21263
28238
12103
22510
28726
12755
18960
13519
14878
31170
11155
26009
9224
21092
15555
17920
5933
19236
11828
26585
13150
17568
24029
29136
744
25852
18972
22105
9658
9851
13818
30441
14282
13392
25265
1893
30388
2481
619
17883
27300
1838
18509
23152
5751
29249
14772
29593
29469
4902
9406
29326
14914
25836
24589
15356
17453
3021
14279
250
31976
1467
11233
5183
13473
18747
25502
8082
20304
18038
31314
19841
6042
32397
2412
15190
14581
9518
5043
18247
9486
101
13776
3821
26728
31412
16397
12792
12869
7013
7516
11552
5065
22815
11163
24927
14941
31416
26902
7005
10578
31306
6990
12076
14022
7817
21241
31797
20428
15955
29001
28018
18375
25225
4721
18910
14103
14878
358
26922
11512
5229
6370
8370
14502
21968
13743
31919
3526
6766
7714
6574
18433
31572
742
12865
4594
10696
31994
13556
13122
21721
11517
30338
18961
3387
24490
21577
13208
6994
23455
23292
26637
31629
15458
17816
19911
29941
32421
26777
18339
32262
8649
23917
678
25533
674
553
18148
26354
21370
8571
20384
17384
21848
22239
28340
22563
13954
790
32564
23161
14912
25813
27470
22892
3555
10682
18804
29623
28422
2947
21694
32551
1812
19842
17545
4524
8202
11852
18277
8368
5758
8626
9518
10919
11489
26354
19576
7912
9217
20270
20272
30651
15569
18460
4737
15027
1901
32512
13813
21310
9049
12247
30173
31610
21769
29909
3314
10058
5287
10770
22844
9642
31248
14721
18483
27711
10784
25377
20005
16690
10543
21879
27863
14143
14043
10811
3439
12297
5896
6994
12689
22705
27686
1020
16329
21670
1715
591
28457
2751
19968
19684
5683
18567
9783
4304
24825
12248
30621
27605
12930
8875
15125
22234
13680
8494
12262
5273
24544
19991
7869
30872
28306
3384
19958
6746
6986
28756
2839
18646
4725
26162
28061
21032
27664
24559
14076
29575
11206
24728
29665
1399
3160
11001
17082
14399
6722
431
25464
29854
24988
11653
29843
13498
13118
15869
335
26969
17703
14380
17727
16211
12832
10187
18695
22856
7324
18060
15461
20878
30947
11690
12659
6253
17007
17860
7462
655
8342
26859
16667
7090
15978
27386
25235
4512
23006
31781
29372
19297
20010
6613
3122
175
7536
436
27077
26026
15775
23299
14973
16077
11416
2612
30427
28961
3983
25269
7010
25264
25012
11018
27734
16189
30227
10014
9924
30002
20665
7387
17090
32474
6937
1784
11000
19408
14254
27154
3423
24248
14561
32767
10569
29484
16172
11615
16034
16377
640
30067
629
10636
2788
24627
15537
30887
23648
1690
29486
26969
6681
14661
17899
9772
25789
30012
24730
928
30753
6928
9566
4056
19497
7206
29907
19092
15593
4690
14159
6495
32265
30119
2919
19466
23918
25742
15797
17752
6422
12822
28121
7163
19524
11915
1214
18367
14302
24138
24607
12038
27155
4819
22345
10356
2368
6688
32034
17643
17941
30774
17258
30138
14580
24313
25409
25361
11929
22596
12009
1721
10240
22073
12494
24321
4483
7638
15299
19964
30020
16329
20623
30953
11466
4998
31912
15347
21999
26774
5694
1563
3833
25138
31099
12658
15879
12560
11018
11147
26543
8061
982
560
22757
9132
18964
10324
10270
27726
23427
1865
20918
7010
19698
12339
29583
9039
8964
16829
27644
31280
2096
22026
24541
5999
9227
3311
27659
28565
30666
1631
1526
25184
25602
24870
20364
20247
15283
4570
25181
17178
2181
9743
22013
30397
25681
18379
1450
3158
3043
5434
22831
17813
3839
8354
5384
8980
16801
11416
30151
8751
21129
30837
6839
3350
10999
12548
958
4384
31668
22909
9864
3939
6993
16567
24289
23425
6579
22169
15971
23748
11472
30162
32594
17774
23219
30153
7876
21578
1222
6359
25093
21639
14416
10933
19257
20422
26685
25392
16707
9842
29726
24868
28390
592
8304
20903
7466
22359
25633
6021
3330
26305
12112
1773
5163
30818
3925
2409
343
15929
21505
15891
2955
5701
6694
27143
20678
7833
24410
19732
10211
20403
761
11959
18880
4362
22633
14153
5536
31718
11938
26999
29902
16500
28909
20467
8580
24858
17643
13161
21770
14344
18906
27829
8482
31504
23828
10067
30884
12727
2008
10262
11110
20876
31309
27677
22878
29880
14276
13316
8459
24279
22590
20311
3344
17414
814
15436
1315
1597
1920
28593
17957
23776
13529
22819
9618
6800
23073
30593
9244
1351
3391
4512
5011
29860
8227
26432
21512
10883
26378
28223
27698
6609
13309
28685
273
3999
11163
7008
28880
29300
22297
24105
5360
3048
6023
7110
28579
4206
24149
4985
18550
22898
20245
2841
31795
1444
11906
4615
1030
29587
17090
28772
30686
19069
2280
5761
4118
1381
25533
8343
27221
13415
10176
17081
5555
26697
10347
12550
10781
31826
10936
22563
28410
12895
24804
31209
21774
21811
21363
602
18335
21775
23412
10458
6359
4738
4614
12700
3434
19331
22811
25434
19321
24253
24956
1353
12469
22826
21006
31052
21447
483
29779
18023
13552
22583
2611
10103
25068
14330
12541
29217
4381
6175
30121
27145
30693
6026
32352
21572
24660
19487
27966
24335
16899
2079
24662
12737
25151
2484
13046
14590
16234
18634
25645
814
19359
22305
18059
16685
14997
1696
23848
16196
26310
18925
2535
27225
4560
826
28924
13666
1051
13666
13740
29472
20412
19252
29780
30729
15001
26894
7597
6278
5070
31919
5966
22366
30800
32582
17779
22642
19152
7630
25084
27564
25315
15262
17593
17458
14175
828
228
12255
2056
31091
31727
25331
19052
18085
24961
11273
24075
10850
6331
9290
19387
19768
7871
12257
5195
25805
27251
25262
21095
24108
15746
7487
13243
605
1700
30204
3420
18744
14624
17057
3939
20090
15759
22002
23515
7449
24546
17834
1245
17621
24230
19636
13817
28176
32647
7581
3288
24543
19731
14666
25888
11361
25025
7654
7064
30544
25650
25119
3213
2773
6326
4242
20852
11937
11282
22403
464
30009
7041
24786
31574
29585
24056
26154
30031
5853
12974
21884
25407
3236
14556
6572
27332
28950
13505
23434
28864
14239
9706
20227
442
444
4784
24729
6530
22542
11522
22288
3604
31149
13413
15722
8639
13758
14648
10518
135
840
9533
12389
11463
19267
11605
9533
7963
6386
4235
26641
7548
9331
18516
26384
3501
27541
3605
7581
18135
19689
23014
10240
9840
22812
16022
16219
27744
20099
18159
12767
8807
29432
14395
11071
4793
16357
24071
24933
4588
5278
17190
31077
8212
25332
31737
14511
9517
2567
26094
22152
19641
21339
71
443
17577
17966
16925
28299
25473
17673
4516
237
31160
10646
16560
26356
21085
21169
12920
14221
9985
22721
3738
26988
2768
23625
9568
13894
4353
8890
26946
15937
12913
30092
8620
32681
13962
30604
15105
30436
9066
25720
22495
31400
31041
28361
1957
10347
15611
12240
17970
29979
5664
24068
10480
13840
1016
15771
23826
13887
28146
32599
23321
11184
4934
419
29597
8498
7642
10206
6474
10317
23651
15351
3113
26488
26572
3642
18976
22668
14299
18281
26813
19321
27410
8463
15407
311
17875
30737
28565
29440
11464
28038
29308
6589
7810
2504
24482
18878
28768
5579
16640
30381
21171
7854
21768
29637
24607
22416
14636
1087
15429
19877
7583
20493
1438
8841
26207
4299
7850
16596
23923
2803
4683
16110
23153
10064
5995
25637
836
16565
30693
1020
2604
31214
24227
9158
3334
12279
20740
7796
31182
23660
22400
15020
7266
31809
6542
26395
14729
20147
28869
4363
23347
126
14146
18744
12803
5969
21835
10975
12298
12671
21041
14617
16598
28151
27771
9831
17067
4214
32064
14990
9488
13819
10965
19109
20621
11644
11945
30572
15284
18647
12908
9695
20830
14859
2167
26123
3127
20648
17256
15393
27517
11140
28940
32713
9476
12976
31875
17848
14462
28074
31646
1925
18425
2516
27532
32184
22953
9509
8374
24613
26344
12575
28135
120
23675
513
18096
29456
28695
24125
24843
14865
28451
8748
6718
9908
27328
19457
8962
25826
25863
1020
14053
25858
25489
29920
25325
6159
2877
2214
8062
12781
10541
23923
16765
26109
19730
1736
1718
20975
22698
28408
16763
2775
10375
27872
26510
131
14865
25042
2114
11020
29390
29650
28124
13996
27873
14341
28223
8655
27857
24934
11977
365
25740
18363
24440
24470
10156
23240
12625
26703
13560
21954
3074
22684
14638
18182
18118
25566
12032
16395
26761
863
16476
16789
13133
25644
19696
14380
32460
26403
14830
7373
9822
26444
28428
3551
3614
14957
9424
29800
840
8152
26634
2433
31718
4488
30370
20488
31148
11116
22931
22164
5152
7427
24632
21934
28158
22825
24775
32318
6618
30769
25115
3139
12807
51
4790
29127
10168
1959
12550
11795
3429
26163
18663
9503
24688
26562
27242
2892
5641
13782
15828
14677
28495
27423
6378
31875
22711
1356
31084
14113
22706
10529
2272
25904
20874
27850
3472
22876
6797
7279
27862
17966
13422
11528
8855
26498
7400
20851
21006
24636
1444
26051
21451
8247
29277
9436
25851
26238
578
23613
23529
13247
26780
4636
1477
16636
22704
20920
4517
20100
26855
4587
11465
24354
12588
27134
13347
13204
10390
2242
7958
6718
1607
8668
1919
26400
10644
17761
29426
10246
19814
21923
16710
26878
2783
3914
25683
7439
28481
22438
17658
32552
10508
17731
31078
32599
4199
5822
12434
4155
3777
3032
30475
26812
10680
21705
14584
3577
13626
3031
9559
14722
28906
27942
22153
28616
5317
16594
25617
23250
4357
11067
16793
15665
1349
22432
3893
4405
13031
12528
16108
10337
28339
7388
13173
24349
21952
27953
15422
14507
18840
31589
4787
30556
30615
8815
15548
1284
28564
2780
30855
16299
3524
32032
5513
32389
15322
11818
24255
25381
19827
14907
31290
19181
31666
16887
25050
29897
17447
23997
22874
12061
12022
23348
1420
8699
16437
31014
2278
2458
6293
5522
18750
29955
2373
508
17106
23822
7955
29192
3211
10125
26837
14407
29059
27335
32007
17745
17348
1320
693
7444
19539
23862
16796
13931
31853
24007
32140
30963
17424
625
8464
19738
12733
2115
31569
29304
16253
5810
5432
4195
28962
29910
25043
13501
10191
7895
19962
13585
20154
20386
29490
9694
17713
21216
29137
23603
10715
13096
13923
11644
27457
6259
11853
24988
16780
27345
12208
2876
30096
3419
6288
14946
6410
17769
26934
15685
5158
8709
24018
25440
11333
30623
19301
30405
26620
17410
17374
24500
29792
3718
17795
9836
28545
6279
31123
18241
15412
29207
17962
3311
17174
18160
14180
25902
17613
30636
965
25478
8593
21305
12249
26213
14828
1159
5399
4719
19645
2179
20491
6165
30339
16457
22965
30569
13784
29589
20524
13872
6460
22395
12934
15417
31252
27993
5116
18926
26866
19977
2634
15657
12055
13659
23381
6217
2359
25026
11792
32644
32636
7245
17056
8319
32461
31961
30143
14363
5967
16006
4958
10898
1068
14439
15502
25028
24724
20094
25760
26059
11778
28391
10635
25557
4033
28499
2959
5939
24494
24248
18456
18605
63
8007
23525
22553
4036
23711
28777
1068
24813
12864
14450
25743
23693
5698
8
18997
12445
23623
29592
31213
28804
25774
25170
30003
2710
19465
32719
17740
14042
11985
26871
31890
17168
21849
28706
25100
24562
23553
29821
31553
21435
11180
18608
26702
13798
22132
27837
17975
6200
11420
7979
2939
16640
7621
2405
4843
23198
14949
2909
18619
15426
26998
27252
11738
12278
9835
26526
9599
23007
23400
193
16645
9407
11186
24927
32248
22463
16997
18037
10864
14700
31077
22947
25501
25599
27798
18316
25252
12001
19792
5504
2985
20846
2573
31321
29485
8954
7781
16034
19867
7185
7997
26623
32029
32003
22331
13256
12724
15776
1917
9464
20360
10817
8330
10566
3965
21000
1928
6545
3590
10856
15280
6529
15422
3047
28672
6764
26421
27682
27951
1398
18823
30994
20454
20733
23348
31119
30509
1332
21419
5906
14116
29709
4648
29887
9203
10333
24640
14243
2307
20539
17083
25658
24687
9896
19617
13620
24245
8310
10391
20344
26290
24674
19564
30570
31181
13956
2800
11113
30834
12009
30725
18332
18114
29566
21240
5871
10632
1327
27409
30040
28527
4177
12904
26463
14963
24637
29435
19165
32150
13886
23038
1284
724
1966
19826
20895
3416
26459
16377
6043
27632
7728
30441
26311
4031
14097
30367
728
31538
518
2326
8112
7477
21148
4792
13024
27814
32136
10611
32363
22537
22926
8720
14541
23934
18337
1984
30267
24305
1612
12792
14125
1681
21584
27775
16410
20355
9871
26054
7810
1751
29992
22391
32562
22715
25572
7504
14788
15854
18897
11826
13669
23928
23596
11125
2779
13977
132
31359
1990
9983
2589
7317
30501
8507
26259
14576
21277
10102
32191
3348
17398
24160
18654
14173
4199
19562
25840
4059
25363
6453
9311
864
2387
24906
25569
9430
3894
29195
9887
26838
23750
490
15767
16247
14477
14552
32319
100
21336
7424
19563
23858
16699
14262
31600
19952
981
1706
19082
11263
2517
3426
123
28452
18365
6887
27253
16603
19943
6078
16954
23022
32709
28697
16258
24135
20588
28239
22685
11010
10324
6538
30297
19143
22617
27839
7974
1111
15878
31204
23928
14180
32019
19805
25965
31654
29228
9655
15792
13867
17141
21400
28573
6383
12106
22006
678
16556
1995
1672
18165
25843
28056
27258
13138
20092
16217
31589
23112
1979
22402
31870
14979
31667
32725
12302
28285
30479
15912
290
32602
16239
24168
30083
24336
13568
24030
31720
19914
12879
7089
27243
11919
7775
29356
16698
3870
25849
8258
1423
26397
18755
7375
18658
21107
18068
18721
12381
19187
29575
5431
4240
9530
6990
1096
29030
21722
329
12808
3671
15288
727
15654
9952
2226
2925
15129
13104
27013
3813
6428
20773
5102
32280
3703
32118
27152
27054
1025
27954
15894
18229
5347
7017
31001
3185
3230
24360
10564
5363
1616
7595
15158
1517
4403
27855
25255
9285
32358
14790
30287
20712
15344
18446
17155
8033
24834
7332
6690
15018
20348
10613
7983
3138
3763
19733
6335
22911
17265
31411
18582
19238
26942
7757
3853
4921
12510
4384
23991
9488
10267
12899
15683
13227
3781
30772
27300
27207
31990
3283
20336
4911
16026
19470
22918
8405
2095
13564
30196
19745
26826
9198
13080
17161
7515
26787
19973
1634
10545
3259
12071
3574
22465
24174
6699
17366
2979
4990
5401
24562
32477
6250
19139
20710
22628
24549
27747
10007
15072
18054
22144
13823
12464
24257
32017
24517
6446
14614
25317
16145
31540
31880
8258
8990
24799
25425
15565
4625
8338
28628
24745
17801
14142
28115
8419
21879
6113
5090
27406
1328
5197
22812
21546
26304
17195
21268
20171
18561
1855
12303
3191
8429
7150
8560
3663
27825
19197
19059
10481
13058
12187
1822
32670
9268
10914
8053
15000
1673
27674
15086
31950
25927
13823
10276
23739
13837
15427
19663
25740
26726
17943
20980
23937
5023
29799
24665
27285
14038
20899
316
13921
16212
3781
30532
14398
18717
4496
9144
21674
19908
14357
19439
23789
13700
30076
21256
12796
32397
11265
15323
3741
28316
26685
1838
15564
718
24999
16941
14941
4534
25690
22804
4324
21421
2073
559
25810
17769
22672
21764
32736
6354
21212
25039
23217
10256
23630
23854
27058
7913
5740
13342
12614
20042
13369
7206
25888
24099
13495
29650
5871
20856
9897
1891
14401
4278
22941
3525
29601
28227
8234
29121
8451
22872
1911
15220
22883
13075
10236
11776
28072
31176
29581
28033
17614
16025
9364
16707
25924
6470
12958
17970
11667
3654
28697
9617
65
6934
13659
9199
26357
23761
15591
7255
28891
1281
5356
15304
20554
4276
18959
4324
31653
30163
12138
17388
21887
15024
26581
2796
8194
11230
5220
11827
16273
9285
19505
12550
4268
7029
16731
29334
21780
28219
14158
23343
31792
5490
11845
27057
19120
16156
26638
13636
9584
32178
10765
14152
927
440
24708
29067
19488
4499
1810
17599
8752
13215
31353
2859
25930
15997
6052
19360
26695
17322
19432
6319
9162
2134
31370
28697
26587
115
23425
11911
20690
12
14206
27515
887
5848
9514
20871
29799
18959
11182
18109
16058
8316
28281
31078
19938
13524
17981
9463
24278
16966
27451
9024
7281
24403
5313
7655
23316
23264
12785
29717
14227
28553
8131
10351
7503
16697
78
27464
30623
22775
5955
5396
4725
4867
20410
9504
28222
13090
20273
6273
2825
4918
14801
11595
28396
8209
3060
26115
27555
6283
11493
24918
26491
17106
7910
23050
11631
3074
28792
25398
2192
17910
21206
13486
11946
30557
31171
7106
15908
29200
10373
25640
21288
9123
4146
19766
30724
21561
25386
24404
29904
18333
16869
13746
16977
29839
25839
4150
9246
18012
10288
16825
11777
7346
23409
20082
14496
32177
31772
20146
2397
11845
15427
27090
12666
9396
31460
32106
26753
2419
4460
17604
26083
14910
6777
5265
32223
871
5604
32474
1445
879
3583
29497
17084
27859
8731
12104
27041
6696
6734
4954
28593
10346
26739
12137
13384
2962
14961
7248
17707
20838
449
30010
16931
1685
5162
1371
9195
29187
18895
32222
27212
6754
15468
18462
30087
18946
3037
18456
3827
1258
19424
8993
25831
9511
32539
24276
32218
4452
17249
27727
26313
16827
4913
29599
8410
1739
16511
29560
4670
18187
3255
2345
32347
9821
512
29904
18731
19431
29118
11722
2527
14878
15450
7022
12489
27939
17989
17915
17528
13139
15930
5070
31269
29722
6340
26329
11598
22791
25857
11856
31392
3366
24229
16549
538
1674
24897
4535
5232
3625
8390
6471
20397
31213
19269
32171
28445
19719
30712
22214
21098
12935
1926
7479
5
1577
22915
6609
9927
24434
31542
26955
25305
21244
13216
26681
18897
24079
4281
6971
541
12400
23037
26485
27045
18558
3111
12095
4012
5498
16957
10013
1527
5159
12236
30449
19762
6547
4213
31599
24719
16436
12456
15314
9392
11062
29616
26573
15815
5140
31472
29125
4348
22118
21100
6461
29967
28154
18059
31122
22078
6949
18203
28904
20841
8539
31637
29540
2676
21502
27810
7836
16877
25972
26335
8523
28142
11388
31453
19274
23109
21442
15981
22971
5075
10161
13082
21383
9010
30344
30198
2572
23195
14000
7322
4623
15110
26445
25448
18680
13458
24339
4371
14910
17960
32090
13154
31008
16475
29045
6448
17046
12179
3136
11704
31623
12651
20473
6415
24380
14679
12881
18930
29205
2186
17602
19650
3194
23831
14114
5069
4629
7254
26745
5327
10558
31881
31248
24505
1719
29119
6346
4784
8602
25081
28855
20313
25487
25740
32487
5460
10562
4294
13692
9734
10005
8148
9731
21916
1554
26083
9733
27980
19747
26246
8664
734
27269
2136
4539
26988
29050
11234
17699
8038
24638
10687
30799
24024
573
31741
26658
11504
17027
5831
22578
8635
628
13377
16157
10543
18621
6068
3356
1134
23690
3051
16602
23113
8442
8413
16006
515
17615
27788
7462
27480
6763
21292
24111
18366
11256
6792
17235
22763
24550
19618
13979
2199
16794
11673
30901
11651
16996
18640
2447
8634
1714
22861
32549
3607
4996
4447
16023
3847
28704
1412
19326
5776
4103
16009
8576
12179
6439
14067
19490
1614
23122
18334
12510
23076
1519
18340
16246
15521
1264
25472
31879
16825
30212
28532
6753
1360
11533
14632
5142
10752
18132
7315
32465
13590
9467
24606
1385
27613
26164
7175
16950
5664
11953
12548
27428
18922
21724
4650
1029
9360
17991
26124
2860
5361
14566
17191
21559
6909
31868
2942
1324
8308
83
11137
27080
20208
24880
16435
4371
1830
4998
26764
26936
23913
32234
17948
19860
16240
6087
28914
15117
10072
24659
25276
7845
32748
16833
7472
29262
7717
13497
4010
7169
29677
14341
22
17162
24616
28813
31504
4006
16373
1413
3914
2255
9521
3301
22574
1111
22078
7193
7109
23860
31490
20730
32728
25627
6962
26366
6741
15952
20944
11435
24819
9916
23026
27986
15385
17728
22726
8953
16637
4169
2259
1177
22281
27812
10881
17546
19586
32660
24028
4923
7787
26402
18837
14886
30631
19637
13129
25347
11103
1506
27910
24380
11939
14213
15372
930
21844
12049
7376
27742
22081
26148
2119
15658
23184
25695
7776
12737
7264
29556
22995
4755
22700
22912
12569
25022
6258
3484
18619
21562
5397
6830
6864
27475
15361
9350
14273
16989
5517
17190
1104
25763
4901
10336
6361
16288
2216
17319
9687
1394
21775
22559
425
5003
32336
14582
17303
12714
17537
8183
4112
15625
28737
21084
31285
5080
24660
2020
7836
21739
6797
18470
23373
18352
25585
12837
18705
99
9241
25124
23021
5253
6104
27068
16617
29578
5918
3627
1813
14290
29212
16623
29134
986
10665
1684
7742
16308
1765
16330
30242
19124
22044
2234
25040
30061
18669
8858
23416
22491
17323
7039
18346
22498
6659
10355
14104
29687
32479
26056
30110
9758
11147
29100
2687
29460
534
5373
3570
31181
12028
28254
30685
5921
3585
21386
19424
29122
22112
23784
18069
625
21029
20320
28694
27761
9432
22638
14272
14908
25947
20596
32055
21110
3861
30549
10922
14623
3665
24383
17497
28940
27616
31176
4436
4504
23558
31549
16773
25751
13460
2102
13552
8331
3665
24942
18490
4891
5534
466
19048
20416
20058
25304
32746
14018
20228
23314
22232
26723
14111
19203
12411
30809
25819
3121
25615
30082
11761
22139
24263
6612
8143
4013
1298
13971
2805
14674
14621
12486
23967
28874
10905
8683
4516
13724
21438
28906
12702
27149
18320
30536
14667
16881
13665
1693
21811
5057
17815
25160
17803
16366
13231
353
26714
8821
18818
11503
11994
17076
8135
20059
545
13691
18394
549
23296
25959
17084
17110
4396
13675
26970
16438
9627
12720
10770
14014
3121
17055
16243
23376
14492
5692
17476
12070
29309
13237
18632
20489
13512
27962
19777
6339
7277
9232
17843
9686
10808
4833
2794
4718
23541
4695
23742
405
24793
3049
22934
18342
27933
3828
3883
18436
28908
15373
2191
23307
13951
31382
32109
20551
11143
11407
1682
24804
22987
21679
31660
9830
21266
25267
24146
27035
5187
6647
30277
24013
9163
17987
758
7227
28479
13031
9800
29643
11330
6154
27798
24825
16554
29247
5624
16915
30174
30809
1218
7080
31618
9089
30030
318
32087
32133
25340
30275
20572
10611
15990
23366
31546
23143
22841
15207
7646
11425
10833
3596
31848
5338
20579
16598
12612
23000
29937
7636
19094
19521
29914
25078
22236
12461
29216
6084
9423
4094
13038
2639
14985
25076
29146
25704
18413
17916
871
20497
6212
15945
29902
10801
18212
8486
2046
7820
15510
13451
12513
16369
13431
10222
30689
28853
21791
24667
26027
12129
6465
19143
23602
7080
4370
10402
247
18332
16046
2731
7305
10529
4535
28168
4935
16289
17983
12182
23405
16897
10984
18814
5199
26836
4681
3849
8927
10447
29588
23221
30581
29053
32374
25224
24784
17460
9791
9892
4184
14152
26691
11804
13221
14718
20864
1542
18245
10692
1921
14033
1722
5919
22658
9177
7619
15588
5844
2361
32477
3883
17283
3040
776
27521
19511
4072
14030
16861
24664
18723
30850
18902
8565
14838
19398
6162
13031
5226
1615
10242
27825
12672
14829
11724
13739
4805
32709
17545
18656
8743
2273
19633
27188
9223
6124
3795
20042
3983
18486
30346
14756
16710
17919
31148
6924
15329
23537
32708
9523
27485
31214
24003
11161
7754
6412
14834
18092
10602
8414
27691
820
27002
12790
11849
8430
5968
31143
12509
9335
8742
29456
26659
16492
1078
14677
9524
22992
17799
20272
20348
11182
8454
32681
21103
19967
32728
15393
4984
9165
16111
7061
1074
29849
29403
24353
9435
13563
7651
8131
2822
17032
3157
2402
16527
5880
19226
18191
3796
13961
27789
1162
2594
23966
3982
10504
29038
12716
23761
12083
13894
31062
28284
15987
16647
8151
22002
26988
17743
1953
13289
13768
15029
28739
5827
20790
19896
29584
4891
6066
23798
24062
19102
20232
22175
26188
21788
15251
2600
2152
16350
29259
16964
1935
5947
3071
15120
23478
11878
7646
18573
3625
6538
6972
16724
18802
3609
1171
389
8316
7521
1992
6657
20728
32096
30128
32729
1280
21465
12499
20486
22522
14247
31088
31578
8896
23634
15041
28342
21246
7136
15743
2942
20955
21229
25513
1098
15835
17150
20866
29150
31747
28435
10201
13405
25663
9851
13196
29881
3330
12780
13903
23150
31276
22227
11434
18800
13104
9449
13633
15457
1142
16903
32088
3848
28670
10299
22166
19711
4423
2587
23049
22699
30831
20825
15467
32369
16539
27544
14244
18471
26009
22910
11663
9417
7364
13323
26625
14446
13608
7209
6664
26746
17127
18564
1648
30740
6620
9627
28556
18651
23421
15384
13363
5076
7174
20828
15880
11943
25300
30303
9470
12556
2574
30903
11292
3712
16779
27126
31614
30780
14576
12601
15261
7015
13593
23294
30160
3979
5307
6966
24082
2374
2119
13724
27141
9538
273
16452
22839
24422
7089
29815
4772
2638
2473
446
31613
23289
15945
5949
11048
23746
25296
5954
8328
24978
21972
10526
23678
16979
14820
7476
1456
936
22379
22351
31113
13019
21975
13113
28289
3863
4091
6025
2974
21207
1970
10940
6458
12702
15558
24199
12040
24041
27408
17772
850
11105
29664
26252
16260
8534
30367
956
32238
4457
23730
1498
21702
1672
23714
866
4716
8224
14458
5436
3826
11661
15217
28120
14044
7638
15049
26237
13092
6039
7671
30430
21122
19774
12804
19183
6122
24954
19507
27382
4693
28657
32740
10725
25028
3634
27576
19943
3458
22762
25078
10041
4010
24922
28718
2363
14826
3848
2588
22983
22406
18869
23502
10945
12448
32656
1801
4591
21174
23465
20458
13067
17004
16552
31945
12311
31372
23487
28002
29681
23627
25565
11575
2855
29902
22821
1328
32524
15340
22686
20613
26380
12342
22572
6365
9276
29748
24255
15800
31541
20722
3274
11018
35
16827
2295
25384
2329
27941
9497
24552
6824
12110
20321
3844
687
6500
9174
28096
5492
2667
12799
1997
16628
17722
19170
23916
27256
10183
27443
29911
19049
26533
5573
6876
14949
30667
12868
5835
10642
31639
17446
21906
11059
27411
3551
20519
21369
19574
29780
12582
22171
9966
13971
32188
7721
4764
19905
17859
18589
2528
2387
7982
18227
24536
15234
28840
3578
35
2552
20344
2603
23531
14032
29864
21178
10274
30141
3430
18220
20747
8585
27306
4264
18173
26050
21529
14672
2148
12464
554
19922
3336
393
903
15673
30354
26344
4534
27402
10828
16764
6392
10124
14376
7933
30577
615
13060
16741
14218
11120
24108
9820
18836
21956
21536
8948
174
20756
2712
26518
22248
19775
22470
61
15528
31782
23771
9441
30541
1468
31180
28215
21267
604
11862
17047
11318
28512
3136
3901
4955
20975
7904
8629
4395
31766
27616
13713
19777
10266
28994
2653
7238
24077
17570
5589
14682
22432
14267
9813
11958
22072
9773
2448
12688
8004
20606
2949
30015
4813
26718
25007
14752
4174
12847
22140
6328
7623
24516
18689
22427
1293
2153
21740
16012
23396
25124
14010
15461
10063
8251
16426
22842
6311
6902
28913
15417
1771
9382
1967
18644
10711
12262
7970
5923
16440
11041
11161
19331
6398
13653
27820
4484
12947
4118
10027
15874
25707
29397
15188
23697
18141
9058
27465
11295
19761
30640
26049
20180
17914
9433
26877
12605
13734
32609
4606
27818
16211
4287
11253
10452
4068
9753
5115
16579
32596
15440
1282
12015
23627
27964
24587
1190
5615
16953
17562
28845
14333
4066
3431
6442
27928
16156
1367
19649
31585
10071
26794
20222
28487
24080
1654
17395
26785
8090
5716
32546
15866
13599
5721
14749
27179
31714
17736
29547
30768
29126
3333
1070
24884
27412
29005
7939
4334
21881
22181
19882
1072
11342
13712
9959
13757
540
3589
17447
19804
17248
12064
14951
17706
5771
10008
6738
31028
32077
28529
15273
21829
6931
10611
22504
5373
17615
32474
14375
18979
15863
31439
31294
7484
18128
28439
12588
31837
24556
14731
25786
11325
26353
32200
13403
28558
28829
10023
8535
14478
1031
18160
17448
6361
6952
8906
28964
25473
3225
1910
4189
13664
17054
13245
11462
22445
25444
28583
32407
12494
20103
9198
29938
14189
5079
1458
710
7118
18268
10862
13044
7008
22168
6187
18352
12946
17163
9716
26922
8423
26109
16521
10094
29517
8567
26456
21385
2219
8851
30120
29678
17593
6389
3096
22552
25876
1946
11848
3952
11410
4817
26838
18288
22738
28550
5004
21769
5656
22470
983
27970
25944
10368
17275
20771
10385
3209
8070
28881
18781
22755
9090
18938
11717
32319
21743
1395
28505
13248
17137
6176
2177
16130
15941
27413
27662
32091
19833
20218
15124
4705
12637
16052
3324
24492
3509
13634
32213
10717
2608
6884
30443
3806
32670
3459
26011
12652
1373
2125
21605
15827
29460
11936
6723
11257
10916
15913
5177
25246
15964
27725
7470
8162
18285
12999
14330
19208
157
20371
8128
4985
31039
31755
12926
268
29794
8017
27106
22916
18505
32748
22112
32603
21019
14518
20609
11710
20956
29941
21630
13784
17052
14280
15373
8531
750
12997
19067
24092
24988
28640
16123
22375
25241
21134
24894
8180
20535
13355
15427
4496
27802
8089
31601
1502
22381
28715
7651
3159
31699
22465
29699
16784
6817
4148
7002
11195
17610
15348
27814
16497
23067
14831
4141
30639
24616
28853
11346
4126
17798
21722
25190
26775
25914
11932
3520
4838
24178
25286
30992
974
5235
17109
32240
1102
27347
10328
17084
18467
4584
24477
2724
19854
30592
9609
19455
27223
12242
15560
226
10770
27317
24103
26098
24993
18704
2109
7030
7162
9874
29265
23729
17451
11171
9848
16750
12443
15258
1790
15836
29586
4912
17159
21660
5371
11060
32374
12057
6505
13185
12558
4120
31321
14894
215
21648
29623
21252
7108
30395
19107
21301
21650
18285
29044
30026
1779
20901
11517
31070
1772
7265
7952
5514
8060
16055
23105
19104
25726
31266
25324
28956
23504
20250
16762
4695
16821
16359
2527
25086
27768
13750
31847
27587
4947
15341
9139
18770
31886
1468
5118
29831
22251
29172
12198
2526
16962
285
5351
3883
19305
29123
6377
4747
24406
30480
29693
13722
31112
15776
803
30950
4515
12944
17105
23460
3162
16600
26351
9122
13201
30939
13350
24957
31171
22077
32346
1300
3234
6133
28789
5692
31486
24227
359
26038
29160
1315
14955
19038
21783
26466
12939
16036
13963
2928
25446
29248
29039
24791
15153
9250
27716
2604
4092
22696
17980
25827
22582
16404
29668
17255
19572
24893
3846
3435
22126
23685
24014
14970
29002
23306
21803
23254
24350
32289
6776
8831
22448
25344
18524
10898
5248
3770
31471
23764
24072
22129
26398
15759
32322
6086
336
1949
15467
21909
30538
20162
17927
3296
335
7231
10533
22024
20108
14755
17380
9795
4276
7653
19766
17738
27368
12464
23268
19282
18393
22526
2258
15166
23344
1000
9605
3347
21038
11452
2018
15532
30607
30545
29240
12463
20149
29591
9857
3519
27138
10610
4069
18931
134
26569
9600
5255
1754
2522
27237
26066
20299
9936
12003
19320
30011
24471
30471
17633
6085
16111
10849
17386
10144
24511
28939
9690
19526
19884
25064
14487
9301
21483
26154
8218
25909
11859
30231
12320
7675
20663
4876
3618
8589
14450
8898
12168
23559
31811
4048
2074
5982
3676
21361
31927
29508
25781
19592
28233
5195
31654
2017
28920
20044
26293
23994
926
19978
25517
2178
23419
1555
9200
6368
6187
25319
16397
27383
29652
2652
2453
233
17316
10817
12075
26265
23675
6722
26331
694
12260
21771
4781
30965
13642
3249
4985
413
29545
24141
15868
23113
15874
26858
9772
13289
31699
19361
13513
16907
2246
20226
15157
20313
2153
15798
31109
31586
15518
12387
19160
1437
13460
20688
27623
18858
26613
22602
4062
20700
4705
19782
14187
7413
25372
17479
32276
4144
21763
10242
20941
5765
17093
19648
18634
29736
2895
21253
2450
23891
23176
7535
31061
15173
27199
24032
9343
17035
20321
32224
5517
15998
10096
26172
3615
13837
14896
27123
22095
19900
25508
22611
5698
2797
23096
31328
28156
23646
9536
32629
16249
3060
22433
7470
24313
32183
25294
26244
7579
24605
5623
7738
25133
12683
7549
2169
17475
16153
5800
32695
23942
150
2972
20701
17743
30156
27529
8872
27253
26884
21283
27727
16227
15053
14674
16231
27757
6906
21546
26884
31844
21226
18973
11810
14183
1292
879
10051
8189
1441
12267
32601
18017
12484
21717
6629
26141
25000
30495
25697
474
28450
13791
22236
29047
20839
26881
26596
5720
21782
6201
30632
10753
32633
24124
30302
23267
2056
3120
18915
11125
2862
8545
13985
18311
23120
27445
20406
17364
3340
24930
12883
31702
14270
4702
4193
478
27465
13336
20075
21859
25108
11493
14520
21402
32338
10429
5047
5704
32135
3751
2977
13525
1351
27250
18265
7073
27969
7846
8855
28059
27261
29370
21317
9231
32738
20871
32297
24767
22523
19453
32453
9782
27643
13333
26235
27225
7166
25606
30453
14143
7313
1468
7108
20034
23925
28294
10055
342
19872
25359
22223
13978
8325
22415
25088
18989
30869
66
6523
16963
6918
17946
22714
2424
4307
29617
20282
9060
22788
11905
25824
3951
4143
4183
15766
19942
12607
29957
8245
15183
21364
20567
17575
13818
2475
8265
19789
16857
18144
20343
28574
7825
27633
7125
4113
977
25252
21920
21821
30691
27116
2709
30271
29825
30568
29024
18525
19945
21037
10583
20457
4148
19141
8808
22631
18147
13431
16720
22514
25275
969
5134
8667
12755
13892
10904
11412
7659
26487
26572
28364
9471
14143
24233
6108
16412
25925
4031
10082
11379
17863
6884
10283
19116
29596
14633
4695
2172
25458
4877
6327
2170
15451
18160
25978
31790
6536
13258
2569
25707
6483
23580
9775
11231
23939
29991
2685
20457
24780
30301
23021
2986
17814
15637
28357
14687
512
6274
1726
24046
3363
20966
31334
4798
29083
1283
963
16844
26948
23762
22585
26620
26177
2168
6573
20909
11587
31862
25323
1423
25863
21536
29509
20921
16161
26448
15741
12022
7673
26715
24038
28256
23571
7748
15301
25905
6291
3888
23037
2773
11520
12058
6892
15684
12360
26312
31632
8078
11012
1790
2542
18103
24830
31729
6836
10438
21488
21758
541
537
25487
29852
21525
9467
11976
31888
28574
26489
6730
19040
22898
9073
8260
6153
10729
31979
19824
5364
4638
25260
3920
2855
15437
32009
14264
25785
2944
32506
22924
9608
32363
3439
25291
11566
14740
12519
6092
21808
31927
1342
21448
16249
1896
7110
12953
26887
12538
17306
1985
21733
14240
11311
18094
25433
2770
5676
16445
10590
5362
1660
22908
23636
18480
12193
8116
9719
29355
1355
23975
29838
7640
11817
5654
7012
32040
18431
1926
22396
12261
12793
7492
3201
23133
20799
29095
19964
23107
969
17813
2250
6738
13685
4424
24780
18739
19286
4690
5856
30625
22863
31455
2832
25035
21985
9787
12042
26618
16450
30356
31952
31347
27823
16384
17841
31903
27394
25794
28024
25449
15239
1737
26083
4840
17932
29305
32343
16190
18231
9902
23505
21696
10269
7678
11552
11095
29711
15679
28498
2341
24759
2889
22124
14444
7269
5629
11870
13484
22179
10375
18485
13068
14095
14047
18323
2555
13930
8854
25692
15383
3564
15567
29875
10830
12506
10636
21285
12611
1115
2091
29987
13811
18824
1328
17846
26008
28098
14660
6254
11470
13640
31102
18588
10740
29704
31970
22720
7893
18614
31527
9797
9607
3612
10430
1388
11412
30385
13327
22919
32344
1644
10246
32103
22442
24282
22478
4119
20927
4463
14300
31179
9034
27674
18480
15635
31976
29723
29655
26708
1212
793
2485
15225
13654
14959
12929
21990
9178
16584
2065
173
29022
32235
12760
26885
27539
18648
10925
24312
8360
15379
5069
27739
27243
9280
14628
22531
13490
15600
10952
26934
761
12219
4039
32608
31052
2447
5666
20999
27752
6727
9241
27905
15645
29311
11945
15589
758
29607
22868
16319
18972
9815
17184
11784
26744
19170
9442
12245
11800
22574
9404
29262
29908
23747
741
12642
21297
30241
936
2489
30341
21079
15024
9962
26716
28625
7042
8687
17179
3954
29515
9174
6627
3299
12252
8376
6072
4394
6131
16111
6627
21374
22716
16004
18836
23641
3223
29927
30924
32464
7964
12515
18042
31776
12892
6864
19941
1417
26986
25867
25929
4191
15387
24739
12229
12382
14345
19029
1652
27710
21214
25531
31963
16519
12751
11456
1155
17575
2662
20823
29670
9793
133
8045
29840
28361
9640
6427
7294
18254
32106
30497
14026
11926
11083
12176
32650
21872
11696
21702
22261
5446
18987
24735
12231
13554
3837
16362
15591
28626
3545
12826
8775
29471
13291
20798
11532
17786
25369
22068
22256
19656
12425
27929
6372
26176
27747
11779
20729
17602
22232
3571
16256
2411
9827
23557
24432
19046
17230
7914
7689
31749
23673
26264
13751
28688
14679
26176
12345
24413
27961
27265
21506
12704
20431
32731
224
30597
24299
23910
16347
19196
28041
26564
2656
2516
17421
24660
3231
7820
5579
5288
26417
19302
28620
8762
13310
11196
1231
8794
21086
24471
31375
21099
15998
5502
7236
3151
30726
26252
5740
8992
15352
14534
8139
30753
5595
7083
13233
23540
3098
21260
16763
4109
27559
1053
30044
31846
30435
14541
32350
28020
31682
11603
30115
28251
5418
7177
19185
4958
7069
31614
23150
18585
2328
25286
4007
30962
21563
2069
14807
8525
1705
3469
30055
9215
4786
4179
20145
28805
11312
11752
521
21367
10414
29623
31998
695
10960
27882
1245
14830
7407
17026
9847
31545
16131
8615
21284
18463
19398
23612
20232
26311
30998
30647
21653
1895
22427
7728
4433
24064
21931
9655
24538
1097
26986
8683
25383
14312
9782
13257
26384
18664
16706
3009
10769
19560
18816
21007
29771
26512
5829
26952
8139
18122
13352
16179
30223
5422
18859
8155
1734
2109
18717
16098
23512
21459
25150
27416
11942
6743
549
8268
659
11573
25055
27491
18627
12686
26713
21671
28963
32046
25471
17505
3241
16318
23718
5545
25821
19514
3111
19325
11416
5798
12365
7185
11787
14845
19314
18022
6660
6763
3428
26142
23661
30651
27662
14735
6677
1043
12116
3606
15284
21215
29758
18093
10793
13323
27481
12480
8197
20341
22106
6973
13389
5282
2309
25579
636
21168
29005
28412
5064
3211
27325
15589
28070
23908
24854
4717
27024
351
1594
26372
14854
22156
8008
3415
16595
27161
11529
18977
6801
26054
29579
19780
879
29080
9483
16664
31026
24018
13336
25603
15994
10529
4342
24650
9031
14103
22081
22054
14011
19162
10450
19483
17954
6686
20199
31109
19759
3152
17021
8052
15240
31252
17153
25529
13190
242
10792
25153
9781
16204
2076
26786
28835
3220
19160
4084
24151
444
29909
10466
13599
26093
9958
11776
11791
21371
352
12384
32710
10521
8319
29280
24051
6985
14341
9413
4632
31255
4644
31246
4494
32519
30110
1026
13514
14156
14123
3980
29662
24122
31259
29384
19522
15358
25660
350
13269
23693
18686
6927
15647
13018
4053
2189
20697
31820
23007
6800
8367
30831
10951
16166
14148
18666
6377
330
18807
3505
18615
9913
11493
4475
14171
24577
6062
6775
6302
16091
3453
13114
19464
26298
7618
32764
11592
11172
22338
29701
17367
4929
5330
31586
5593
27698
1887
27868
8772
28579
8498
22571
17987
8484
18034
1126
4573
24756
26347
12990
20434
25375
25869
31084
17605
1163
28216
19176
27040
10573
10295
32092
9525
8449
22538
26200
18721
16345
26088
24263
22006
8757
25220
17186
19097
20084
29072
17379
744
10506
15743
6717
27040
28371
22672
29962
382
10664
12040
12805
2469
21295
28350
14137
16704
6647
2013
185
3688
31940
10982
13970
3144
12327
26612
24318
17535
594
21316
218
6085
12587
21236
19034
6610
26271
31243
4092
25724
20281
5306
14266
9759
32499
18914
25732
28481
6220
30165
30189
886
27034
8801
12325
12674
29858
16395
8231
30398
5222
1176
4147
29117
13630
4818
8319
26670
21290
20360
22570
25604
12903
2007
17009
11221
1600
19624
27685
6784
31271
10106
21852
6675
20740
3170
11112
17900
3789
11599
24325
30750
24663
4755
27350
17942
13676
7327
24083
12414
16669
21262
32636
2657
21593
9446
7313
23440
18111
32282
22788
16965
25009
22099
4719
6151
426
7407
11331
24013
25041
9802
22528
13158
17870
32317
11692
24088
30172
17381
10366
8840
16671
29350
23514
30169
31289
15471
29826
18968
8728
22847
23050
31192
13585
28648
1164
5913
20019
31763
23198
8559
5333
21892
11137
26464
10354
15519
6555
5901
32439
4139
2343
16917
26585
4183
26412
22710
11564
21242
23723
24629
32242
19743
16925
26752
7792
5569
26397
1299
3400
17875
609
19736
4866
6532
24046
9938
28652
14016
5004
25147
7204
15610
28024
26348
19955
553
16218
31038
14940
8464
19318
23215
17397
15555
2086
18823
3062
7527
22920
9147
6544
2617
4980
12561
2944
1234
22449
22661
2019
18857
9320
17643
24140
14809
9944
15575
4116
4644
9804
12730
13041
4920
6986
19021
25034
32562
18190
27699
12234
4193
24375
2266
20916
19788
8639
12706
29046
24054
25904
14145
24576
18016
30997
22630
6486
10832
27311
17308
20196
32337
490
28785
27667
18939
2703
5080
18713
24436
15803
13261
21
11319
24464
7735
6235
1812
25898
18194
31756
8056
14037
20941
27627
29167
25213
18929
25963
26087
21094
20228
12045
30903
23581
14253
32488
6624
15278
28697
28553
7314
20247
6044
14078
25202
9725
8604
21550
9114
14750
32171
9836
30689
24839
2803
9035
1373
21894
23255
7859
30759
23395
1751
22836
10078
25291
7604
18587
2927
13581
27605
20163
27027
521
8938
21166
22681
25060
9423
28628
741
7937
30131
12219
18873
23597
6521
456
11699
27418
24670
25941
8343
26383
26333
31236
9295
26589
19664
27218
23344
24853
26583
25711
28031
376
29949
5453
26676
9903
3481
23030
30973
14653
25459
6948
11142
1201
2088
1803
3064
24608
17360
7546
21184
15058
16093
16930
32145
24892
838
18741
31148
3630
6374
12852
17247
7246
16671
1282
7883
27589
5570
1340
19947
20536
3891
12237
26578
6906
13768
14012
13620
5504
627
28489
13864
21
12961
26169
13612
26830
4961
3694
2922
28353
1993
15802
31290
17778
20117
27637
15847
3214
19218
26701
15798
20444
21819
30942
32036
17264
21793
6275
12912
4130
11664
18155
9817
17470
14831
7919
16681
15485
25448
10018
26866
6452
4425
4266
5400
5068
30890
22607
15119
18546
3921
32210
30822
18447
9682
17792
7685
1659
27898
14342
179
30958
27246
21639
13019
30903
8336
10476
2959
15920
28066
17532
7885
2033
26158
14508
2817
16964
11941
7224
16332
17113
6214
17522
8708
27835
1345
10458
12540
20611
22557
9456
4357
7372
29271
3142
7988
29414
1612
17625
29286
29647
16472
23457
28034
6494
2880
18279
18174
12226
29645
19927
10661
811
28602
16086
21143
5575
3025
31254
20625
29168
17744
29415
18542
27812
4753
9808
25326
27701
24298
14174
18359
1857
32211
9660
18841
4069
22854
21124
10262
24366
24428
18261
2594
29904
29557
29606
5671
16155
26055
21593
19276
7978
14172
14739
32759
32094
11365
7884
10640
523
29236
18722
20873
18032
23640
8179
23451
4589
32010
29610
338
30576
7368
9945
9931
26417
21823
28041
27837
2207
21358
5838
9142
28825
1289
5278
1191
2018
13595
13794
21155
13775
23536
18126
18916
9027
9778
2926
15
10717
30546
18562
6584
17264
27433
20108
31017
3508
6880
15143
19039
13883
10509
25754
4182
25254
22814
9133
6023
26904
13819
28604
29102
27883
3047
265
24272
13218
14759
27990
18301
17951
7399
29364
11347
12823
7641
25750
11971
32706
7711
28457
5912
12247
20203
9448
31668
21943
12901
2667
28061
8680
19533
5247
20025
28870
17889
19580
12886
12661
2305
3795
30317
14618
5777
6119
26664
22091
7199
21278
10529
14532
3269
8247
12013
347
16721
734
1113
3638
25508
28797
12275
22331
10584
12374
25549
28360
8614
463
23165
31396
6790
32012
1384
14646
24855
25027
28737
26357
24898
18508
32204
6176
26778
26872
25064
23215
4231
28068
31948
13449
5028
398
31633
20983
4709
4967
25073
30809
2813
32169
24910
4376
2175
2346
8437
24795
19779
32242
23461
16126
31883
13897
30283
24896
1894
26645
29712
4027
24789
6243
27541
21786
15661
27972
24957
32518
24764
20954
11309
737
16815
8370
17615
6839
307
18516
10653
11889
32731
7705
13660
23884
4418
21309
4134
15242
4849
16437
7533
6248
27267
31299
2877
24655
12039
26439
26305
28494
421
17368
23049
26568
22917
20371
30474
24938
18156
5043
13287
1120
29096
30691
31855
25801
22191
6480
31974
12904
2307
6145
2568
4252
31192
20075
19019
10898
3065
10048
1125
22457
30312
1417
14094
25718
14916
29428
24071
21274
12272
2159
2139
10513
28530
17653
9189
7259
6169
18088
8722
13633
15203
6689
23016
14400
28445
5124
19271
27722
19148
26839
10095
4398
21580
30484
17091
6740
8119
30588
21453
429
9865
1967
9089
18154
6657
17146
4806
28396
13514
23920
6450
6012
20442
30012
8469
29501
16027
3637
25786
16862
13896
27571
12521
6292
17562
15521
12464
3784
6565
19924
9828
8973
10492
13979
13794
27732
26140
13208
9242
27491
8200
9166
12239
4227
16432
23546
26520
18809
28823
17447
8491
11192
27957
29565
30170
3797
1179
15962
26718
11067
3029
27300
6100
4384
18836
32349
9221
3000
7309
23671
9962
17576
24860
9194
26480
15293
23085
1285
10616
26334
8540
257
16162
3647
25179
18396
16203
14552
26004
10341
1364
15638
11792
18067
24101
18896
11928
3098
1650
31612
23066
1856
24125
20899
4942
11245
30109
6290
16280
11010
22205
6995
305
21484
12583
12763
23682
13433
19011
32645
19664
27370
22298
30143
3102
24137
9056
28419
4687
20733
10674
30218
3980
411
284
3388
26085
19967
17374
2666
26171
3228
21360
23231
21597
4112
7619
17140
30321
2299
18378
28612
13206
14866
24889
27296
1479
12911
1421
18083
17154
555
3660
6600
426
7471
14990
5723
7211
24647
28604
22701
6108
27769
30616
15628
29481
19604
24445
20978
7921
6411
23784
14973
10029
3588
23352
5407
20179
18349
5810
14999
8954
6351
26824
26912
18750
12197
10651
12264
3430
31982
19134
11971
29252
4417
3901
32289
18909
25761
1246
21310
6346
15441
8870
13464
18654
8937
12447
21158
28425
9898
23769
22727
10364
21007
8623
19065
21262
4772
24907
16587
9439
539
23149
7189
26427
17821
23143
32230
22721
30558
20589
7998
31428
20084
9739
22269
19953
30953
247
25756
16946
23567
21001
21275
24019
12051
21896
2106
24548
9173
26791
21484
25054
4599
22607
5129
15497
22581
3359
16451
13340
26612
14514
29275
12198
12061
26656
16021
32686
21547
8135
28777
30742
30851
25675
32635
24902
29956
21723
20685
1158
17632
15030
6195
22442
4778
12782
28168
3061
7088
20332
27936
1080
23946
26677
27901
30266
16883
24044
11334
15196
15576
5271
32628
5245
4271
30118
22479
25884
11530
9265
13977
10684
23404
18049
24713
11661
11867
2258
25979
17224
26294
15703
20581
1371
17225
15743
5005
24902
28319
28791
1273
29253
32535
6896
32551
28463
15674
23586
31231
12190
9292
31760
12294
3152
20769
28430
9172
7885
21299
12929
6600
9290
5105
26343
23034
1998
18521
19223
20081
22419
8392
31945
20887
10671
11025
8792
16617
13299
6861
25031
10227
6932
27635
18691
6012
15624
5033
2919
31998
31411
13145
14469
3673
17603
518
20516
7623
28633
24545
22405
27155
5097
18455
21483
16134
31459
5358
20057
31267
25235
18960
17566
18324
5574
22822
11151
11107
8366
5289
26260
10989
9351
17653
22630
10900
3707
5024
28950
21429
13763
16649
23890
5850
9488
22580
15076
7728
4905
21717
30331
17467
20181
28586
13998
25288
8699
1294
30782
3619
28680
18892
16283
4235
5009
16945
938
14819
16186
12133
13766
22442
26070
26363
2821
26925
28111
18630
27324
25595
13256
18158
9797
7322
8322
13380
24063
10104
22012
19667
14231
17956
14303
11447
18822
13502
21272
10547
24539
27565
26823
16381
32315
10639
8280
4316
17190
22902
9455
5493
4219
10577
12810
2914
7487
25768
21346
17541
21658
26509
23570
20892
9762
15823
22778
15125
11101
17008
614
15395
18048
21337
28907
13329
7805
27981
6546
16855
7229
17436
21817
15851
19754
11033
30517
1625
20209
25037
14140
20758
10374
6381
29315
30865
13416
17290
2083
30348
38
2184
21697
298
17698
26705
4462
32329
24213
27338
6604
16657
24787
27015
23922
17869
13777
19003
146
24570
25316
15730
28633
3742
23499
21890
27543
27356
1776
2494
20000
25796
22251
31214
4466
17008
7496
1532
22552
5452
31370
3568
32078
6581
3951
28190
28773
13510
21366
2974
24425
1134
13471
1277
29954
13766
25714
23346
11672
5538
30274
9940
1978
3943
12979
11658
5057
3612
17530
27586
9904
29635
8804
26278
13407
6889
23194
23115
5337
5756
8995
6188
14594
9181
21418
10712
4733
822
11394
3047
13004
10766
3815
5426
26041
1050
2695
24132
19189
13910
25665
15627
13056
6229
31276
10451
17224
22485
10459
6774
9621
31383
5599
15564
18084
12910
910
361
26642
14229
4611
28040
2429
7493
4454
13122
27877
21639
18798
27396
14936
20808
23075
319
1742
1451
6633
11361
16978
10147
5306
32517
20834
29888
4275
27238
21913
26697
15314
17690
27019
6028
26366
10749
21489
10354
29255
17259
30214
5718
20080
22194
31024
14615
14250
9158
32739
17004
3491
27959
24002
9592
27839
15457
6920
7327
27813
13795
18215
16791
10238
4690
24239
27586
29049
3886
18544
18619
23059
27668
11747
25391
27797
18486
12998
3054
16990
29705
20487
22849
21858
2877
21987
12415
13171
27378
22863
3547
30400
22569
4247
32384
10139
27256
25413
224
27519
3843
12612
16200
9553
14247
5445
22712
27366
2680
9826
11251
29638
9582
32001
22738
25903
19035
32508
27613
8029
1824
14079
26652
28681
11809
15153
9003
20016
13046
26390
10125
789
16228
27828
4418
25737
5259
244
6300
1130
3168
10060
16206
31082
20318
24731
21446
9489
4729
16724
16061
6918
29012
13023
20236
3466
14515
25660
30657
25413
13619
11754
13426
23109
23097
27911
2001
23620
21800
6584
18561
26665
24791
7371
12328
13522
27970
10395
24774
28945
28543
6452
21573
17652
28148
8120
27217
30794
7368
15618
2153
25186
7831
20360
54
1814
15722
14470
12316
1288
12262
23641
4624
14636
16067
552
11433
15239
24192
22218
6777
6454
4437
5860
7069
28593
9578
9298
26003
19793
9030
2761
9548
31504
138
14266
26498
5009
27359
27001
23372
2912
16173
6558
8944
3706
270
26284
9976
22288
26242
16624
8072
24968
19428
24236
18414
8645
9244
15221
28795
7592
14615
9946
25233
4310
20596
9798
19198
32188
2176
11816
7816
20433
357
30288
11465
29467
9886
28060
21822
1269
11438
4309
4762
527
5906
10452
20576
5558
23156
13289
16048
28246
28449
32381
6241
15165
26557
12021
3921
14241
24630
18650
21241
26341
22774
27447
25925
26136
21085
20035
12706
30399
15470
17472
6744
9940
3784
16803
28698
14862
7384
12405
2011
14435
31310
4857
25316
17868
973
14735
7460
10056
24551
4056
5575
6435
3144
17691
1546
23160
19249
21480
31309
4597
1321
11515
24937
28638
29423
2402
9797
12628
9138
10211
1956
26840
13188
31128
8769
12299
17933
476
24862
9911
6524
28011
18457
25363
17859
9412
19648
14147
31748
24018
12646
28703
23110
28876
5751
28981
10093
29786
13832
21009
2921
25849
32178
24764
6061
23456
31393
11650
13283
6052
19432
1016
17118
24537
3863
30014
5072
32506
31504
22402
29629
24394
7446
24261
29487
2428
27687
13026
13356
2768
9868
9932
21605
1664
11694
29975
18352
30298
21547
9658
14008
24238
21033
275
13811
31082
21483
13355
26837
7300
22178
2620
25924
24472
18309
24432
27467
17619
6435
12524
17682
26895
17144
28173
25358
32575
24383
28401
2165
6926
23304
13370
7157
3779
27786
21518
28837
24680
17338
14434
6972
6699
10525
4729
10113
31236
32474
10151
16898
17560
22547
23387
10761
16222
6773
6749
32716
5632
24078
2899
17124
12036
32607
10378
5376
13227
6067
9971
5339
20249
20399
20076
25963
26807
16425
10049
13660
24022
21822
8435
23228
32405
26526
5688
22264
20996
43
21058
22279
25993
31171
31556
997
11139
30041
1587
14147
11566
21579
6090
26749
5063
11503
30416
26060
19696
28015
29597
11709
20053
8408
26843
31969
15504
2669
14730
25542
31050
2881
28742
31015
23715
1541
25549
31840
7636
13598
1212
31780
12051
9979
14489
21874
4280
21669
26134
7877
24477
1687
5780
21388
8906
31697
20711
21465
7250
1832
4441
3165
8568
5856
753
23188
15894
23164
24053
317
10048
31445
4013
16653
16676
6250
3946
27044
15412
1015
1223
30400
3464
25929
9007
3505
18045
17488
24223
28429
4003
10358
23981
12452
19158
16943
19658
21430
8362
21201
30404
2916
32013
18087
18063
18277
16167
13632
5700
22266
8325
15373
28522
14372
6007
26412
8309
26388
14518
7294
19340
16867
23626
15615
21135
21635
2475
28759
17497
8438
28455
20140
12098
14269
26755
23739
31976
13460
22757
3623
15152
29532
23538
16912
30343
4441
4659
28136
2414
3741
3261
27266
1333
9156
7185
5996
6150
8162
1601
18559
5158
25274
26708
12724
31864
18225
18156
17722
14915
4610
4646
14277
24628
14514
8386
7976
7847
5319
26244
24358
19746
22325
27097
22661
11554
20505
15550
3685
18971
24233
31966
13776
6842
7531
7930
25490
18285
7846
2446
19531
14885
19735
17074
19138
23387
17636
13630
8316
8273
14550
20785
9358
20122
14274
2900
21679
6364
26184
26
31889
30933
192
15819
26482
27292
14706
31201
20462
27945
18181
13747
535
27672
14139
5712
25543
30378
23003
29614
22325
26637
22510
25348
11207
25821
19245
16500
4391
20970
27067
31725
16537
10300
6672
11600
20620
19028
821
13265
26222
16053
27959
25761
15045
29603
1494
3274
9084
28715
23933
19034
6266
5731
12407
195
26234
23283
20575
27778
1046
5588
16856
6655
15652
20568
25215
17332
10310
13419
11038
23442
6845
280
25123
17312
3710
10319
21072
31206
11912
31205
22963
15241
32116
32732
25817
25399
19022
28645
10815
1733
26531
22051
14857
6167
22747
23858
13814
3393
27081
22376
17812
21483
25729
27994
6832
5114
22890
5538
6673
1389
11668
14816
31846
23940
25419
11519
31612
5928
20716
22202
24500
6791
14839
14430
437
2047
32358
11985
5214
10813
21565
5587
19198
21414
16227
12420
12232
10997
15280
31526
16001
11046
19783
18981
6012
23188
27430
23124
24264
32094
30715
13946
7080
18190
15673
5645
11331
20349
7276
6461
8605
20209
27338
1589
6086
25993
11018
27549
24146
29147
6521
19555
1288
15067
15946
14523
8415
28927
31277
30820
23846
19104
16676
10797
11522
16292
30610
31929
12573
10330
9621
25727
9629
17317
29846
29460
27731
26717
11039
13229
1845
26098
6892
12512
5903
22610
13636
1962
12917
29453
14730
11190
10492
1975
12815
16604
1706
19343
13098
11753
27562
8285
4235
19614
3140
25761
31948
23291
27917
3817
18249
4541
12123
6275
11314
1061
508
31572
27358
11515
2600
18184
5730
19667
22707
4460
21603
32143
16263
17943
32296
7973
6994
6480
22515
418
25980
8748
21138
28783
8796
24567
2865
723
32683
11989
32114
21946
14137
28585
7104
4789
2526
26422
16864
26689
26292
6277
13768
22348
4739
7814
10933
31221
25469
18681
31352
10132
25900
143
2320
6650
30888
13901
1662
30714
17677
25138
725
26920
3116
21785
2193
5856
14209
25057
12585
16010
12646
8650
26600
14621
24197
22562
20216
7138
19347
14626
31424
22139
25404
6163
30576
29219
16473
16564
19673
22071
28777
32736
29827
13814
14911
8044
30201
2949
15608
22863
7528
17461
31536
1541
104
521
9846
2613
17690
5747
16124
18321
24435
6751
23443
5373
14551
18290
11735
500
30186
30356
5799
26920
20131
26540
24281
5737
11426
13994
26667
968
963
8651
27260
29180
6387
1304
4412
24581
11074
12081
3361
9743
13114
29512
28187
14232
11375
7280
22923
20693
7512
9752
28848
4946
20829
24018
31585
21978
31025
21082
11010
11158
9570
13267
2481
26232
20271
2387
27072
6363
25497
24482
26984
23139
1213
21823
24251
21547
30048
10148
16347
22559
25292
9675
23402
1958
219
11249
30017
19845
11345
3226
7013
12032
1902
2773
18230
14401
17604
18881
7914
2046
5191
21840
27450
15959
26275
10315
5467
21245
31442
21399
16688
5785
27117
10934
22462
25452
9538
6544
5600
16690
6824
1908
29500
77
29455
27482
30069
4127
8027
30059
17315
5304
10099
29123
3584
32689
28564
18549
7651
12375
26604
16079
8691
24333
23140
24032
2708
22507
19133
8760
2726
18603
7390
22767
4207
9670
30060
19945
19157
27354
2204
12119
3793
14927
19269
19073
12576
8250
14906
1476
10300
31873
11222
15318
2698
22593
24536
23634
15573
10860
16753
30064
25851
20407
3996
2835
29926
14771
24494
24330
25022
6457
11822
3727
23389
2060
29158
10516
6148
30138
25914
9280
2124
23491
31161
20788
1887
31997
10738
14098
23399
13367
7561
30400
6727
5661
21386
7145
18058
27228
18172
32581
14488
16390
16826
7707
10288
8503
20862
2820
27154
10745
4927
23537
13820
1637
18621
14703
2264
7179
27738
29482
30516
25236
14123
15792
1010
12198
19791
32120
20289
31240
1151
17187
12748
22535
30951
23809
6193
15640
25652
8663
12980
15038
27375
22752
19765
18606
21513
25361
25439
22578
24247
2465
17699
14027
10880
5577
24420
1050
26003
5577
31988
16128
13663
29483
5056
11781
3422
15947
29255
9974
26673
21271
24913
31186
5874
15124
3549
744
6854
28834
20315
10297
15537
26496
7707
17955
22447
32402
19974
20289
2304
16098
24972
9101
15043
3046
2269
25287
15558
10497
8540
15899
24477
14411
18768
3326
17905
5781
23517
10585
24603
14504
26932
22249
17905
28110
32518
14821
25312
11156
21822
8418
10300
18125
13039
9717
14803
15834
8075
27415
18632
30761
13399
30157
4255
7932
8731
28168
10900
29548
16158
17481
11057
17837
12625
778
15903
29075
2251
20314
13373
1109
24181
23751
14319
28562
19207
22656
7097
28049
18995
4027
30476
31437
24095
21845
1375
2225
1817
27320
31618
19872
25479
28674
18223
22072
3100
8036
27875
15320
82
22471
30699
9311
14100
15030
12482
28471
10170
24952
3482
13203
24379
28028
4409
29684
30110
30715
3078
10994
30642
9432
29540
5433
6399
23755
17214
23762
16892
29374
7651
2468
20099
14455
7701
23354
4225
18040
3932
28614
27378
31523
161
23654
6413
29986
25847
6823
30139
3334
14012
28488
22350
4654
20705
11840
21360
20203
29318
1
32601
6113
8394
3071
70
27313
23265
11372
38
24533
21607
3910
23190
29643
10739
26772
5647
27509
17392
6637
32094
22464
23464
29497
27989
31876
22178
28860
10945
7851
27694
6736
21660
32150
18750
26609
18051
31676
9847
20351
32618
14996
1160
24512
24718
11702
699
3237
22699
26941
969
4302
20335
12143
5363
2127
25903
416
19278
10421
23258
14419
2911
14916
13867
26275
28391
13955
30242
3297
15616
12283
27572
24191
10345
26427
2754
7980
18463
12575
18248
23361
32301
4690
21207
32604
16580
13330
20037
4938
31118
5683
17315
7211
28480
8807
31855
27088
28015
1212
2059
21352
7844
28006
1646
10076
19634
8127
2842
21111
31559
29324
11341
586
4290
9602
4732
18127
324
12297
7165
30540
12298
27967
26884
24186
31482
18752
25552
29159
9339
21413
6438
6297
3978
23370
29951
17652
523
30549
14206
26078
24924
8563
13860
29472
7472
17765
15687
6415
15515
27068
9664
18285
16745
21984
29413
10122
21940
22871
3255
15790
30646
6212
27228
14779
6107
302
16591
15119
23834
20483
2518
2984
902
16989
30516
5771
2336
24835
9760
7526
7408
691
9975
29044
1108
27679
11566
13217
27287
12597
31626
24559
20165
15267
24723
10264
958
6811
22342
24949
30346
32723
8202
2590
12012
3537
26085
10579
15930
23397
17392
3866
4203
20599
16136
14122
21362
16386
1991
21256
26827
25441
6322
16240
5459
6858
1204
26870
25436
5912
2508
25581
27393
20685
15362
15240
29879
28759
23711
15423
10789
2962
12701
15732
18742
23695
29021
11863
3436
21908
5784
27143
17271
13923
12440
5882
15110
1727
936
5534
2781
6701
3529
16960
23335
248
17318
3630
10766
2679
6602
13336
16010
15506
11793
3004
15734
25731
9564
16579
5353
9434
4489
28901
12739
9412
29603
30036
13190
17548
11861
23384
4712
31586
31909
20534
27558
16988
16607
1111
26650
12474
16334
18854
28944
11630
7218
28986
10070
23004
9839
11317
20626
6622
21635
29676
11992
23819
30266
15688
30332
3385
31141
31596
22053
17984
21448
13719
17699
15105
24979
13388
3075
27559
21780
2481
15200
4397
746
31030
1276
25121
9213
630
11023
5287
24428
4962
31198
16832
12487
9628
32656
3532
32383
19233
30269
14926
29850
28203
5193
1264
30635
18518
14064
30663
17410
21761
6945
3799
3360
17143
6288
22234
12654
10575
4871
26941
22062
912
5628
26988
32689
14617
20073
26447
31178
13248
22232
19220
9348
18874
2493
11824
30992
32443
19977
17824
23297
24669
4604
16757
2492
454
26683
17807
17961
23173
31522
24489
175
3262
19035
7830
9056
22151
26288
11977
19568
12945
8221
8219
3308
27659
23082
14537
32680
10691
31352
31164
19578
13455
9625
14350
27557
31979
15908
28617
15768
9187
23049
13298
19161
2868
8739
24518
16444
12462
20492
27971
31576
22748
15925
5354
15163
19687
15926
6852
18781
12216
10594
27811
11987
11869
24479
30122
18885
4014
10357
19215
22306
26416
10852
5664
17554
28473
27771
24452
24237
20053
5670
8132
12138
19433
24904
14602
8410
14358
29321
15912
14358
2784
3058
10971
31862
32400
19895
29009
24323
10582
31059
234
13871
23091
27354
10812
8644
15638
15499
1113
27419
2630
18597
14164
13710
17663
32125
20481
4911
19808
14284
253
20923
18821
5965
29934
5065
10736
392
5644
2631
19757
18152
28385
25127
1717
7700
2124
14934
3348
27004
26828
13806
4935
31538
6395
32428
4456
19196
20825
19364
141
21159
13643
16435
3565
1182
16228
14134
2372
4283
17122
20089
4729
27484
9852
18035
19070
19130
15451
2608
2937
3702
23398
29582
27681
17781
7618
8108
4714
17902
26777
26528
6500
3009
8475
20840
3680
20747
12995
3363
18774
5367
19164
21122
9347
1239
27971
12921
22358
31603
18030
12602
30861
2720
24237
15459
27548
17173
4784
20854
15694
11899
30026
26763
13230
12227
32372
30529
5416
15804
11157
8186
27372
11237
29953
24904
17043
30080
15551
22946
13061
16103
6799
29532
10394
291
10539
3286
15487
5051
14542
28915
7004
2250
2803
13260
16179
3924
31583
18342
140
20442
14945
24098
17103
30508
31833
27060
16369
25471
17015
21334
14162
10175
8389
14462
998
22823
9576
17741
23956
23310
17699
32521
18907
7428
28956
4813
32699
32541
14819
31871
17107
20621
9136
6659
31175
7285
4076
32430
996
14589
24563
6910
4615
19619
13593
3208
1722
15827
29163
10801
8609
16567
24759
8353
31253
30544
9038
13045
3342
22470
20488
29620
25158
19708
24585
2565
3227
17768
21187
22303
2485
9250
10940
4096
17642
18490
10129
8034
16734
7759
24892
25579
12143
28765
10386
7844
29008
26583
20751
9644
21235
30198
18390
12078
31021
5712
7156
18576
19477
8108
23525
19949
24749
5909
27737
30150
9668
14637
15416
17652
22554
11716
31203
32481
454
6569
11709
26104
2261
704
24042
24666
4404
14933
8022
21715
13776
16816
14329
21516
23803
23786
13914
25090
11282
18431
8786
29622
24156
16931
11027
29991
822
25434
30312
27517
26477
28739
30015
1927
11756
8244
24932
15463
23447
2444
18575
11916
23158
10309
18593
3809
14358
13001
24875
13892
9004
12551
32304
5434
27772
2501
8236
19425
3833
31288
17748
32294
814
11218
30752
14391
25052
23643
9991
30524
6629
19523
10633
10818
15720
26423
5747
16247
10798
23282
20319
4509
4421
4182
25978
18873
8682
15035
15242
2315
23469
29063
2351
28483
19407
2046
9064
20722
14831
5980
11866
12863
2021
28449
7245
23003
18671
24493
7672
4151
21515
4876
26622
24308
21923
26643
29112
25755
9327
940
4405
4238
23960
3182
6271
23358
3097
17521
22560
20127
24427
30048
10981
29401
13665
25295
28386
29505
31569
14031
4022
3975
10868
7360
1553
11568
25487
32359
28787
7495
28115
5953
10550
27216
7426
21014
32206
17022
25300
9424
27472
21030
3993
24206
1073
8818
1567
7157
25424
20570
26326
21958
20535
12240
30258
15798
30878
12091
16977
23930
25393
3879
19422
11297
32660
16955
13877
3494
30627
2411
17096
28870
9726
8303
7105
32527
21957
3699
12777
4922
12192
28432
12744
27066
30723
18299
21518
16277
688
15356
3377
21363
32637
14754
24664
31988
1111
26678
22904
20039
30855
30829
29372
29689
17716
8801
26923
18186
28457
26690
17541
17734
32217
29001
5741
25554
21408
4334
13517
28678
23372
20059
29559
29306
11996
32
8456
18532
7048
20520
19218
26401
9985
15340
3450
32273
31225
25830
28958
27304
21478
17737
7611
12994
27651
7407
25359
31031
25496
10899
23866
8368
11644
1344
14442
4281
3800
10761
22455
20759
7469
4603
25420
28507
23961
25680
456
25271
26966
6373
16612
25105
15235
7919
29013
24662
3111
23529
31220
8977
23667
5841
26140
10044
6215
9107
13139
18517
28920
25286
8749
23989
21841
27030
3694
16926
10967
26113
4719
31123
11345
4935
31171
26988
4488
21147
18201
22185
25676
15391
20836
7815
9911
15375
15418
23889
11958
4156
20346
30585
23236
14781
29234
14567
1017
14049
19648
32401
20804
6504
22071
7756
20469
19698
20740
225
30078
8631
31441
8804
28282
28537
29609
27841
24302
25783
8285
8344
30671
22052
3111
16459
1477
8791
3470
12629
23855
32196
12937
2013
18279
15083
14311
12426
21831
25295
4078
27802
15084
12714
15427
21550
6329
19423
32522
21224
21919
16176
10061
21176
28316
9265
31906
2291
24450
29692
3592
6566
2298
26151
26643
1321
14280
27379
30281
5111
12625
5574
5067
13500
26970
3036
3896
176
17682
19257
9678
23076
3923
24034
14802
22874
549
19788
18482
31642
2436
27157
24938
18562
9059
15346
10660
24990
240
11753
9251
12345
19738
19136
19937
9586
15440
7605
19319
16530
18828
2927
11838
20380
17553
14133
5300
7718
5489
18526
10785
1640
22865
9224
18810
6291
15472
28429
18309
19556
13670
27699
10302
28920
1450
2723
17274
20194
9047
14493
7370
12411
28720
20073
29346
17529
25057
9617
18618
3779
32648
12365
29109
23428
22643
9535
23553
26750
22571
4960
9726
14498
7090
29243
15714
17885
11274
601
3548
1332
16886
4604
759
28947
30469
31248
24898
3554
1995
26462
15022
7386
2930
17411
567
28951
17522
21792
710
6894
28316
24788
15702
23936
11869
28775
29270
8847
1345
712
23119
24721
28598
17210
20935
9987
4115
6218
31845
17664
2776
7940
9046
15890
30775
26214
21230
328
3796
32533
31635
5769
27594
13135
6615
13863
7150
31521
10724
32439
19031
218
27165
15649
14366
18879
12546
31475
24930
22272
23124
18171
29583
21227
3962
27668
30944
7776
28452
2624
23843
21125
22574
17911
12221
2746
23495
447
18157
2768
6866
22013
10325
5493
4748
15115
23222
1779
7280
6538
1275
2075
9560
13562
32377
28027
24548
9352
13429
5848
30239
20006
2278
25304
32352
6113
3709
2814
14191
17263
17891
31707
20457
10248
16450
32131
15590
15992
19206
16447
25560
13169
2277
8577
7095
29733
7196
15645
18779
26900
17916
7861
6953
21283
8102
10101
10225
32495
20499
31745
29975
16992
25431
3756
10225
30849
10022
6635
26225
28559
12439
7945
11012
32080
28456
15644
4025
11685
28930
29751
21670
16227
15487
10465
9608
25439
25322
31686
25257
29128
12422
18861
28935
2490
7633
26538
21938
20239
26121
28565
8310
14969
26352
12474
27066
12238
11725
6354
26536
20130
21939
10547
24206
12571
6917
19523
28804
3329
18490
7986
4176
27413
24542
1001
7046
26788
10201
3901
24564
14171
31220
10089
4156
20317
32153
26299
27587
1939
11994
5773
7626
2115
22198
22135
6107
19429
22679
17347
27495
8754
31006
13601
26285
27005
547
24220
30941
29254
26616
29133
8574
16653
21486
3663
28429
8804
14363
5747
20711
17736
20570
15412
16489
20401
13458
23149
1365
8552
24636
28233
6519
14617
21279
17659
28553
28585
12126
12720
8533
32201
30901
24514
18713
32716
22784
5423
2607
27573
3581
31049
3309
11669
25682
13231
29131
24084
25554
30587
32707
18253
4348
20157
4606
11231
26564
14889
2220
1088
29591
30988
16692
9813
10393
3461
22925
2880
25137
20721
17131
10106
10951
11431
26527
2337
12492
19174
26680
12435
3323
21515
13295
22331
15839
3079
66
6315
31894
25617
25566
12779
20180
21656
6338
19217
31275
4988
10658
32530
15497
31357
3721
5592
28162
12788
31939
9365
28623
29633
28154
2134
3223
31364
8863
28379
11758
28944
9100
24998
2844
30236
1767
1874
13599
2108
31817
3878
9203
28176
25631
31466
10512
28347
30289
15097
27445
28311
15394
20632
20324
17448
24920
27270
29485
22862
8348
12245
7216
27838
20259
11511
16606
1970
19342
5916
3711
31712
21519
22972
4217
32169
1998
8815
23759
11924
6027
24325
27112
11258
27012
25043
29074
30211
13465
8267
1350
17105
22190
16336
14254
4602
27217
25800
32612
5180
24476
30706
14077
15212
7261
22009
24134
1712
26485
7498
205
24302
9086
3619
26019
6020
7345
12525
27745
26426
28166
14028
15209
28020
16796
18548
9070
6061
28764
14142
23607
31520
17626
17531
32415
30408
25979
29448
24545
12683
10717
5923
12818
18611
24435
6268
3567
17053
16752
6799
18905
6581
10215
32562
16926
29602
12848
30570
30330
22717
28813
5763
8414
32712
20749
7008
10607
477
21425
25615
7122
2724
18894
16288
423
22729
9394
4664
18003
8877
6026
32609
2051
13148
4228
3748
31214
21440
19760
32346
15322
21524
3628
14527
19169
18842
11776
8008
28533
21649
8007
8247
19618
610
5648
19052
29843
8218
24707
21374
9816
4380
13000
17418
6374
32280
27172
15947
30559
28727
2917
4843
29332
11416
129
6169
3017
25600
22906
30428
31928
2765
5252
25255
24792
27948
12650
28461
990
21388
5166
30838
31108
19283
31472
20787
25226
26575
2832
11087
763
3951
14743
28358
3506
10547
4819
29370
18716
15969
9538
19652
28992
25722
5042
10888
31484
876
4773
27020
7313
19465
21754
24906
16226
29368
11210
4995
16120
618
23953
14039
6474
23504
30862
20371
29755
13516
9324
19146
7269
11301
14113
20391
24853
17790
4375
15105
29078
24969
1161
31024
8115
1656
19505
12831
11127
3252
21792
31651
31799
978
24557
1547
27347
25539
15633
30457
312
24138
10386
26224
21289
25779
2271
12845
21568
13763
5371
6971
20271
2027
9694
25026
25164
9152
14105
21280
9549
688
23224
32314
23631
17901
9324
532
23582
6574
20458
10912
944
22679
9870
20436
28402
885
26692
11007
18120
24879
15272
5725
21070
23290
26988
27369
11621
26827
26362
28786
18539
8722
29787
5105
5449
18085
20824
22554
1459
21498
19935
13361
16043
31386
14760
21791
9543
2002
30487
29893
10421
6060
13669
15248
28028
8990
5627
24654
15876
16000
16670
31296
25689
7235
11729
14704
20780
10209
8439
31044
13339
19728
10169
24916
26930
16187
4391
2169
24497
21810
11042
20006
24079
19745
18041
24060
18240
3263
18002
4504
17716
12743
16076
9392
31904
1708
26338
28510
11776
12169
24979
6843
26589
9046
8767
944
11851
17762
28757
16393
15287
13053
20011
31179
16095
6517
18221
5320
14882
10309
26938
21104
26618
29576
27979
26602
18631
23220
21334
14948
15822
18308
30066
13735
21889
22838
22075
28910
11521
20471
11896
5624
2785
19612
32251
15964
5933
14482
9161
15133
21674
27160
16763
31358
16224
22699
28132
23
13398
30146
31476
9001
1693
32188
21212
1839
25999
21783
12403
693
30809
17890
14041
26733
21175
12661
11354
26240
9983
2655
23701
28706
22881
10912
26077
25961
22637
23065
30175
27999
24277
6464
14725
13910
629
1048
1051
4219
13456
24929
29105
5806
5981
12811
2240
22929
19650
21745
7952
16607
8799
4804
1496
5888
16078
9797
16680
29402
13353
5304
20100
29673
7117
27285
16081
1170
8030
12416
10102
5812
4876
11387
11963
3713
1300
17243
14196
20364
26249
3704
28644
8226
12628
31145
18396
22238
12154
32112
4643
1656
18333
18801
21786
7134
29382
29481
3744
8838
16225
31964
28468
8962
1417
18639
20569
20437
12422
19640
27199
29829
16788
6515
3231
23281
28646
2806
24295
6885
2539
13447
27543
2028
31696
23853
31467
12645
8006
8292
186
10457
14469
1812
8606
652
17553
11460
4949
17490
31932
17675
23655
13988
13164
5448
14089
19443
28190
13971
6978
4668
24747
13300
13388
25309
11722
22738
17725
17575
4311
17326
16615
13364
21715
4369
6396
18043
15531
12994
2166
22945
16573
18237
23861
18451
17816
1377
1258
20945
12291
4201
24885
12301
31298
18461
9994
1780
11924
26953
19801
10700
27392
4719
20206
25919
21073
185
17302
17398
3680
6449
5251
362
18321
4660
20465
7927
13728
20772
24586
20275
11678
20574
10503
11133
20790
8556
21145
26585
17205
24443
16519
30971
1354
9743
32408
24737
25353
24565
9139
5158
3638
634
28741
12628
20545
2266
11235
30075
29965
17403
1585
10943
21237
21083
32514
32694
5137
21575
6592
32051
9397
12367
24591
3676
27451
31734
30637
20227
11523
23726
20380
5171
17591
29955
10372
25352
3540
12822
31827
18884
10598
3405
2342
20256
19
5705
876
27616
9562
22808
13128
17066
29
29868
312
2584
23645
30092
13813
23820
19014
18634
29082
25924
28267
23349
7687
5166
10066
14543
24712
24061
11315
16514
20146
11004
2301
16398
27278
29474
7066
3142
10746
14311
30324
27004
3403
20567
19512
22586
2359
15205
18650
6707
18419
27777
31705
888
1432
18029
14276
27631
3019
14412
2813
21762
4253
12540
13757
6036
31920
23717
16728
11833
23708
24722
7362
28582
400
2368
25170
19814
5437
7861
10951
27343
9455
21267
4489
8245
26621
32621
20017
15965
17764
8921
1866
9780
23727
22471
16985
2241
5658
13201
5404
25433
32246
17491
31760
3090
28495
8444
31285
25210
20941
16293
26133
30856
28376
1570
2051
18386
8703
18647
28065
18177
26779
11213
5797
29570
5295
6662
24284
9087
10003
18189
18799
13326
5330
28368
4453
26536
31696
18354
9065
2268
2736
23261
25805
9540
8180
14037
27600
29881
25702
12371
3356
16579
25783
9552
25235
24659
28263
30304
12107
7093
13284
10817
17623
3264
31734
28596
19913
20304
24666
29067
8564
5622
24494
12548
1271
30445
18061
23125
32119
1360
13306
18312
6059
2699
15618
9609
18590
29712
29597
28542
19376
18763
21718
13398
8670
15831
25131
23205
5700
13298
27191
22191
27616
17198
17550
1730
6297
5994
1257
10698
12672
15361
27011
9247
27733
10049
2242
1697
23117
6687
538
3079
16402
10280
13871
116
12044
31675
19001
18251
17375
10870
31405
29509
11829
11758
282
9409
26045
21667
4432
8795
12404
16179
12744
24511
24099
15821
29504
26304
23848
8681
19366
22180
3194
22582
6199
28098
28392
24276
2792
20816
9121
27588
1797
1910
18425
22429
12568
22438
9834
8320
13836
1328
22233
6477
3474
6161
13339
6423
15300
10252
19128
16086
22024
24061
9455
7516
20280
8041
6138
25483
20224
6233
30355
21700
6279
5993
19638
9634
17489
28700
2217
4329
20836
22386
13626
14521
20905
28349
10568
10248
13718
28848
20612
2127
31498
13497
29049
24450
17272
31889
5322
27206
5448
16401
29115
26207
19578
27463
1011
24935
32397
17097
11905
24518
21919
25161
4124
28638
9941
2410
27823
32134
18429
10962
20501
31162
26738
29056
20000
10896
28992
12384
993
14190
12425
28701
15907
17787
21544
3895
26937
14419
30611
10325
11770
27391
18694
13020
24585
29988
2526
4544
8538
20602
28227
1179
24305
29312
8201
12028
2797
11887
26840
10753
14278
29548
18315
21544
30931
15105
29911
21346
11279
15310
6957
32105
4380
13436
17889
6740
20872
25331
19339
13673
24144
31693
14254
28722
18082
13834
30615
3027
27623
16133
20104
7322
14081
10918
21782
7128
13009
13274
2000
19439
12285
24896
10529
8877
22000
25126
31352
11736
17698
14259
4261
9738
11929
32357
18311
9151
1200
27583
6372
10925
10519
21563
23192
32596
15387
19846
10226
31445
28967
16620
31323
20743
3211
529
13624
31944
28285
15843
10514
18065
20317
21964
20980
6478
4414
31532
21781
6508
19105
7942
439
12851
28291
2554
22863
3414
13723
12403
25318
10440
11485
5921
19903
32466
3394
23466
10042
29795
16587
13724
10232
423
14532
935
23616
18650
31046
14601
11170
3935
32255
16201
986
19724
23605
8232
10999
17865
17929
3029
31932
24921
21241
3936
5958
13687
12713
3953
15087
30245
9955
23354
24947
16449
32220
27562
20561
29273
19897
8931
10868
1984
14417
8175
17683
10721
1589
31406
17366
27604
17390
31763
16442
25647
17541
9872
54
6431
11593
8911
31
29367
28364
25763
21449
10119
20271
7230
8943
22385
27039
18340
17620
18616
18208
30816
16171
31578
29833
8565
11316
1696
14800
407
19497
29939
22152
32155
17880
4593
26536
32557
23185
24256
23182
11201
4418
8354
4420
1996
7393
15818
7169
23091
522
23663
11251
25603
16362
30750
9019
16484
91
24916
26170
200
4944
23372
21003
22888
14708
19478
31824
29169
526
13033
8242
11898
16424
22714
23715
1210
23280
28429
10214
12664
32094
4364
7250
25154
26903
23254
595
10082
28818
2841
15281
16910
23673
25315
29717
8927
16466
14261
15049
11397
606
27610
27071
3768
6849
16630
32213
19825
19940
14562
17495
18523
26136
30903
453
22148
12412
25129
30167
19033
16672
22295
24767
29137
17002
23391
28078
26344
21433
2295
9881
17487
15177
2618
21821
4706
28503
3711
30049
90
14981
27888
7259
15812
32639
27034
31189
2098
24543
20672
21969
16688
19022
23669
12267
8313
13292
6250
25566
22123
243
14340
30538
12985
24727
4785
29877
9056
8240
14973
30671
8156
14746
24800
20218
21659
8412
32218
22025
8882
5385
27970
28232
18383
30820
30300
14269
17006
29639
29097
28590
18000
26950
259
6244
21801
31247
3561
20014
20378
9108
535
28072
4702
14317
28249
28476
29640
13687
5026
7146
13677
16834
600
32581
15902
19370
17395
15038
12313
6339
17094
7717
12159
16891
25628
10605
27913
25466
2183
23472
18679
973
26229
29554
8778
30276
29444
1066
9779
15512
19736
1279
13259
11217
24234
15567
10244
22631
10339
12149
9696
3496
27497
28748
12001
21593
9593
32239
8128
19616
4918
2883
25954
24354
11456
22968
32263
2408
20617
2251
6853
18823
4196
32464
30005
27904
21727
20206
11628
18149
19155
16491
17452
4413
20281
23337
1372
32170
19775
7537
30390
14665
17052
16112
7872
26586
24096
9471
14333
23073
27791
27688
9316
907
1967
10981
13585
29461
15264
20906
6715
21354
5740
19494
3942
13899
21983
18375
6105
12084
10137
17276
24403
317
12129
19646
4858
25662
18364
3537
18068
9526
12478
4423
14841
9710
8481
24263
4808
32729
28052
21772
24154
20031
14933
25904
28660
25498
27394
4907
28481
28225
17581
24471
11007
20547
30254
32438
1016
11926
31421
181
1076
31601
2752
20274
30317
32758
3809
9213
4547
10516
18788
23835
3505
7084
10679
21009
12864
21490
32331
3679
14458
21527
30883
5450
3874
9765
14251
4830
22434
13610
19530
7732
12101
16792
27706
28913
6310
29932
18200
14351
6505
22670
12727
25056
24616
13304
7098
3407
1712
5659
866
32362
17518
3582
23460
15389
9508
22185
6271
15168
6112
31297
21900
15061
27183
12404
19159
13706
910
31768
1005
3206
29985
19470
3382
20321
12712
9069
2949
17780
430
3292
29166
7252
2051
23872
18904
24473
27245
2456
16722
7652
29339
5156
29611
24352
15194
21709
8252
20487
15884
8385
17289
18152
21589
5470
18057
1448
535
2641
14401
23816
7073
28415
17816
5413
7203
5924
25446
16197
16485
15033
24270
21712
14777
11548
18382
18333
3375
3947
27156
26479
29447
560
18451
16576
19052
6724
19543
22717
30047
7405
9493
27281
12529
18250
32263
2534
15797
9457
3190
20137
27765
14806
8601
28174
25380
879
14109
25813
11796
5397
10757
5835
29033
21422
6068
1939
20174
5257
4424
4262
21350
9097
6442
14489
517
29830
7907
3999
19873
1008
27954
13646
6147
10933
15963
27558
2242
26981
27329
23375
20594
28309
26039
27938
11289
23681
31892
23787
15586
4597
3077
26989
2070
31341
8104
17831
13127
10619
12246
12118
20687
17769
29120
20155
20601
1311
28093
17310
26749
17736
20450
915
2738
30897
9940
28028
14847
30705
1242
13903
21522
29775
14134
4890
9045
4576
1974
17476
19742
27888
15494
26133
28711
3747
19016
10872
1853
5340
27750
24576
25660
4446
6055
27178
22330
25650
31489
3810
22019
5448
687
15688
14278
29025
4483
12723
22797
28203
25724
6902
15346
6574
21659
9443
30864
6376
27379
3086
4537
31156
31488
7892
487
23537
14137
20379
5236
13791
29672
15450
24333
14284
3130
20317
28516
4849
7570
23874
293
10135
3363
25672
20524
24190
3006
20681
23285
12670
3048
27396
10579
10095
24112
21024
27493
18247
26560
10350
1222
18050
10033
21743
22533
30407
31652
32278
26197
14024
25102
8654
6021
27242
7379
28351
15922
15910
31127
17101
11323
14766
10576
29410
27509
26068
24224
16366
28320
2472
9827
7468
20122
17121
11908
11174
26579
32127
28436
3835
27649
3758
27037
32608
15381
30444
29363
15589
7789
3950
14797
18426
9547
9920
851
817
22918
20653
18680
8773
32127
27998
13386
2652
31831
11206
10119
1929
22879
2877
18611
31637
13264
8298
17127
27135
12989
8551
12780
1345
27973
32032
27657
8533
8973
508
7704
12152
22766
22464
28127
10030
11754
20656
5790
134
31845
22007
13285
9119
7057
29512
11944
29035
21803
17862
149
18867
25445
21025
16805
12891
2851
1538
13298
1000
9833
26794
16840
16191
13076
16086
8702
28847
14793
9701
5767
17458
8492
27196
31044
12016
16722
7402
2844
20997
19320
11400
14671
31364
23029
1379
19719
25276
15469
31966
14641
6330
21576
3089
31370
11791
5474
7606
15869
5331
32516
29510
16684
19945
8468
25951
8525
19589
392
873
3127
13036
30240
22137
1980
19579
18005
19317
17210
26859
10637
2170
10093
31955
30096
12666
6279
11118
4415
24618
7811
7583
32644
21275
26550
18994
5765
6182
22951
4965
14109
13838
9248
23975
6284
6497
2693
927
31853
18591
22373
19312
24297
9118
11855
16700
30507
12845
12263
6887
7187
17912
9272
2333
24879
29612
8012
6550
32743
10075
21498
3736
24823
22561
2304
20414
23075
7944
25682
22521
29733
13609
177
17620
19691
7444
382
27388
27135
31602
6353
5119
3911
25321
13254
18772
28142
5952
16663
20636
16290
3012
17904
15655
8704
8426
13566
15034
17996
25909
15306
30095
18790
23898
31301
17310
18425
6051
22691
29467
758
3729
28525
25152
10305
7877
13778
17484
5034
5152
27199
14284
7198
4650
26927
4633
16670
23472
26179
1058
19569
15794
15253
31851
15382
8572
17226
27222
2173
2578
28518
18082
6903
209
5092
1329
2154
13652
5895
21518
25673
21653
31723
19374
16323
23380
31583
29814
10555
26557
7927
17790
16377
20037
4700
149
12319
30165
7911
3973
10974
16170
1390
18072
12009
31612
10846
12378
13610
13917
18442
18081
5557
22245
6979
15563
14586
23564
15913
16199
26942
14423
9536
19543
22604
4279
29383
2579
11623
25262
5189
15794
12164
21939
24164
18437
24502
15320
6914
19268
6122
1450
15750
24077
468
11608
12656
28586
31273
23832
30517
16787
13327
21703
841
6707
12498
21199
4989
5359
24536
1102
28299
13157
31447
16501
16879
5105
29253
4910
4601
29046
32272
23297
28705
20571
9872
32312
27546
31955
22970
31553
28714
15970
24726
22613
1848
25757
18675
13911
12071
4401
5977
2815
15586
25382
21823
17975
31672
26469
20350
26309
32619
29304
6406
16939
23683
18322
9679
971
15080
12495
4627
10063
30384
27836
27067
29256
17206
5402
1047
12565
1132
25311
18385
15111
21106
29566
27428
451
23399
29544
1097
12263
6015
20947
32306
6896
853
25018
17787
3163
21635
3109
16798
9738
23665
30634
28262
26090
3434
18740
10662
3283
22005
25091
2346
27823
18018
16116
19694
25055
13475
23811
16782
31706
21085
18190
9982
6423
26943
12508
28539
31278
12691
17245
27329
4154
30482
32307
12671
2689
32765
21106
25864
26455
27241
23204
5963
3135
29659
21521
28421
10580
24340
15677
23605
27623
27694
15793
28881
17514
5864
15102
12727
17292
3903
16128
29670
21158
8254
4960
6638
19286
30998
13916
17829
12905
3185
3275
21020
6655
31236
30043
10705
28393
13923
8478
19750
13654
25882
21829
7442
30895
6393
31275
15895
29375
28335
7061
10100
11799
13723
15928
12955
10161
6878
11899
16101
13267
2741
11391
15749
10806
15366
6492
14779
7528
6712
2478
12618
8559
328
24913
20779
26031
25
23656
27267
9742
5388
10660
13267
14165
6353
31171
10862
13017
19325
10326
10289
1372
14300
25032
366
25902
24840
27292
16169
29591
28218
27638
18823
3450
18657
26973
5763
3890
24817
17343
12515
4032
2942
28085
11114
22312
12169
13577
21584
5144
13594
17782
15599
5323
27279
18606
27071
1837
21555
18338
16004
1088
6674
12541
31430
27326
2060
10481
23170
19712
21545
1591
12063
30238
7980
8273
1187
19032
25451
21267
10023
1716
17885
23393
7305
9193
32117
28986
26208
24700
17582
17142
8245
13865
2408
13771
19952
16004
20210
3990
28304
19168
30312
28120
10015
13168
24895
11775
6629
8620
8734
10984
15837
23030
12271
29601
19045
18558
20279
24435
2873
21859
9634
8992
12450
17435
11235
19305
28651
8724
29114
16595
2069
2203
26710
14507
32460
13822
9950
14152
10649
16877
23883
1936
22360
28966
27000
19390
11757
27730
17020
2914
4147
24105
11831
25256
8245
15581
29995
14046
12705
17078
2189
5169
16505
23033
20124
6327
16396
15
2354
4275
22053
25571
2713
10260
22146
17292
11423
21822
4743
19756
15853
24845
20788
1816
22932
12311
853
825
23785
12594
2040
25010
28563
5431
5412
26306
20962
13317
6344
10220
25955
17096
9714
5206
9137
16251
16961
23664
30605
13739
10141
31957
11313
16510
20005
28790
26338
28149
21097
19957
24261
26478
3034
21583
18163
877
26495
10942
7887
9371
23273
22494
23704
2575
872
13326
9786
29901
17791
23321
3178
18060
150
24854
31729
32189
10991
20108
22856
13000
27099
10202
31334
31385
31278
982
29398
21083
31984
30133
26124
30851
31829
20011
21497
22289
15599
30674
5085
25362
12067
29392
29021
5482
5338
13237
8149
24784
12152
27042
30703
18714
2578
28592
13173
32699
13276
28047
7011
10634
32480
27502
23617
12741
5878
23835
29871
20053
1264
26732
29250
6483
29205
27357
28814
25548
16337
634
3716
9665
18346
7680
19967
12146
22390
22591
4505
32733
15819
8898
11459
25729
31416
946
14869
18023
26802
27384
11234
18531
29137
25250
19216
6808
9533
7816
6182
10042
16611
12079
17063
31896
876
23533
10911
6233
23151
26702
8315
30725
16613
18615
22301
4808
25054
2633
15408
8307
21363
29192
10937
20932
32252
5949
11247
24039
899
32025
14925
2364
15224
28570
15077
2395
5797
10163
8439
27222
32613
31399
28610
22846
2577
6326
3738
30696
2492
7931
9019
7664
23840
149
26205
11007
2007
2821
9865
20042
27599
2519
27946
26459
14072
19845
31207
25620
22847
6552
2096
16369
5824
15888
4887
2189
2615
24582
2914
2920
11192
13712
13278
4327
12193
14565
6134
18588
20940
5825
20611
19144
24841
23563
2790
21278
7883
9910
1621
6346
18209
24037
31602
26546
21736
13650
8738
24316
22080
32752
18844
30928
25916
5583
14016
16223
6366
20800
15531
21284
578
26427
17288
9833
2585
7933
12712
4622
16985
11509
27350
10118
51
13537
23012
25634
21062
14133
14474
10642
10002
28092
2417
8105
14255
23425
30858
25440
2750
5104
5540
10014
9121
32057
7486
10294
12775
4597
17305
7601
21770
26124
13842
1103
18525
29398
18095
27592
2880
28288
30200
10583
22934
12978
20232
4985
2169
30318
18915
10995
6956
24380
10250
21778
9296
11652
32589
2870
18267
2107
26337
9106
28231
11201
31410
5933
1927
10
10490
26924
24639
23037
32275
4948
28340
27673
25226
7115
8450
10846
32628
14366
1037
9579
15621
8584
22201
8420
3934
32370
23902
26902
1447
1334
2422
11230
20318
15400
18841
22726
11246
31447
5548
19570
30852
4240
2901
19259
20510
13348
11953
3865
29157
8427
9034
27846
25020
1289
28995
21536
30489
9456
10966
12240
19987
22567
1537
26665
20157
17225
15995
3410
16051
29520
21485
27816
4338
15891
30815
5470
26605
3086
17136
4198
32221
28514
31435
20373
26456
11292
3670
6146
25637
5562
2733
27567
12879
26092
10062
13931
6008
28823
14870
16886
5232
22815
10092
13671
30470
11494
8892
9163
15902
1808
21287
28175
1028
8586
12408
31776
25344
30538
11354
4432
2091
23512
31689
16380
26752
11277
5319
16491
19510
31770
13392
12026
9294
26317
143
30070
24168
25104
6994
25546
10970
15539
14524
15322
26883
10603
3641
13486
11741
31514
11703
14547
6354
30288
8468
25598
27345
23570
22994
1011
5024
4571
18706
8357
10612
2785
13248
20383
32447
22169
5899
22178
19017
30845
12568
24976
5506
27917
503
20360
25879
20
22742
23379
20419
22572
16756
8959
30568
23428
26073
21193
6238
20961
14405
30529
8970
26595
31078
15016
5043
30602
28365
4509
31890
14840
23971
6905
30248
18041
7576
14071
27093
704
22557
6552
27301
26740
18387
23621
4205
17387
3139
21174
2327
20533
26063
10004
21562
21596
28136
346
23790
9706
8066
15873
26078
13484
17349
30684
31646
950
5894
26945
24895
13223
14837
26729
11041
558
17176
793
31753
25293
1144
32130
6259
5341
22938
14439
17450
23251
4528
17021
7701
14017
18961
6423
28244
20512
19687
23554
6796
26316
18471
30894
13438
30544
28871
4239
22239
29796
26155
7875
17507
14772
27104
8437
32028
7139
16268
18305
15874
14800
18725
28889
7891
29464
13154
29735
16925
10204
18031
32564
19352
9668
12005
2952
4282
26179
21241
11987
14214
541
2036
19083
14245
32295
15331
24279
29111
21838
26511
1196
20715
25563
23727
21301
10957
6134
17501
13433
20832
2920
25031
27960
2925
27301
27943
23573
26394
19721
6901
13307
6846
25186
9050
13753
26612
6575
24041
11503
13551
9511
17802
13358
20493
32637
30902
1115
4526
22115
2538
21332
20550
32333
13397
1494
23217
21367
18644
14495
27847
11305
26401
25807
21041
16442
22344
9108
11131
10707
5978
21766
2409
25461
29028
11856
21135
26429
11682
29457
10012
21351
13553
24066
14071
14354
14211
31960
15885
29250
11222
876
6889
14379
14823
23065
13189
15021
26275
27493
7263
27
5022
29924
13776
23616
9991
24410
13209
10660
28636
25120
17087
10251
6746
30153
16794
9279
18616
23044
15912
19727
9236
12996
11943
22936
31150
159
6242
25795
14420
30836
6347
8719
25117
32337
1226
20369
18010
18324
4693
2361
6090
26704
16449
24918
13069
20466
28759
25180
10587
31012
26539
24037
25462
20721
10537
11511
28893
6442
24177
17797
22339
18953
17125
18744
30271
14101
17663
29039
21317
31557
20969
31876
25045
28776
32583
81
7154
13764
1879
17906
32470
2558
19261
4813
16356
31802
20376
720
19934
14466
26457
22522
29272
29548
213
25373
10093
14583
18713
27106
30128
8887
6525
11789
28261
14642
25468
31234
5618
1161
3778
22152
21136
4187
32135
19918
13126
26342
11036
24492
8984
18287
6339
2858
23676
7140
31940
4422
12557
29121
26557
21746
31107
31280
21562
31837
16867
21876
21637
14195
1523
11655
21184
20391
4593
25602
5936
25840
23428
22334
2268
31761
26355
697
23639
16926
3221
32443
9434
10556
12937
9017
31637
17064
20134
20985
12615
31227
17589
11255
15885
5548
29918
13832
25463
8406
3681
12477
13537
8763
31367
10122
31233
17546
29655
31527
8124
21469
7564
27447
11070
13446
12103
25384
25417
14091
2306
3674
9165
28015
17221
30595
4026
26035
3996
14162
5394
28061
32072
30290
30530
17336
30261
17938
21426
22940
2092
5507
21659
2927
20042
17569
1561
28844
3761
6997
385
10787
24701
10138
25332
20802
28154
18144
15668
27794
10004
24237
32695
3460
30734
2186
762
31598
22647
13597
12056
4049
18010
2707
28827
10205
438
577
28562
20279
7213
2442
15588
2041
12544
10755
27107
21499
22843
31957
15908
25425
12333
28003
32655
3092
31771
3885
178
28518
20278
2804
26970
28592
13513
26400
28005
23598
16055
12126
26066
30126
1829
16269
26
12436
31348
13787
30659
22562
32114
20523
3634
30454
17361
14523
13505
10452
27352
1539
7441
14758
11352
29152
9122
13761
15842
3057
18592
20330
12343
27457
11008
15769
25344
8999
14796
30717
24767
32619
4027
29759
14086
19370
11525
18571
7911
10748
885
22349
2475
15571
2240
26680
26054
10279
17173
21133
12299
11728
1013
7322
9501
26931
17733
13441
10022
28192
23714
9786
11211
20219
30964
29403
18015
19994
7750
27927
8790
15983
5077
16133
509
22375
30822
32035
5481
17
28893
27291
15789
21891
9484
21189
4177
28794
32457
7148
12031
11840
24387
30549
18302
211
16022
21117
20453
2627
27036
28067
21256
1884
20998
15238
24887
19845
9388
28272
31016
24552
6690
22131
32049
24531
13708
29939
2234
23646
26035
26981
14835
17743
15448
6997
17346
1338
12232
17838
23552
1773
6832
18230
23012
10763
28211
23640
6335
27382
19002
9766
29418
16882
28683
8862
26877
32136
17182
31276
18754
7209
19499
18033
27498
26900
29320
13891
21630
24698
24498
13045
22296
7903
16682
27352
978
24515
23682
25857
32255
20354
10679
589
2201
13433
26561
4003
24443
13162
24425
19833
12496
13089
18523
4250
19148
9048
1148
24614
20890
10969
9597
13530
4501
226
28849
15761
16826
30157
21787
19723
19037
28400
1996
21742
25628
22979
14956
4618
8978
23104
8214
19937
16973
14480
13417
22887
17281
20963
30939
9478
14077
4256
7249
6629
16351
12222
16621
6250
10372
19825
21543
16382
6979
4362
11552
25616
21339
26648
25906
21084
23081
7892
7884
20077
9375
22460
11901
26208
9457
9853
23118
1260
9361
21014
9045
25759
31326
571
19847
18538
28953
23543
6606
7520
29208
20886
26204
27067
18494
10690
10558
11552
3882
492
31028
5668
8879
20462
6336
12558
8836
9966
14205
29662
24125
17285
23986
19343
15738
8992
13863
3738
30815
10919
10807
30907
13380
8285
1063
5111
22701
32008
2998
13022
12412
22609
20725
24590
11109
29805
6489
26360
21411
11517
8975
23015
19433
19763
12943
14654
27036
4407
7796
8192
16191
22217
19851
6550
11055
16679
23338
1229
16016
21553
21955
10271
4231
19147
19384
23347
20905
11395
6769
27047
13236
26228
13229
4876
31101
27497
19733
19506
17194
8006
11799
9638
27297
4516
4081
31610
1089
19388
17420
21060
22479
13702
5260
1385
26035
22050
4901
10908
19556
29558
18992
20129
8737
21785
1022
28503
5858
11887
7276
22261
29326
29718
4279
15508
17262
8321
16786
19950
20706
11235
7030
1637
9810
15183
6458
30535
19048
19229
21731
25936
30332
22671
6845
24432
25168
20149
12971
13007
30718
14989
21435
24591
1070
2671
30205
30161
13964
23720
30358
29818
1658
8550
16912
7991
20481
5076
30964
24126
15630
20101
17051
5719
20187
32534
16961
6555
7083
32015
25179
5500
5306
18443
27178
8710
26740
12569
4497
22117
21733
13153
1828
1702
32369
16395
7297
3778
7877
348
3299
20184
8205
22818
4596
15546
30823
7763
15075
11947
22936
24049
14775
17255
2303
9008
6883
2916
29639
2779
6938
22360
21344
9716
3940
20475
30255
28571
4978
15118
132
23088
29230
4508
14797
14268
31895
19328
14858
397
17100
1063
2945
17185
25446
23703
5299
11334
25867
16048
24206
3710
20033
26034
2788
18856
28543
20480
3868
27613
5002
32292
1832
2201
2559
8978
13495
2843
16427
10673
32427
2062
23587
13207
1229
21096
3601
29972
7103
22419
3021
4723
17715
1739
27309
25212
30811
18375
19357
14910
20128
17563
3442
9739
26775
2781
31099
13251
7985
18438
7769
12886
21810
9500
19729
2692
31972
1422
27744
5351
9740
11616
5711
4404
10269
4743
13318
8894
15532
23959
3045
30267
7716
23963
30161
29899
32443
29508
10700
10294
27556
14151
23753
13429
28806
24576
8126
2677
3886
10843
13562
14359
24449
18932
20409
31099
27572
9341
29174
28542
7359
23649
23680
8065
19214
28326
17744
8301
18298
26648
18458
6387
28793
30116
17698
29465
10129
21506
8785
26866
15123
25239
8840
20140
6149
23961
18228
15825
22624
884
28707
1478
380
10604
11670
1432
1736
900
30871
21239
25790
9119
17804
21123
26646
29670
9485
9543
30010
12393
26355
3971
25595
9225
29617
15535
17282
11413
20456
1212
6793
18995
32309
5789
30667
15874
13134
11270
26296
31741
4173
10868
7278
29731
22347
21869
28901
30421
20017
30217
30825
14463
17355
7089
20814
14458
27422
23079
31199
3889
252
10438
17047
26499
28629
18188
12436
10089
26064
19029
25672
3033
4378
14569
22642
15338
30334
22073
3404
5944
5687
1126
29702
17290
21250
24323
11892
15794
20343
29468
30468
29109
13720
14455
17650
7724
7339
12313
191
1770
325
19468
23775
15071
936
1120
9906
28988
24654
15728
9141
16856
22214
25447
20218
15571
29375
24322
2773
9593
27491
18327
6873
21609
3302
30294
31234
1270
24670
24271
24884
4557
1493
20660
4580
25816
29852
1760
14613
7779
5603
10137
32391
14206
28039
6674
5163
9122
17707
21812
23001
13719
3466
2974
26949
19348
27147
22763
7728
1705
6807
21555
28379
4442
14247
11220
10433
14733
29857
11890
25989
24998
23652
25916
19498
3312
15393
9073
29314
2879
12398
12067
29417
2003
2197
26428
2611
32640
29746
2750
20962
25100
12029
1359
27292
25305
7908
25844
10973
15555
6237
23837
9706
27980
15610
31458
7942
10999
10301
28300
15591
6897
24239
3671
4459
2550
13100
30326
18824
11379
5761
27224
6529
10728
1337
23338
14688
30609
1971
14237
1440
17989
30840
26857
6186
1950
1228
8466
28035
20058
7043
24169
27203
3585
15894
18519
21705
32200
26614
18774
5933
8886
32
2624
23926
17669
2290
13004
25613
21707
573
4949
2674
474
12699
7134
32302
2788
17667
17492
4617
2019
922
18962
5500
13239
204
26283
16489
30993
1436
25571
1802
18065
9272
12542
27176
28203
10705
23870
6029
5071
25257
7079
28347
28489
25710
13317
15838
25958
21190
1328
19200
15448
21035
31887
32124
28507
7417
9947
15285
26009
28357
15909
20743
4171
14833
22811
28670
13346
23421
8071
9414
25061
16672
10264
19427
25179
13720
25445
24866
6507
18238
14383
15056
9346
31965
13542
1321
14389
19652
31343
4627
296
2586
17445
20749
3118
15474
12574
866
31153
5535
12975
162
85
31178
17458
8018
728
19906
20486
5603
15677
32658
26072
26593
19753
32089
9761
13165
6541
3670
1776
29421
23941
16963
21994
1794
23168
27364
7055
7355
30114
21471
17343
17416
17510
11470
12156
19057
19592
22931
5105
11783
31522
7403
19123
15515
5909
20807
30536
13103
12970
9175
9702
29098
24697
1511
18300
5840
12170
18542
12023
6256
12987
5604
29630
11231
5985
15957
23934
4774
3890
2484
15661
8056
4451
1137
22345
1895
14093
31309
17249
21335
14037
4974
25815
1458
17356
18350
24804
18525
21396
7225
13788
14059
4037
24407
22452
6417
30350
22150
30145
8538
28320
4812
19906
1052
21063
24395
12321
31403
13786
32278
6518
1740
27990
10051
1357
2669
5446
32322
24105
1939
8934
29037
11977
7315
16263
14303
30889
4229
29493
24970
21452
1014
25240
11652
15289
6621
9240
6818
11716
11472
28740
26184
31886
25720
12661
28031
31951
16195
13998
9288
28499
25688
3527
5937
19523
20944
18635
11045
21414
15139
12958
3976
1831
11232
14051
5764
28953
17058
284
26525
23736
6207
5907
16524
25522
10050
29306
14410
29926
18332
24014
14443
14443
4758
6273
8365
29908
17162
1623
18641
22962
26067
28177
21673
21339
28290
2889
3699
19434
1106
30621
15205
32135
7007
12047
7817
14825
11794
13228
7627
19224
10976
5228
15697
20856
27188
23386
25866
17155
16553
9972
9354
28630
381
29397
26901
12271
1347
21393
23033
7733
2263
10721
20257
1208
30871
4352
5608
24123
31696
3156
30763
4336
21623
14417
14754
18050
26394
667
32624
1368
32533
11626
22008
28441
8969
8755
18675
18539
3466
22405
16831
11777
7704
20017
8186
6868
22097
27053
16464
9136
14180
10170
26001
3059
5065
31557
14343
6034
10544
20107
20230
15964
5815
28801
30916
9347
863
29043
13419
31832
2241
13035
4717
13654
13821
11988
28440
7266
16116
14815
15210
20817
11191
17702
18470
13739
7230
25360
18215
14510
29790
4980
30453
9366
1013
6913
11414
20764
32616
27101
12199
24381
23631
21900
7339
25148
26222
10772
16802
6634
8424
22110
10462
8741
18351
14304
17938
15263
1343
18809
31148
4577
12428
14748
24164
8847
10040
11185
5397
10733
6154
10424
716
14498
20892
816
13599
22204
26963
12855
24769
22517
20116
26610
11859
17716
7733
26415
18812
32599
18994
23625
26171
32560
27042
15692
12412
22221
17641
30042
23018
22525
29230
24398
14853
1039
5648
21406
13428
10461
7316
19846
22940
20234
32354
27491
30065
23943
26162
20061
140
5724
19073
7496
10111
20645
20360
11980
23653
5082
1390
7876
9917
30804
22205
21221
9592
28941
15123
12960
30544
25256
538
5705
32092
11185
19129
12664
11233
549
31372
31920
23916
18997
18834
25150
23581
19015
13862
12900
5446
24638
30001
8887
11061
7163
12957
23750
22861
25379
13837
24572
24156
547
16331
15048
24872
20082
12801
24314
843
15894
23085
5489
5697
6250
28367
21747
9920
9246
5476
92
21063
30335
1176
20475
6906
18425
5816
27193
11693
29146
24678
28539
20031
31064
8080
32074
24105
19414
5795
27826
12630
4195
10235
20455
9526
12932
17823
29487
11790
2611
2347
25851
20114
17703
2061
18775
11701
30038
14324
31877
16064
26809
30598
18661
12193
11855
3922
13337
4486
27748
16133
10085
28587
27667
10976
30556
18544
32266
15721
3769
7343
7309
20833
16523
2380
28350
14327
1429
7950
4379
28475
10484
27821
18248
7381
10242
28460
31503
8439
18811
23656
11429
21904
12254
31730
14382
19907
27414
538
5252
10647
19802
8524
28468
20976
1874
17824
18890
12478
20347
11948
31823
14708
6348
23453
16655
21948
7322
32134
11680
2664
15289
25591
15647
26796
31460
6098
20413
8075
7774
6234
17274
16784
10458
28301
2609
4798
16793
2740
24789
29385
17874
8248
3066
14215
2390
29623
15767
2977
2676
20311
2058
9614
7450
4442
604
27330
20798
2291
455
21282
6268
5464
3189
8380
28417
15129
27019
16309
2983
9136
29286
25218
23393
15193
2340
11867
19418
24868
22631
3053
10585
23880
16469
28752
5096
4538
5348
12856
20405
6398
4436
16239
29880
18238
9469
18051
16790
16793
32074
10428
5574
8125
28934
18512
22258
19384
12502
1754
17824
5131
24839
2057
1297
9216
138
3221
23145
22078
16701
31096
26385
5531
13677
24410
25178
16433
30360
5709
5731
16564
10615
16826
9276
20995
827
20635
21323
8444
13336
19947
28655
16533
23296
5467
32100
9256
26289
16455
16103
5135
2033
24296
23578
20593
6424
20939
9385
22107
7888
22402
14126
31507
17945
8857
3922
20905
912
3020
16181
3790
14320
13430
22545
24297
32217
11597
17946
25192
1232
30029
9128
17492
7560
25842
18327
7977
23391
22954
4846
9188
28460
13706
16832
14173
7992
1856
17232
31191
138
28233
23928
27862
21864
3940
8012
11057
13594
11590
26362
26471
24817
14735
32501
9270
27272
29181
5714
23402
3914
24031
6258
1780
27956
16333
10209
16443
29916
20375
16510
27063
15539
20603
17628
5819
6535
22427
31465
9618
8268
22190
15309
16334
29979
16117
23317
13533
2939
20592
2321
25309
15328
26963
13434
8625
21105
27060
12120
25685
31502
32646
6947
1134
11922
28362
24617
27686
1365
10756
13359
4662
4854
20204
29787
31812
12119
23399
22098
15216
20712
11957
13469
5930
23593
10988
31313
23110
3178
2725
29167
30290
22997
16117
31625
28967
175
27039
28198
20670
3547
18311
10344
31045
5280
8042
5228
12658
29100
2253
8946
16664
16216
7987
446
24056
24365
30099
4414
23257
15527
24073
23916
19675
11578
22988
7670
6920
4499
17760
412
11308
7200
5389
18650
9958
24786
13711
29640
30720
4642
25871
1854
4860
3922
6226
11579
8431
10229
16433
13448
4499
14513
841
13208
17047
1348
16371
21171
12601
29637
27255
340
27159
3372
7036
6863
11074
26389
25283
15926
27797
23233
12821
23934
16965
11614
29818
18398
19896
3464
9644
13176
12443
2575
32203
2619
13871
26107
1362
32264
9955
28109
9546
10259
31272
12808
1982
14221
23169
19184
23662
29568
12249
2450
21959
5114
9242
14852
29203
13933
22011
23278
25838
29014
11802
28233
13561
19229
2634
18279
25042
6204
13102
31284
9795
1188
20487
20411
10937
19548
19658
25580
15352
26476
26230
20636
23054
11513
20900
2509
13189
12721
12127
20272
24797
25962
17463
22248
29754
13317
9617
5521
12633
11673
20801
18305
456
31182
25435
8013
31063
6790
24133
15759
32458
16835
14609
21991
27856
16069
10250
9536
16185
18034
21389
7509
8291
6907
28955
26995
27381
22205
29355
12416
29648
24165
16453
14396
12355
15960
12236
19911
3198
30546
12060
5988
1610
32332
21589
13180
24567
29604
18549
18662
32661
21880
16429
27749
20071
12626
30445
32626
11412
6411
24642
27708
19744
24297
865
25326
3611
23819
13572
31792
8472
19463
9076
25840
6113
27857
26855
30562
10601
2527
6157
25925
17154
5002
30438
22377
14800
23480
23510
9838
12414
13496
24827
4302
1327
30573
25022
4638
23480
13487
30376
16272
6156
5614
25464
19901
23799
12568
11122
9121
25360
21437
16377
7911
15337
2418
32096
28007
21896
24947
27134
8174
21019
14220
27520
23101
2023
1081
26243
17492
15746
30732
31843
8432
30274
26191
23373
11602
25333
17131
21660
11842
19154
14216
11618
20052
176
5110
23876
12650
14454
7627
12172
24954
20691
846
31353
30865
25903
30100
24793
11288
15329
11753
20954
7511
25762
25202
15134
4919
6977
28176
8461
332
17049
12166
4463
18
3009
25567
9274
6775
7554
10
32424
5274
20494
19912
3213
4051
20718
20424
25576
12275
17213
12559
1720
9677
12308
17310
30481
17141
23365
21071
20846
31431
20556
18945
24905
29867
15234
32244
25577
5016
25492
2934
28028
5847
22324
8384
9317
14346
8974
11035
18135
27244
9214
12359
11939
8026
18816
22300
18254
13331
23656
25458
10855
27836
7635
10559
22039
8359
21085
15103
12794
31700
3476
22361
22061
31160
20909
23039
18601
32062
22390
13270
9423
10764
4748
11863
24899
25351
17870
32309
10238
4633
15377
26943
29855
7474
30998
905
27906
11404
30393
18374
10260
9780
17002
3833
22246
710
3809
11085
1024
24439
3598
10816
23799
29017
10063
519
14914
15835
24038
11822
22857
15503
31658
32640
31935
17969
21500
8998
26418
29924
13053
9491
25568
22974
19711
29087
20941
11143
16953
6769
25874
21182
2750
25251
4728
30429
24240
22049
22853
28895
28336
28754
24406
18174
154
5627
4974
5569
17519
26208
18894
2614
30099
10156
1798
20860
7225
21138
27914
8581
795
309
32392
16154
13678
17733
11385
9504
6421
10603
25079
12569
30997
25064
590
30958
5193
28793
3413
11755
1111
16253
24063
12555
4322
30809
14125
15478
17153
6428
4806
17992
19696
3423
26378
148
6662
20080
22051
6825
6887
20143
31741
10131
8699
13367
20056
19941
25631
9921
17180
9398
29082
13510
12524
25066
15186
5092
7677
15795
30784
16515
28969
12118
32545
16568
14655
26419
26734
3690
32414
10752
3215
27827
21250
29013
12876
11400
5021
30061
388
9373
4458
1067
3617
24707
5054
18779
3915
19219
26912
27707
5852
22544
31322
9785
23828
28936
5072
14079
29839
10619
22801
22957
31347
32320
5804
8037
5870
9251
26181
21261
25056
10707
22759
19024
32724
28924
7068
18406
2869
17072
19003
21270
7615
779
25730
10361
3635
18455
6500
10240
13903
22509
23716
25656
21757
21021
31395
14029
24779
2128
7799
32334
24219
18988
32316
26927
4251
10360
8623
29204
4472
29569
30457
29005
12239
30908
10696
26524
7653
17324
28836
26175
18839
26118
17537
14378
28820
2836
13968
12437
17609
23127
22619
17078
13597
28016
27153
18128
11871
23873
17182
4204
26748
10831
10495
14822
5110
1130
2133
18732
31633
13713
17464
4547
28240
13328
4045
30731
1439
8171
1563
31171
7122
12159
29722
8143
1742
20327
2317
15673
27398
31133
24850
8055
15018
2017
7672
5100
13594
1375
592
26289
31393
17292
17095
16020
2144
13905
435
31329
12424
23403
10475
29537
25293
12562
5596
18721
22807
32728
19417
6772
31866
31701
8371
20411
5736
257
6026
23140
8741
28385
24034
3505
21116
26470
7929
29883
8113
29970
8537
18870
29110
23644
25257
29302
15009
7254
9672
9778
5470
25229
10013
8329
15521
30256
27432
1474
28191
24181
23389
23640
3582
18489
9523
16310
7818
28391
3960
12351
24617
3226
14823
9361
11665
5510
31484
16395
26680
17044
20487
21133
2316
12108
4992
1406
10597
3832
28058
23060
6200
15622
13082
23759
20365
11439
9834
12871
24115
31702
20201
24872
6578
11571
23174
32123
11393
19888
15757
6439
21625
2323
1216
7607
25994
29150
3498
29533
25773
115
6448
6455
20249
3452
27753
4818
25018
19338
29616
20205
29919
1020
7159
27519
16435
6947
22110
31483
6894
8100
31236
11986
3148
26909
30748
2873
16447
2571
5700
2094
13408
6379
8979
17333
12588
5279
22769
10600
25453
26644
25388
13102
10742
20770
14664
10059
27539
11955
17558
30617
2368
31272
1032
9748
16537
28664
8771
21148
4754
11162
12790
22007
616
15014
1130
3606
16600
27447
20059
16281
6030
22931
3847
12437
10464
270
28036
24724
22460
21547
86
477
27615
8197
13121
6134
17992
16109
16220
24424
14829
24149
26983
25282
23724
23533
31326
24800
25732
32267
9806
26733
25861
2896
21864
19623
261
1417
852
22370
25749
3027
10440
23632
6964
10243
25432
4479
5698
2884
20368
20771
30647
32258
18752
10390
29972
1799
1559
22685
26266
3556
15987
10989
22202
31891
22648
16622
9678
9306
18784
16318
5638
27122
8465
32121
21413
31977
29685
5048
19821
7749
5894
31575
29015
14954
25128
5500
8584
23102
27836
17876
30081
12170
30834
544
7062
16548
32350
31473
28321
30539
4687
16815
5111
5842
4188
4064
13723
23937
18623
5031
11442
21816
7655
25995
12343
5973
18632
2938
23536
2008
14198
11534
9121
19397
14834
23823
1663
32458
28995
7224
5863
27682
13513
31038
10832
20153
25039
29198
17791
23697
18783
31318
6394
8548
12378
19272
8638
27787
5576
24731
16948
22046
13164
18130
26466
8029
27803
7872
3678
29262
8015
31308
15881
17576
2936
30322
18681
25072
17554
13962
27575
24802
24956
9421
6955
2066
24200
7189
5972
26067
26063
24292
5693
8024
29127
32680
6956
15129
32279
7741
19996
27256
15017
7860
26477
5797
29953
15699
987
13503
11214
9180
29869
9532
191
25619
24622
8842
31896
31610
18017
758
22917
17503
15857
20942
18350
30744
32103
962
24587
9870
1183
19088
14714
18168
31357
19425
21519
17897
4828
16237
20139
13453
4295
14438
6864
32047
14572
7700
8883
16639
18509
6077
5523
17171
17209
28615
20042
1195
12411
12832
2082
30393
5329
2526
21993
25761
17056
8739
3912
31805
20965
3652
10320
5924
21615
32042
10070
10540
6732
15352
11521
30765
6785
19437
17057
264
21502
3981
25282
11752
15056
21243
28674
16840
1433
13226
3615
7478
28477
11060
4436
16470
16607
16778
30694
11817
14348
10830
8698
5391
7477
20861
15273
24715
7779
6993
3414
6215
16934
23398
9791
12376
1742
18203
5459
11970
478
26427
9284
19007
5054
19677
18652
26172
944
3464
16532
4133
6149
19099
2659
25058
32401
18412
13012
28066
6492
21936
9819
5847
922
4507
32233
31873
25310
17224
31166
22704
22666
22490
7807
31044
10122
16612
10376
13816
25154
14982
18819
1951
13508
15577
25657
9389
8007
7309
15017
18168
13525
7889
16983
32448
12867
1139
4839
14061
358
20553
8938
20121
31876
19663
18168
27598
1545
5393
9983
27537
18555
9420
7642
4895
12976
13264
14118
26230
1087
24744
16209
18455
32308
28285
6643
17931
3080
6712
21090
14372
30928
19175
6785
4997
1204
8546
11224
5988
28323
11054
16106
14095
17989
15521
3266
25901
6705
13895
3792
9287
22113
14725
28915
135
26338
4220
27095
22207
29392
19760
28033
3244
17282
25578
28200
7805
11266
17627
8007
9615
1216
14593
28400
15483
3975
1615
10595
25682
22447
7944
31455
20263
25237
24684
17336
13262
17480
9366
29354
3812
27781
11173
22893
29967
16358
8218
12169
23175
20822
14977
14188
29654
20424
18516
14778
5084
31785
6684
19172
11029
15250
7385
3836
19487
6595
8868
28616
22902
20429
7827
30997
16515
8974
22493
20301
26069
12386
22590
29772
9902
30616
6557
20080
5057
15139
14061
9711
18746
2066
9297
3182
2047
31299
12931
25295
29749
4307
24950
29002
7431
9944
17978
17855
12706
25683
2081
19530
1924
15200
14624
22041
22007
17840
3447
634
19160
5689
13972
15928
23709
21292
25909
19752
32151
11304
14030
4607
5235
173
4650
2150
24071
19155
14164
9553
7244
8764
1720
4492
13990
27463
17286
29334
12140
1670
21847
13747
4772
5235
19731
4413
16910
8542
12562
12347
16997
19882
21633
15413
28129
17977
15880
14662
12288
8485
25001
26738
11910
29361
12780
9274
962
11903
19513
27502
28180
10499
17541
3651
6316
19767
21553
12709
24980
23184
28718
7374
16625
16177
2662
1304
13702
25184
599
19471
23161
29494
2305
25547
2650
3994
31747
19837
13153
22384
31745
26183
16631
16397
16968
30289
15992
15342
31157
13849
5944
2730
7891
15882
6084
17702
11075
5201
5226
31240
4193
19692
22779
28270
17700
28675
17871
22239
27462
6780
15882
7298
20389
3274
19230
653
18922
7173
6545
16385
16232
14656
13057
24981
19783
791
6501
2031
24033
5511
10133
22042
11628
3075
23309
9269
474
27075
27373
19048
6653
23648
20549
6173
6127
3230
9104
19308
27313
29064
29566
7382
31506
22979
30967
13111
8146
7964
19548
5110
7432
14435
16
25471
12993
7548
17463
2547
32490
12723
30653
4125
13936
10320
19098
18601
31141
5995
21845
6544
18406
11522
18887
31191
22139
14921
8482
30585
20158
2369
27442
22946
14207
12428
8930
13085
3496
22912
11265
30992
20509
11386
24134
29159
742
22389
16786
4238
28048
25307
24438
4067
6352
18586
19957
25195
20330
379
22411
19011
9809
31920
25710
11610
20496
13739
2323
31198
16232
23607
24052
12020
23867
17089
1169
23980
21929
1782
32180
13876
16504
10388
13562
30028
10425
633
25999
17913
14248
23041
15417
27518
1749
30862
23192
18312
23937
872
8108
4265
23883
1480
22935
19719
25100
24879
17572
25942
6399
6140
31625
25603
4901
9790
15593
13490
22247
23751
10781
30699
13566
29314
25396
16144
25744
16390
9272
17555
10907
22890
18355
29797
4247
31323
21106
22706
28247
30829
27785
16075
19249
12207
27544
10340
23134
7554
21068
23807
5795
7595
26920
12200
16689
32166
21637
19683
18379
23101
19415
9443
22054
31578
22067
17916
5781
8730
12302
15195
26086
32034
15944
17397
32390
14134
12905
30141
24300
21512
17450
8474
28469
20301
9271
2200
10764
12822
3123
16606
19661
4702
4092
19680
21226
12511
5169
19029
16525
10539
3570
17004
127
26615
28647
29370
22856
23482
26756
8823
15768
4983
21899
22507
31717
16342
4306
547
4438
19066
31302
27368
9184
30607
25392
1266
26543
17826
16055
27224
29639
32694
15270
8011
18923
13716
11120
27908
5565
3682
23154
26875
26408
10615
15735
31834
27643
366
6273
32689
27862
1401
711
16107
4426
23800
27642
31105
12092
2379
1740
13037
10634
23012
15539
26466
8690
26272
3818
30906
559
1111
2234
26544
8292
26546
9975
11599
702
27196
22733
18602
1621
9660
32189
21710
27988
22979
1250
15093
6234
20353
4473
21756
28448
12252
18592
5143
15451
32708
11358
32708
228
14016
10212
8445
534
9165
12562
11698
6007
5225
9021
2166
31643
29163
14128
26745
9286
18709
15472
15798
26065
28652
30661
9581
26063
15815
19189
724
8432
2471
2515
4106
2085
25286
8312
31564
30980
14195
28369
25707
5487
24092
32090
20093
15984
13485
28456
22995
13928
18969
21805
23084
11881
17973
18104
7464
17120
973
25403
29952
11127
4338
8529
23411
8761
2449
3839
16644
17911
74
26426
23650
31723
27006
8362
3624
5276
15530
22958
11462
14337
16372
17824
19647
23785
12804
32602
22806
20379
17941
25849
4098
3001
9804
24801
14313
28010
28744
17409
8332
32183
24570
5464
17536
24118
7351
31415
7901
6118
23691
7881
2362
20827
20945
14418
13784
12315
5888
5812
6685
26951
3272
22455
23876
17790
24158
10889
8020
7166
8212
17412
11342
2316
15404
26672
28587
25495
8686
11529
15365
13848
27384
23170
15125
16060
27350
3017
6621
15045
23762
30157
17702
301
9229
30462
18989
12429
20943
21587
12186
29758
26140
18322
23217
9406
32392
17100
21708
18261
26444
3366
1289
12536
17048
7392
12864
20589
14891
21135
24888
25520
28450
31149
25370
7318
7181
12884
10277
30896
7496
10311
10916
20594
21385
15154
1565
24980
5301
31795
3788
22713
7928
9368
32079
7759
16916
27115
675
27318
13049
21292
22607
26020
15767
29533
8415
21704
18672
11588
11412
7597
24945
25708
30298
7906
15746
16237
27898
9304
28764
24429
23697
31499
16154
12519
3137
26596
19475
14763
25638
1502
3176
2086
12172
20329
15321
10212
20319
22284
17117
16211
28898
29517
17137
15050
7332
25045
15664
10441
12721
9680
1828
11139
8453
9619
476
9113
32070
19329
18238
30761
12978
11823
16799
8199
31574
966
24977
20554
25472
25769
26108
29707
29304
8536
27249
20841
19307
12181
12218
32720
23208
29381
21174
4988
25359
25496
25956
8760
32709
23276
7741
1388
28205
1007
4551
32086
13332
14724
10855
6552
30252
21225
21110
2803
4796
9110
1176
16978
21653
12904
13897
266
21064
27646
20665
15968
19862
21604
11226
1612
10024
31726
16311
13692
14977
15207
7
13980
13872
31595
5634
9429
17482
2834
27763
30611
5911
18895
16911
7052
11788
10391
13829
7422
26361
17989
726
18231
12164
11069
23399
23899
27350
26703
7765
20578
24468
7391
21384
5728
16913
10307
10251
1801
11970
2669
23578
24948
10482
14282
22397
24351
29110
25705
22549
30772
19236
2656
28341
15626
31680
12140
15923
26863
9783
11735
12478
4645
18768
1183
6001
6954
31775
29396
26665
18748
14972
25154
3476
9245
21939
25936
32139
788
23933
19496
2466
27444
5423
5400
7677
8928
18738
15416
25189
7823
6323
11854
29082
10957
1947
25326
6891
30595
27842
25062
25093
26743
4191
14297
12553
20246
3780
7721
28897
29042
21320
23066
31699
647
16260
5941
7766
28610
21186
16619
6693
10180
26034
8059
24467
15971
20063
15382
28958
4593
98
20544
9542
21953
32085
17529
15008
9704
10635
541
29222
2113
22782
7305
9169
32436
10377
5503
362
3767
30552
16588
31645
25108
5276
2855
32079
25837
30083
10333
28977
1278
1895
27819
17813
30243
29254
21867
25217
8218
24434
1268
17922
6537
6281
13755
15043
21571
4776
26814
23774
24263
14812
21282
24818
24330
4313
20250
20854
10870
30959
21516
13901
7986
13881
14831
23194
8868
1048
19448
9429
26932
19935
28277
13599
27475
24528
23545
15826
11196
9288
15801
19037
13050
16694
9014
26703
25643
10705
7452
26289
3843
30859
32618
8089
25364
9536
3796
32764
10316
27572
7526
16836
24767
30268
23145
3106
14246
8379
22922
28198
25000
26576
5433
26509
21081
22606
28752
29658
27393
4845
31477
19368
1694
14399
32449
20542
1836
20709
5666
21860
18467
1538
21245
15733
6722
15856
14488
7094
11403
28978
3256
20710
1679
19370
17414
22038
30699
28172
3511
10683
8467
25491
17004
4866
31054
8179
14935
12131
30210
6542
20128
32377
14130
21482
2567
24593
23877
28259
19658
14465
27657
2845
26569
12091
24311
8765
29416
15265
21177
5465
25269
29723
26601
5932
8523
21351
17180
15247
11894
26673
19999
17317
2839
8932
7808
31317
29642
13759
9552
13565
11975
15147
3112
19556
28934
5708
25450
8689
7847
16854
1481
1307
27280
290
21772
3361
6488
10113
13326
15099
27492
27088
25098
30608
29263
28236
6933
16937
21903
3752
8684
8998
19030
93
5872
14064
17079
22338
16495
25902
6154
5724
10277
6204
13457
17143
12803
2264
92
11765
4143
29215
5481
26471
14411
16825
32528
4186
15866
6224
2206
32499
13984
11846
24385
26815
2666
28839
2852
1860
22159
27228
986
27356
17621
19874
25600
28611
31830
12731
30
2414
3972
22755
25807
22558
2923
4742
34
15542
3126
3504
31295
24265
31477
12229
334
22776
22685
17266
3220
32635
14928
5091
23263
29949
23263
18487
12325
429
25998
4913
5736
24722
24087
2864
9692
30494
18929
15969
6220
11015
32465
22323
11194
19026
14962
25867
6214
14769
26514
7482
7505
23822
13373
10284
27105
28264
23885
20193
25671
14046
21298
7329
5376
24073
7151
18668
14554
17295
5733
32177
15959
5877
724
19904
12886
8629
29855
28544
24560
30609
4431
4069
10145
294
16603
20893
20904
5316
13095
19594
24496
4477
24266
8565
8623
12412
23828
30209
4623
153
18256
27869
15628
16426
31046
28222
14173
2331
23812
21645
26646
833
9182
20828
10701
4331
4276
7839
1787
10682
14195
20505
5542
22451
21982
22804
13885
2707
10639
6741
14788
13666
26424
3151
13104
27211
14127
22935
30741
26795
23338
32152
5246
20840
24903
15240
13852
30084
2127
411
21156
29426
14651
3190
3442
5032
14839
24294
8306
8949
32103
25042
19520
11541
13480
16494
5006
23811
1432
21682
17863
27790
2712
14347
7409
23215
32656
19536
29400
23578
16436
20727
20841
14867
31622
22665
25180
4995
16540
12883
534
13387
18596
7263
31181
30424
8741
20898
9453
25591
8584
18551
1466
1259
15062
13644
3383
7102
10435
9627
6727
13780
1260
18205
29715
19654
13661
12090
17323
26989
21334
14019
20720
32060
28495
15843
1713
26067
22073
27731
532
20178
15367
16846
12600
26091
28525
2757
17688
5436
31463
3411
31411
14299
22270
627
32618
31922
4551
12145
29865
27533
4012
13214
22217
16497
18798
24136
19253
4400
11115
8425
6604
28986
31261
29087
21895
1974
24548
12764
30812
19409
2053
27999
30306
23382
27378
1379
3125
8064
12236
7190
19612
13324
18214
21580
12649
17553
8972
14709
13217
21524
12355
25548
11997
8919
29907
11474
5104
9843
30659
2043
11978
18470
22052
21415
925
23918
10577
13907
1854
3799
8820
23569
14029
8465
32588
10293
21144
21573
15406
12114
16445
19881
10058
3429
22543
16211
14640
27727
8635
16971
22163
20105
17452
5859
24396
29203
11435
16203
11937
24493
12619
10336
28872
31306
12932
21701
29095
8898
30
15925
18654
17351
1360
24855
1799
23066
42
9811
18492
19710
18480
8037
20442
10990
26696
18608
4485
7819
4054
17940
19309
12248
7973
19906
5583
9641
21257
13647
3006
7001
21442
21768
28963
7868
11044
13702
31235
27220
26101
15234
5888
4040
25751
17898
27427
9873
7910
29235
20184
21239
24420
31474
1082
14652
14740
25766
145
12567
16291
27864
28441
19812
15181
28519
20742
3097
28159
13853
24260
17020
7225
26245
3715
6547
26679
513
25587
11996
16336
11287
27980
11583
24990
11020
4498
29249
15711
22196
5143
4986
13211
27016
28993
22601
30856
26617
30861
31686
7722
4612
18388
19192
2494
4871
3022
29513
22617
25555
10708
5430
30413
4866
14058
28491
28876
26507
24572
13647
15184
4499
10088
26556
32313
23942
7101
16242
8504
7527
27586
427
8173
15460
31675
20530
26956
12462
24551
18896
20037
16263
24653
3847
17316
18333
27065
32515
31542
1430
4097
16590
6189
1772
1420
27843
709
16123
11285
27205
7976
29272
8877
21937
27535
27749
29951
656
18859
13090
20440
28178
30531
11590
24295
13752
31262
28303
14273
26192
803
7766
30247
14118
3263
11366
28044
1401
14471
18446
5074
9260
12319
19829
2389
21438
3418
7470
25130
30332
3490
4620
5289
21749
5275
2360
12584
1711
16899
12416
18186
21272
7901
3826
6905
7871
9678
31658
4719
14532
10951
30440
30843
7310
26084
6502
32706
31675
9620
3560
9668
9309
27643
18708
23392
5987
31636
29572
5786
25429
5915
14874
12701
5957
30890
30867
15100
25090
17442
29279
6973
12686
30924
3504
13208
26322
9792
17618
23036
29073
26758
16826
22099
26779
28540
22497
17671
29251
5495
20563
709
4370
18733
15362
1409
10429
20179
16481
18106
20309
7298
4654
8959
16062
21983
4751
21170
31330
11003
16993
24588
32038
7800
32717
15969
926
30446
16924
26277
18044
24460
18380
7472
14671
31747
27363
17598
8554
29599
3971
25274
6433
14263
24767
14524
21308
2376
20397
5968
12965
477
2236
19961
2660
9138
21320
23669
6605
13592
3948
18755
6392
27419
17944
16739
26994
10083
32611
25949
16178
19800
21282
26500
21967
29322
26553
24444
1520
28239
21297
30458
20227
3246
4747
21451
10546
26747
2900
25368
13202
12484
19322
27112
4766
23916
31582
32486
4837
5910
13866
20837
25599
22084
15461
24993
32709
32192
13509
3655
4546
29756
28484
6968
29412
309
24181
5514
3447
28957
15129
14544
15700
17592
1518
14748
86
28615
23495
6466
2830
27364
20449
26334
5560
7341
16501
4504
30061
24100
22922
12326
21914
7766
14861
24979
9648
26939
28451
11071
3869
21982
14782
30760
1916
8125
21103
7527
21256
28531
8059
2046
2903
5780
4400
30672
32325
17113
6265
27633
31022
27773
27569
9248
21600
998
3509
23442
21199
8840
19261
8434
10763
17159
8812
28581
18032
17563
18597
28242
8092
15801
17057
30370
12583
25072
17086
19012
27534
32529
16794
6453
12655
21906
1249
15678
13564
20532
2147
20158
18858
24292
32106
30377
32297
30943
21578
8657
4761
2586
1081
31076
7931
20449
1377
17590
32229
26814
12596
6209
20346
7068
32000
30187
10394
6700
17091
17031
16982
17032
3136
13469
15783
9239
5202
8302
20319
19376
29313
17715
26719
6914
9427
32678
11787
12083
27620
1475
22267
6855
11577
4048
16371
30404
20434
4763
19734
3859
18174
28419
27478
11818
16244
15033
17967
19432
8862
1608
1429
9152
25656
17491
10283
30234
19994
13854
19893
30966
15954
337
1488
15315
2934
21240
30433
719
825
13261
29003
23823
14139
29114
17125
31329
3110
17050
24235
1056
16118
1088
11443
32089
21656
15802
5731
28203
10167
17878
8930
24180
2259
13030
14284
25514
9363
30657
21034
17926
9308
21002
19361
232
15650
28085
32745
8823
8318
25030
26241
20103
1025
27228
29857
26817
13001
1007
23409
10749
23889
19414
30328
9459
7053
18956
32343
32275
21815
2099
21431
23217
1124
6617
30336
19301
1626
31227
32075
13746
28325
25031
8475
229
4200
31910
12615
2624
12786
7546
955
9304
7825
22820
13665
9660
2731
10826
20185
19159
32266
599
8560
28440
14456
27587
28752
24912
17548
8596
14836
22363
11459
16421
13791
17666
1746
29478
23182
6688
18747
17636
32683
11268
7967
29386
28803
19991
11859
27432
698
23998
950
22580
1341
17794
6593
23631
7033
15215
11615
25481
22731
16057
21759
11878
12343
6310
3560
31203
3164
25767
13261
26804
9127
25544
5794
4560
23752
8011
8878
22575
22370
7824
20192
28626
27911
13369
17766
13317
15971
9867
31356
13025
8375
14102
9602
4628
32650
19864
20562
12517
1691
18975
28880
11122
10265
17006
16579
9020
21270
11938
18403
28902
28218
18709
19506
9018
27316
9603
7312
28525
886
17259
27018
30372
31906
8120
8308
1206
30527
2465
31927
11316
11569
16078
17259
25511
10600
4796
23849
2072
20567
9570
16922
26838
19624
27925
27732
16499
13358
6057
17511
16144
31003
1753
15410
2522
31603
27624
3068
21461
20160
18057
17856
29657
2056
19197
12999
7130
10236
29563
12156
5484
30066
16596
31101
10117
23573
28247
9198
2437
9051
7410
9746
1909
4536
14747
14364
15244
20498
8942
29250
248
8564
21016
25108
987
17158
2803
2572
4755
2109
22386
32614
5182
1871
21056
6705
18557
27114
1188
27559
13433
13861
23464
28346
24868
9143
30842
9967
20162
20838
24594
8559
16807
28355
19989
3164
19522
11797
12026
22625
14938
4755
1387
6285
16792
28374
16110
5217
6982
10125
15300
16423
27478
3699
3601
3974
6310
27006
13374
22100
31362
31321
21148
11179
32619
6677
12362
831
12566
15644
31576
28910
14776
29542
6188
19097
20097
14575
37
7219
9062
10856
29567
8727
19492
29228
631
15775
11906
375
12719
6130
27094
27090
15827
26397
22474
27346
17021
2406
2656
2050
18518
27356
27444
15134
32383
26931
24578
5762
9007
10703
6247
27617
24477
5663
26860
19258
6944
29228
22336
28168
2452
16754
15301
25274
30977
28142
7246
3170
8823
25976
9256
19121
572
8531
23895
24099
31530
19459
3873
23671
18770
31070
26065
18786
2021
9446
18357
10116
20053
27222
31593
5531
10423
11387
855
19447
28524
7749
21119
3630
16896
25118
15988
25872
10578
13178
21159
13533
9461
20144
26856
950
10199
2824
11050
1106
18464
23317
25223
14578
9821
10053
14212
17047
20446
14006
18325
12402
8284
6731
13284
25500
26336
19968
3406
23303
20959
1146
16814
31669
26282
20707
28255
10535
2054
8948
15356
16921
20502
18771
10090
21868
16770
28192
23577
9060
5074
16842
902
16147
7963
18472
11781
25621
10974
31685
14525
21630
9261
15227
21748
21265
32527
13891
5261
3507
18214
18763
8142
3103
9103
1097
30823
30426
21002
18448
28080
19050
23899
13152
9779
19139
4848
20995
25194
19202
31683
16917
23754
7517
23682
17316
27392
16218
238
26233
17530
5696
22145
18996
4649
20427
6739
9375
11141
15140
7742
572
9426
11792
26944
29984
4770
19048
14114
9732
9884
14281
6999
31642
2427
9612
19239
19485
5722
10489
21261
19756
23342
19383
15197
13784
660
24199
24617
18172
2765
25651
102
11725
28166
10432
18507
29873
8157
22763
23290
30293
1058
11732
8034
1785
17114
244
21604
18447
7562
23636
12340
23045
10674
23297
3843
24671
5271
28091
29915
3080
21573
22509
26314
8170
27093
30946
24386
9148
6380
13621
25024
14619
14468
5257
29100
18141
239
26491
28800
28322
31512
2517
10029
171
29965
5380
32443
25072
8122
5837
11311
6252
14839
8251
21425
29116
27846
16604
26350
30696
15573
16941
17084
10369
13643
14162
20476
8684
12225
13578
11205
15101
23949
17891
6847
14536
30279
28330
19404
5811
12166
22310
11758
5328
25067
27398
23909
106
32609
1815
27671
27358
16034
1722
2357
17068
8190
17814
19484
718
12120
27018
9849
27721
10097
2277
16817
32257
23145
218
19328
7889
898
4142
30176
11739
26152
2612
11820
27933
24110
13819
20357
31302
17755
11718
21621
18887
21029
21180
19410
22572
21436
10465
5349
1453
28490
12101
9932
20480
17017
2172
26397
24178
3895
1869
21452
5174
21686
29614
1103
7421
31158
7153
17919
10183
27654
1592
22466
17400
22856
22062
2279
5294
25846
15097
16209
20050
32674
31082
10456
12909
17282
26231
7148
32189
31275
26092
27515
31881
12189
16733
12821
14641
30336
27487
22607
30985
16813
760
23141
31591
30448
11091
4387
12027
7948
3000
517
20831
22272
3004
31389
11503
26249
8117
31541
26843
8168
14705
13494
8059
27877
12584
7624
12002
11540
15022
25403
30645
18775
15085
14246
32318
8356
4499
17997
8636
12809
11016
19784
24061
10221
28323
8930
19247
10392
23837
10816
20468
4086
29510
31555
14772
30359
9462
16814
12087
10747
1095
6028
12659
31245
26881
24268
7842
32749
11350
24111
27544
16882
19664
9572
1876
22768
3719
31857
7381
31414
27543
25172
10031
3547
26833
24298
3037
10939
8881
11281
12121
11708
9872
31241
14314
16086
27675
21281
29373
29266
772
25231
3896
26321
18680
8863
9355
1169
15312
13840
13704
16876
15371
28858
9908
4385
21372
21365
23198
23383
21568
32567
26735
11487
25587
25468
8387
30394
18211
11243
21687
2395
261
12598
4931
11437
7015
28994
20683
31064
10982
21128
11504
22337
25441
14011
19116
17743
20654
8362
28318
20085
1931
29033
22434
20461
25303
171
1445
29889
8450
5235
25272
2704
30146
31724
610
5007
25607
20884
27451
14798
29746
10400
7862
1981
6785
10653
21311
2542
25038
25171
5254
15900
11898
19694
15898
29549
11684
21088
1081
32756
17566
19457
32487
28538
5281
18552
27453
3966
26303
6111
5892
31866
5146
25378
10882
5224
15956
21160
17556
29317
27718
2102
7421
22613
24309
28688
8446
10215
12993
11617
15911
21338
8416
9692
20332
26016
29963
28836
24699
2178
2935
11369
15181
11236
27399
212
29691
12875
20416
20262
26324
18076
14717
22044
23724
16167
21220
19733
18806
12771
17560
14966
22806
7675
18608
2382
15984
20106
4713
8758
30917
23203
24087
2940
831
26261
15714
21632
8906
2669
29614
20573
17958
444
30427
25548
11322
2202
26671
27206
17580
2538
6544
30313
32430
736
29431
29085
31259
16321
19489
24311
20162
21994
3720
17758
24066
32532
13201
1260
25239
14806
29447
7062
12979
21355
13768
7440
26704
16054
8382
25067
25541
23683
19473
12801
23704
6416
31387
28178
29844
716
26013
31919
283
15966
28848
32343
32445
31721
23038
3297
25353
20879
15025
2585
16546
7988
27564
16814
29078
24452
8825
25164
15340
2615
23171
4613
9340
27539
24198
8693
25604
5427
1603
9510
12919
19464
31864
28337
23704
6045
8463
15142
22472
22175
23446
2350
18460
31900
29167
25967
11443
23819
14153
11696
9799
10125
10063
3902
3073
31090
16798
17550
17042
10367
14717
22051
2431
10990
19912
25266
12988
16567
23854
12933
30845
16910
2717
6685
25929
14125
1529
28699
592
7507
19732
6753
16382
32013
30939
30324
19664
13748
27341
8484
20071
8759
28338
24944
12507
31514
9353
15012
81
6591
18114
27076
208
229
8365
21037
30800
20078
18739
7546
24340
31333
30148
4773
27194
1855
31120
26734
9361
1889
17658
5889
2474
7139
31049
27859
22322
20628
25761
27341
2174
31038
31283
11180
12392
29739
6832
23208
9562
30183
16643
32083
13224
16968
26431
5317
18979
30380
14294
23030
21739
18818
24333
6507
14980
25356
4268
29205
12076
13154
5626
31606
21100
27067
30696
5893
19182
28904
6541
28884
21646
5409
22226
29552
29875
14084
31599
13064
18656
12251
9750
5074
9094
19230
27629
12203
27421
31033
20546
16126
28530
8078
25723
2278
10563
10686
9291
7831
6153
16420
25132
26106
12821
18339
22537
14231
6878
3746
12346
5048
5018
19284
6838
13003
23051
20285
17028
29961
27036
5106
14195
30037
21164
1312
8203
17255
7210
11215
18371
2345
25442
7912
23925
8033
11798
23797
30222
21905
8913
29481
10122
28955
7032
5536
20512
10153
17954
3303
23993
6348
18473
7359
10663
2788
6018
18462
15508
28479
32329
5751
3768
29061
31904
15931
6224
5715
31930
22688
17995
11558
3379
673
10054
6523
5539
3910
25786
14132
14706
12069
23668
24126
23790
12585
28230
18801
154
16530
20989
25783
26313
17469
2450
18033
14188
17190
17317
22550
5673
29227
16934
29213
24237
20243
6486
28446
31554
27854
23278
31284
2468
21758
413
7333
16912
8887
12472
20165
21663
14979
7214
4119
12498
17322
11450
19126
27502
18096
13404
1523
13962
5406
18185
11328
8166
24198
2978
26701
2430
5825
6435
23920
4191
4475
13341
16202
21946
30450
102
3240
24119
30202
31502
29095
31627
22341
20630
5404
29773
21985
25437
21810
24069
24834
5723
14165
23943
11010
12305
3919
16767
10662
27072
8625
11084
27555
32474
17781
14866
26464
20662
18657
27658
9982
29319
7599
10781
30102
12687
4202
12722
29121
28048
3867
20676
10590
21892
17189
10295
8847
23693
622
26732
30213
31535
23487
15379
24190
4285
17006
21824
24971
30993
7482
20673
30103
10880
15478
25520
18725
28686
31594
1860
3929
5085
4342
5868
30138
3564
21368
5279
10038
2814
29680
1901
103
24535
29794
10331
22804
15534
23932
20845
1787
13536
30585
25348
32205
28386
2629
4970
12411
4217
26850
23724
6064
15149
19466
31912
414
11515
16406
15206
3838
22858
10782
27564
338
3616
10338
22988
15982
31126
20968
7361
11574
9097
6503
32122
20393
12179
22372
26742
15903
31545
16283
7569
26574
27750
17824
4638
15507
1049
13510
14645
9200
2394
32576
9806
25937
24690
2182
15887
26003
25179
28411
26979
24006
18550
6348
32460
28466
124
2075
22010
14489
31927
14941
14748
20668
21618
5888
11126
18976
18606
12625
11956
9234
278
24990
3198
19689
5429
31127
18124
6539
13799
6138
11644
22067
2829
24432
18850
21617
6533
5298
4895
6770
17754
26607
9333
6017
17463
28018
24793
462
5154
2432
16522
16750
19046
21375
14178
3236
20177
13406
27050
6495
22304
17456
9011
2051
14008
11034
17570
27500
22167
2416
6924
4657
27017
11035
21955
29989
12447
2622
3695
28452
25565
25881
5984
8716
4915
27437
1058
11529
5039
17824
8274
6166
19696
32484
18609
6336
31454
3476
23159
5165
14232
1694
11498
606
25006
15015
18734
5809
12945
17067
21599
20906
6471
16356
24541
24562
11619
21230
5095
27296
20021
3624
26732
15544
16958
26461
24605
25073
27366
27812
31175
8892
24690
16516
19424
385
2608
8540
32352
7468
1780
2
5842
7400
31176
27051
19114
2346
3808
18699
19417
13810
19660
17085
17311
8782
1521
12516
28576
28959
32314
531
5435
24351
6411
32618
16151
23075
9079
15874
30974
7582
3762
16268
32239
30823
11977
1588
3182
8124
20880
8140
21791
13190
16860
27686
14227
22494
2803
8897
16738
2001
4161
23464
9082
1376
19789
8088
4534
2763
20971
17249
16563
8464
20146
4750
30175
16302
17840
3400
24018
6574
13149
15736
7394
15332
17358
26412
19953
24691
26667
6204
25482
7055
24675
23341
7981
17799
3358
4437
4838
17922
7668
14400
24868
9352
28636
7763
11977
581
12263
19119
31614
24842
5678
7257
21577
23445
19720
25751
5217
13074
22657
157
10305
21986
4616
13928
1787
17306
3176
22763
21967
29263
29690
30569
27132
6417
16152
7202
7382
949
17108
24113
9753
21464
32746
19125
28797
21280
15348
26927
7306
15045
15069
24363
9646
5200
11416
30499
23949
6051
8978
3744
12696
10810
9317
12194
28385
25520
11598
22850
30765
15237
14305
15254
8779
17438
6779
27349
10917
5901
21241
19899
31765
22163
4647
19247
13818
26723
7035
31524
10634
19881
19716
24253
16746
15435
25501
25524
1916
23919
20326
14076
15608
21821
11381
10917
14526
30694
13256
13057
32746
20453
14462
16133
19625
22917
1351
28657
30540
6051
11802
29748
30107
26037
10790
2441
25708
11019
18954
27239
20340
21333
24136
10904
11100
12390
8695
18215
13847
10551
15801
28032
12660
23087
30445
15827
11247
2721
24358
3257
19405
7063
6107
26650
20584
21454
32352
25422
15815
11521
21524
28290
26225
1642
14045
15710
18307
24711
32209
229
27393
1562
20022
30876
17514
18035
31917
7918
15247
9457
3754
29903
22948
8647
28711
12448
19608
32764
12698
21586
13474
11446
25124
28367
28701
11191
23051
3221
22933
11560
2410
7076
11298
12437
7975
18075
500
22842
7206
2846
8496
22397
9916
3962
2811
3003
12903
31628
211
17991
20412
22751
29734
18608
14496
15892
5149
27715
27835
18823
28089
4561
29226
12079
21026
16051
3700
24006
30524
2826
3008
32554
1658
17739
24133
22532
3575
28412
15873
19111
1987
30392
2222
315
27514
21369
32754
794
32284
25879
14294
14714
21528
15883
18809
10061
14762
14969
7686
22629
30055
2158
26083
19420
6423
1382
4139
23987
21698
5393
22111
29625
14
21846
12376
29102
19912
21401
17536
14505
24000
10041
10306
13751
8410
5469
1215
17349
17250
8689
29635
25792
4512
12779
10487
5626
2732
8915
15192
17360
5508
31618
8935
8330
3164
6698
16034
25218
4661
918
30388
11657
26289
14259
20201
11142
11302
12112
32100
6240
21489
26402
22932
17694
9485
7179
14180
22093
4324
7323
690
16802
19044
21464
12035
20193
21334
28986
20341
8189
29675
20986
27381
1153
20632
3981
24753
7214
4644
22379
28880
3302
21504
28692
15713
20425
19670
3925
22418
22941
25956
26055
11555
8819
12683
922
27162
20615
32675
31376
8887
2665
29202
24908
22954
13402
22301
7117
13956
7417
13054
3382
108
23839
12342
5840
12563
28423
27172
2129
13290
16562
17879
25951
9618
17801
19745
9296
10131
19269
16364
18996
7250
5644
20433
2069
24381
2012
14823
15741
19785
22317
13017
1081
12702
6354
22844
10589
27280
8481
8735
14216
23250
83
29667
30313
31462
7726
25421
898
7896
14561
18137
26668
17452
19247
5201
20700
31765
7631
15519
18852
17896
2067
31200
9213
28111
9161
17337
27075
17346
30815
24046
385
16051
24906
13616
26607
24585
13223
32311
8889
27472
26403
19217
20610
17967
17945
2746
31273
5274
26875
9964
2379
25928
243
13368
2057
616
13770
26710
3595
14992
6920
19130
32452
13814
93
21351
31992
11234
8511
27656
14204
3171
30677
1853
29502
29250
14100
16947
30341
28980
12328
17527
14713
5203
10005
21004
32741
8399
23198
17339
16444
28897
17254
22954
31706
31489
20053
7216
27789
22873
5693
16104
11092
25977
24765
14852
13414
15436
25190
3556
27766
15947
3613
25832
2870
24560
29632
1922
3866
24174
29197
22159
7774
11423
16319
16359
31050
11326
4089
24882
25013
1878
21992
19710
7112
15866
27557
9743
27652
15415
8280
1270
13958
3143
29091
23526
9098
30983
29758
19650
27951
13484
12254
9594
14970
22449
29276
30360
11164
19475
24083
30742
31608
30913
14218
12403
23136
16718
13907
4614
26143
11754
23858
657
25405
20368
7554
281
7038
13441
18901
24053
1452
240
7131
14630
6806
32767
20869
15078
31577
16618
9577
14979
19678
5250
9833
18286
27812
32478
12943
18575
25280
29005
6460
9692
13602
24718
10370
12330
25
2884
10702
15171
30746
1188
4554
7736
14525
22385
26497
3577
1288
21802
9925
1570
23792
25986
8653
13336
3101
27152
9763
6229
5614
2632
26814
20992
8893
31658
32106
18625
21092
6713
23921
10451
6143
25903
16756
25947
756
13295
21146
13560
6449
14139
30445
15515
9909
6823
15616
23705
9810
23117
10965
21502
10161
8387
29695
11813
22166
16714
23300
11909
1893
8776
16901
11982
27878
11257
11937
9013
23365
3937
17686
14603
15453
31109
32425
17301
6453
1754
8009
27416
23755
2814
11887
21043
13329
166
30536
9585
12086
13784
21526
18719
2086
2138
18644
6491
12884
18026
12568
28782
6071
1967
1342
26460
10002
4720
31427
1209
6009
8452
1007
19901
1297
7049
29367
28059
19223
6617
17121
26383
16164
16826
20329
1078
12719
21845
30500
30883
22483
1514
29859
27055
594
24257
27994
20752
17883
23652
31745
28078
30856
1035
14907
14002
10411
3928
3446
1247
28874
68
15122
26149
19688
12634
1989
20339
21766
13859
26174
8398
234
8161
30984
12192
22815
31359
27570
19282
14653
5577
26413
28700
1899
28377
9589
7196
1313
19921
26739
31398
7475
27600
22563
23004
21259
13598
3058
7806
14133
31658
17258
10755
1314
11703
4624
26344
20005
25810
653
28488
21954
24839
29965
429
808
17492
15589
14374
3068
8798
16760
13721
15448
14435
9819
15707
20
24944
16055
26878
4420
6868
20463
28778
28673
11476
26499
14383
1901
19360
18485
6682
9201
17542
12906
7175
7881
2918
3026
2293
25283
15462
10827
8288
11843
26086
17923
20427
13963
11959
22237
10908
4153
11399
24855
5164
273
32416
29993
20511
7933
211
26352
27889
24658
10926
11
15570
341
28406
12678
20660
25342
12113
2229
10658
18172
6210
27491
5203
3320
31066
24365
25343
21790
28077
24616
31089
11226
26756
2762
24414
8927
31313
7431
19701
31598
25064
4794
26039
17877
15851
24903
5513
6710
29318
5758
17415
20105
5981
24259
21020
19940
451
13932
5583
29946
16173
19051
18528
6115
5094
19501
6804
5403
20996
15554
25421
6604
7322
29501
7261
31568
27439
25182
8604
18929
24943
24942
26169
244
20257
31851
5197
30679
27737
3941
19126
30934
9711
12584
27938
8372
3631
12571
14954
27575
17874
11368
7458
5109
28974
32349
27246
9422
3497
4115
790
26554
15219
19277
2781
3653
20341
13474
10767
15703
16772
28895
3418
23993
19163
14759
6110
21973
18632
1372
31623
4285
14245
26179
11163
30319
23050
25826
23951
14680
24641
22957
3103
7446
9210
2530
12446
6786
19520
2994
9866
1262
28076
13729
28003
5291
31449
7471
15549
31439
6423
26808
7829
25140
11620
30873
993
452
13720
11156
1898
9204
16863
17014
21214
18319
8812
9974
23073
15797
7532
6625
24805
26915
16697
3188
32378
693
9937
10505
5095
1832
14470
20215
26681
12837
20727
1459
24347
10875
17982
11067
32167
17325
13675
25012
12668
30892
8754
81
3601
997
16096
2936
29769
14462
28819
30752
22599
221
25515
15998
6531
9835
17532
32736
8477
18071
28741
17369
14962
6429
12902
4254
23022
27528
25037
25264
17953
30197
29362
18363
22292
27931
20612
8382
16349
30088
5155
20333
5745
23597
27215
21204
3514
14365
15969
5948
5609
22930
32056
32082
22286
10801
1143
23686
14821
25231
4590
1202
29427
14579
18261
764
17362
27998
5696
11773
26314
22216
10319
15651
22689
21933
6053
28499
29875
20424
2972
1235
5957
6431
3511
4200
14870
28223
10969
25531
16183
25545
13492
6913
24093
28461
14211
3035
26357
27830
30716
7035
20535
18119
3456
16393
17022
8804
27798
12613
5783
13555
30103
3181
31191
10052
23467
28513
11442
10704
30707
20229
3978
7742
23816
3303
29125
31276
16037
4130
22306
18219
416
25986
10061
25611
2079
10984
31665
27482
3592
18928
32653
25383
10681
17874
5706
6667
17658
8326
15372
21867
8751
6956
21639
13559
16851
21930
23572
28534
15393
4503
12035
19654
25364
7256
23347
286
16530
9352
12257
19863
17636
32414
32702
2539
14698
7369
18756
31612
19341
15903
14665
7576
17396
6391
15317
16123
15867
1171
3889
6293
29537
26115
3392
16782
28736
25669
7954
9352
17219
10161
3767
23076
32275
10389
11089
3271
6674
20764
29549
18846
5452
30324
14740
25311
23467
27951
30492
18258
20586
15594
16708
29457
3019
14125
5249
23948
8461
30099
27154
2255
152
811
19418
5640
19068
13597
23151
835
9497
30353
31087
30329
27679
3020
5651
14793
19386
4252
15366
19717
7174
13815
27767
12400
4297
735
27501
19654
4449
7304
30554
7293
19707
22973
7924
31307
24326
9600
10560
14568
6120
29937
17391
26645
15855
21617
27630
27357
23178
20486
17465
17179
26553
15105
20208
13884
29122
6879
15532
12102
294
14702
17939
537
24787
8753
17322
29686
5275
3844
30699
11581
5093
2051
16280
30843
7330
15017
7246
29347
12931
19509
19805
4252
7785
11090
27351
7676
542
9462
14055
6420
21570
16523
6500
4140
22664
10061
31142
25615
26658
6899
27289
5067
7801
16273
23823
30130
15906
15549
19547
420
25101
31217
6427
4241
20224
31280
1621
13625
31044
6892
3270
4662
4767
14888
30838
20797
13442
2010
1168
8097
31362
1683
26993
21528
8460
32609
4351
8642
31829
27893
25916
31847
23441
8705
27931
4609
11365
12004
11154
32122
29342
19081
29936
5814
26659
17036
11889
980
22824
13983
11279
28593
4261
9005
8348
2478
26887
32573
21518
12980
21797
29080
5146
31605
30069
24878
4868
22516
3456
25782
10421
11335
28051
21909
10766
5787
9400
2561
19068
6778
3812
31334
15308
4425
4978
22024
65
1045
10192
19179
8932
21135
27257
1264
18972
19284
27171
10304
22654
6514
27961
19181
4070
11048
19851
12759
27335
30190
15429
21709
8127
15285
541
28149
879
13680
4049
6254
15497
18131
29393
16947
32298
8027
568
30019
15467
27790
22529
15359
3891
388
27256
9427
14159
6054
23022
10520
31172
3254
18097
31545
17763
16912
17212
21
22175
303
13994
30629
19868
2418
17265
6367
27272
11040
1612
9434
25646
5035
16761
13618
3272
12081
18469
18862
14613
17224
15909
22816
7596
9979
32742
27021
5776
15376
18087
29582
3332
3469
23781
5366
28577
14202
30487
22197
28837
31719
1180
2557
32398
10545
3314
163
10984
13698
27944
9415
29539
13207
2454
13239
8488
1222
18379
8209
12909
27711
25799
24360
583
26514
31595
9641
8896
28785
20269
22399
7466
2999
12048
12019
3251
18858
1236
24344
18233
7037
25705
13670
2143
8730
12202
32421
21216
23070
8776
13069
31779
18724
23044
11691
5648
4166
12066
29446
11043
2017
28954
19203
190
18585
23440
12806
21444
17821
22406
25946
17251
23596
23761
3795
24113
31833
1993
21425
1403
20235
14149
19144
6873
32071
18119
7646
11270
31922
14579
23125
4335
1361
26182
13578
12298
5268
1028
17788
23785
8595
6002
31793
1295
26263
10566
22613
7938
25564
19804
8357
4002
32661
21162
9099
31160
26417
12150
17034
11218
5597
32198
19677
8271
9290
7193
27995
17334
17840
18004
12190
30028
5651
15103
24676
30181
7621
16561
19765
14586
11820
8137
10055
19452
31685
25695
3486
18408
6505
31867
631
284
14543
1668
20455
26985
21587
25595
8128
22633
9717
25705
19124
11794
4005
7317
8893
908
22718
15867
15548
24128
25808
634
32096
6450
18338
77
27977
30864
23159
31292
6253
7051
13969
19
31931
16485
14580
29524
19455
3787
29548
17449
1286
23654
11985
31388
10242
8109
25226
24586
2607
1277
17744
23765
3255
23019
23348
24154
15060
17113
9444
22819
4916
28359
21546
15197
161
15724
10677
25484
17889
2949
24604
28541
24795
6510
18464
30588
10492
16367
31282
2504
11481
26456
16693
31300
4886
29904
8836
23151
646
8682
10039
11670
21907
29305
19106
11593
7393
15526
12831
12811
13614
30527
4622
5197
29821
16978
25625
6558
12915
24059
21181
16924
12289
890
32261
2606
8771
21640
32153
29813
25768
21740
17400
28671
5716
8777
18178
28350
9922
24122
4537
16441
5550
32416
9032
1154
27186
30779
16197
19304
9519
30584
4915
13293
13038
7050
21835
8187
8199
26556
16508
20562
5506
24326
4528
31941
24637
32222
27217
15526
1933
1616
15371
21375
14120
21073
8660
13826
67
8273
18986
23363
13815
3599
22172
11813
26857
13745
21644
13074
17962
8468
13107
13808
23900
1889
23270
5200
4631
2273
18839
30696
15499
23826
22686
5443
15718
9978
4026
17079
2296
25531
10578
31640
28052
10088
11265
9131
6458
7191
15698
7901
8820
30519
4552
4405
6270
22820
7714
23304
24233
19193
28124
9580
22273
20134
17145
4846
8238
13634
25344
26760
27288
12194
13637
17101
10447
19754
5737
11111
7977
23779
1316
8899
5805
25806
3138
29195
14127
9080
3564
22869
19645
20431
21545
28186
31802
2868
2725
15849
11081
14801
1456
2396
8045
13613
31369
11084
6254
3325
3293
65
27134
19006
21899
25132
22684
26752
18090
3161
15801
31109
4301
31647
14105
9994
28037
7898
25981
1765
29480
27547
32383
30032
21969
11037
13757
27013
14760
4987
16697
30859
31332
289
32000
31311
3086
25728
29194
1270
22791
14343
17506
12914
16716
4686
19590
25683
7929
10388
24593
31200
29708
21867
3479
11367
9580
30642
20433
1489
26410
15812
31738
9593
15878
12527
28536
18239
14901
5416
16575
16600
20321
28924
30579
26984
28146
20938
4044
8018
16780
8240
19775
24654
14552
6339
8283
10173
14984
15619
9201
1850
11157
20622
30071
11634
10955
13971
27822
20277
9608
17290
30339
9933
10689
22306
5939
32142
6469
21115
22451
29614
8774
16022
8783
31319
8469
14090
21137
13307
20269
27896
31844
12008
25459
22080
11897
11804
1980
23797
13290
29786
18320
8975
6430
17789
23598
11872
30700
4621
31183
4298
20227
272
559
24750
26761
19490
16458
5543
5122
8648
4451
7545
14196
514
8011
15684
31688
18719
4064
4862
6260
23765
19924
19231
599
12177
20144
24222
484
3596
31256
27933
29827
27423
5712
1889
15668
7640
24063
32260
10358
17869
9011
2158
18279
18864
9126
22529
1580
9252
29248
27540
403
29391
6620
14115
24567
31665
23887
29636
12645
7348
14502
11229
6908
22916
1968
22421
20890
31648
30141
7560
10165
30898
6820
3007
12934
4892
26891
23775
19053
26835
20962
7584
27281
25712
16689
18049
13255
17540
22548
7611
5813
11564
2051
30067
26935
30694
29527
6707
27393
13731
14090
1435
32134
5918
447
10580
4889
12139
7170
26182
6482
17619
17872
1035
25268
9183
3418
15523
21388
10419
774
12393
22044
29341
28343
22085
23033
30190
27214
15396
25266
24585
1393
11173
27058
441
22155
1813
5992
13256
7443
29342
6053
27085
22802
7611
3397
26437
31711
16623
26897
19173
5677
9143
10212
25647
10056
16061
15373
1860
29084
20046
9717
21241
30839
26894
2
7468
2832
28395
442
31065
199
25679
15916
3432
2734
3482
8587
10441
15945
24271
29213
20931
15762
5005
22611
15625
8256
834
12858
25487
585
1435
13842
10907
23462
31551
10299
21023
1366
20156
10329
7494
4005
449
22960
26957
19886
6799
27344
9876
14879
1450
16503
26613
6460
16340
18355
31828
31783
23611
13127
18039
2398
15090
10320
18200
11909
926
7720
3385
8038
14450
30091
184
17974
30045
2808
15139
2329
12161
18522
25293
2281
2280
31208
15394
15667
3186
27210
25911
4483
26130
2557
28582
26594
27450
9720
19608
9372
1940
29072
16163
10055
25075
26521
18647
21760
19849
18126
17555
6136
23386
11635
9117
30768
8176
6200
242
12672
337
18529
32475
27358
8494
21796
8897
29405
14173
27730
9026
9588
28810
1594
23685
24321
9513
4299
24266
8333
31918
22008
19269
18770
20737
8545
29484
2426
26156
26927
27919
29226
19031
32319
5224
18111
29175
1924
10099
29528
25666
19622
30527
19604
3046
5103
24069
31901
32762
5992
28602
16741
22837
21823
6368
24623
26462
16236
8097
29266
23299
3732
15134
28473
14190
15406
13573
6063
8405
26596
18785
9817
23249
11324
14519
27012
2833
9847
16462
10786
5200
13754
27854
1038
7556
13675
31501
5016
6489
14046
15141
7229
25053
32305
10698
3254
15485
18036
13274
1077
23088
4365
22582
15595
10226
1115
7121
32717
884
7578
1030
1432
10258
14855
2863
26898
26629
15172
17267
3731
1498
19197
7135
9413
16930
460
31672
8872
29036
30042
10256
26329
11888
29128
10136
23571
31885
25165
6325
18166
28278
11552
11734
8455
9512
1688
17412
9465
15135
32657
18363
28715
28617
21267
23544
23921
10043
14126
30611
32023
4643
13608
27855
20003
4605
19675
3888
7387
11658
26456
27532
10887
10622
23760
18021
632
6521
4533
21622
8265
32057
28444
24972
19301
15886
14950
22935
19401
8334
4127
26625
23564
32393
1574
8510
31900
23872
14606
27301
3146
13265
18629
5246
18953
30198
2163
23132
9202
14063
26021
15789
30604
30909
19115
28303
10059
31633
62
14053
10582
8580
21095
7082
29581
14984
31900
10374
26827
19615
8491
6559
11112
11339
20444
22450
30979
31045
24529
31330
29566
21361
8370
17616
31561
23570
9991
20587
32484
22331
14309
23050
25503
390
6093
25912
27557
28167
16593
10702
15672
131
17400
32712
28478
22494
23012
15697
16125
15571
26290
15136
21283
26856
29986
29447
12297
14752
27896
27849
16696
9202
2210
27949
7213
31738
19994
6992
24665
25839
3854
4159
22636
32085
13375
1221
16595
7027
22567
4482
22399
11784
29918
13629
6377
5434
10558
5500
20051
1999
22854
11601
20816
22687
11708
24182
10374
12361
14102
6300
25011
3878
14235
2817
19694
11131
22726
5185
32048
32755
20459
25710
12818
7756
13852
1378
3800
6736
5966
15700
17071
8455
31928
32682
1587
4139
30332
24590
4660
8668
26761
15300
29626
149
7872
3387
24902
22367
27734
7650
30043
12868
23161
2620
29245
17159
10806
19511
29433
24082
11674
16314
11685
17328
15383
21885
10985
2428
17962
26653
5823
14362
19515
26480
3702
28964
15557
19990
4093
12647
32182
5456
28254
848
9497
6933
28553
13729
9458
11875
30547
27240
28265
13780
25534
4658
20523
9329
32379
10108
5134
12490
10157
15978
8180
583
7664
15548
7665
18617
1946
19965
28592
29236
8513
26621
28946
29473
13693
29570
19993
21647
16878
27963
28677
31946
28033
4853
17852
26159
13296
28945
27503
14398
27272
25654
30075
30449
559
25411
25229
15436
10917
9608
30986
12342
15114
31029
5038
12935
929
24082
8563
27490
27859
14449
23732
13765
1911
12386
32146
6238
29264
4389
27543
16545
14551
15589
12953
13335
3899
2211
16097
11257
4007
5232
9357
20221
23747
29663
30259
15728
19837
15034
28359
9093
1545
16884
29375
17901
8742
14559
11380
15527
21668
22175
18380
20506
8227
16351
4374
11361
3357
29890
31541
24294
295
23324
20737
21042
7027
14563
5610
15363
15002
13024
23007
12703
3992
9130
1134
22121
25112
24277
23340
22706
27123
13415
18263
12497
25075
18571
7866
22134
14300
5002
29649
24635
32173
7670
12590
16764
35
19753
1051
6761
9855
21486
23169
20057
32649
7037
30728
21602
8149
14509
26240
30246
13637
16741
17792
28911
29647
5715
15692
11519
16256
29921
6396
32545
14273
25957
19419
10372
2010
22936
26126
2249
8372
3914
15478
13915
16355
2900
18391
28927
26595
16589
32569
8876
11682
14465
12686
25244
32575
19614
8854
11939
18450
19633
28416
20160
5612
7633
31698
5874
9120
11034
29962
31564
27842
14942
8069
10828
11950
30998
545
8553
31436
21919
10783
28651
15891
30883
3787
7167
25036
29397
22622
24075
27033
29409
3619
9791
12981
6050
28633
8301
14461
12950
32345
10778
560
3728
30584
28373
7667
3757
18735
7879
19736
14729
16377
29580
17823
1203
29821
30529
11517
29790
15469
16862
12317
25433
8878
8390
23717
1857
10937
23709
8058
1269
25409
4442
3206
10570
3094
19613
21433
6656
21321
26178
1869
4853
28049
18230
5967
921
3565
4745
9819
8354
139
25797
7079
15873
27881
7551
5698
1300
826
26411
9630
23325
6411
28981
27469
3059
31014
4173
2568
3319
27318
14594
1525
27722
13229
2194
31274
16445
6755
20480
18285
11017
10879
21864
8253
18113
16667
16272
5655
3460
9251
24511
3058
4599
10494
19922
12812
7154
11889
2700
28392
32122
28096
7214
22935
13296
26390
22855
10552
10631
27942
21966
15803
11004
5139
9838
9706
25985
1933
28193
18089
250
3134
27136
1916
10859
12388
28506
10315
8881
28607
4099
9314
9585
20141
22766
18108
15439
12436
24318
21377
21088
28032
3610
27341
7137
27405
28288
2227
9769
15496
21595
18050
9180
3665
11671
16710
18786
24707
25076
18834
19863
21719
31065
16509
25284
5062
31852
17899
15311
3310
17247
7182
29102
5815
9996
25644
23841
12598
18501
6306
14497
28754
24933
26665
7827
20773
22059
22104
14274
32421
30153
17770
11788
18819
9015
19778
14172
22355
22477
940
19672
19694
13329
6630
25179
30740
4814
29535
12837
15446
21094
6590
28881
18227
18536
12838
32136
20354
4965
22456
25205
25616
16128
32602
14712
3465
28229
18615
18719
18332
60
24711
28114
5466
25277
22545
9037
13535
1925
5614
16980
13877
12170
17423
18081
31093
140
24322
12578
22575
6381
19056
23137
32268
5570
3819
18756
13490
16170
9446
25078
9960
20191
28933
293
24315
1290
21912
22382
1120
32604
32098
6421
7322
1626
17310
22010
21343
17656
23876
3528
3574
7786
10120
21616
19939
5687
16291
6870
9926
32399
18391
28617
19329
24798
32173
19769
30361
21665
1410
17828
12767
14457
3905
9682
16719
381
14450
24258
13624
5333
20340
19428
26525
24453
23558
10633
26843
8326
4365
20375
8077
6427
2961
1153
8109
5986
776
31862
31996
3881
20183
22745
7331
13572
25878
15346
18970
20380
13971
17635
4937
13130
3098
2013
12269
7141
18676
22163
30782
22744
13998
27887
11983
32631
15900
22020
8629
6035
12700
7493
26347
30283
3231
8180
14325
15142
19558
4829
12484
9055
17930
4163
30170
10112
7615
16923
1454
5938
17241
31864
14674
10068
6160
23623
14419
9802
8576
15932
25569
19096
28148
8716
32047
20399
3555
19933
2845
21766
18107
17914
17173
13165
25310
27852
31026
15519
17130
24326
23464
6422
5182
24607
32096
14371
20666
27397
29666
1597
27589
15120
3192
23962
20629
24884
23696
25852
5547
14716
12643
20686
2460
21683
8916
14959
32023
10852
19867
462
28196
9990
30882
27959
30890
27248
10671
31596
12340
19091
27972
7160
18164
28263
21956
16832
9737
5414
30166
987
23293
23993
23054
16547
32402
8815
17867
30476
30910
15605
14171
18997
17908
18051
30566
25405
8613
10323
14217
9560
14855
4183
1089
26658
20757
7723
3595
11315
28375
23625
3529
32243
2275
22908
18536
31407
17188
30359
30144
11245
11738
15462
3771
11517
9442
19941
18106
20177
13368
19120
13364
11791
9658
13755
27808
28515
7214
13379
6038
5658
24455
14596
15665
10477
15972
28589
21431
6426
10458
31889
20604
8122
26739
25759
16387
1358
6518
12692
10599
1947
18793
9839
16633
20920
24277
6181
11819
14949
11849
16023
26797
15518
24737
4545
28885
24176
3720
1844
26436
31244
13628
17350
18375
7450
26770
5512
19323
29263
26169
18936
13877
26946
28226
13432
4896
4219
1248
30975
9384
21965
365
28431
2967
8423
3758
12519
27006
31781
88
11001
599
16300
8659
16286
8552
29365
25149
21257
17771
22313
434
21369
22507
21359
9163
4531
29681
11905
27492
32176
32736
21062
931
7059
7838
2076
14902
17630
15348
25523
3803
2532
14392
20514
23590
18306
30505
29492
32127
17674
22042
23299
5738
28288
19795
10697
24331
32521
16564
13298
6633
12192
17307
17526
5874
15883
21512
31589
26559
24589
20735
31428
10522
30430
12334
21911
1469
5848
14032
30015
22109
14195
14801
26886
743
8051
10547
21497
2314
24928
27312
27894
19445
31799
18337
17669
4450
29791
29214
18411
20435
30942
25959
11005
12827
26829
9602
15923
29729
19721
8742
21373
31969
6700
16600
12378
22963
20156
21076
15782
32464
16802
30510
27059
28946
13533
14265
28828
15611
119
21288
32470
24313
27064
2547
25096
232
31387
26493
15389
12505
28030
20211
27799
29970
285
20343
9254
24918
18625
894
22137
4454
19637
32630
32340
11463
3834
5037
26595
22470
18491
25966
30030
13754
28931
9069
4493
24713
27438
22884
17790
31085
24478
9983
9012
14072
9263
24054
31634
5206
15852
19320
4633
1491
21379
12496
17151
22172
9206
12099
20353
5066
21908
11063
17530
10396
12584
27291
12083
4100
7536
29314
5245
16230
28368
26641
24061
11932
24392
30876
12744
8509
17060
3340
26672
5407
19186
19588
5085
31258
28985
12868
20511
5903
22120
15053
18818
16425
12429
27717
13475
16995
6215
15902
10051
10315
19070
9203
1946
15365
12881
16306
1517
27282
20304
32512
21603
27731
19436
10201
4373
22216
22571
6263
5732
31646
7329
15990
9615
14569
22939
2357
8069
7854
1693
23423
16375
3492
1551
16491
3762
13115
16691
26496
31532
1758
16474
11293
22108
11381
4952
11288
7887
24623
7733
12710
21241
20350
7717
29819
15817
867
31418
30258
29056
16363
14169
32238
25794
31994
6379
30530
26093
23623
21460
14414
22699
16552
22057
29483
29123
27280
541
22154
25909
15829
27837
8599
14981
5303
29918
12068
15191
17439
18003
15363
12348
13604
7523
27827
24524
14291
24186
22080
1013
29488
22046
3684
10642
5752
13605
1778
11839
12201
7461
14452
20588
19268
20781
24595
1457
16722
24242
21688
2913
21413
21196
14193
25954
352
20387
790
16188
13242
5667
16172
25455
10238
22520
23049
15626
15062
26038
28217
6009
30922
3415
30497
4255
6148
15595
14562
28965
16214
15755
24449
24337
15998
6799
6468
7834
7080
2305
12383
21818
6708
25425
26575
774
7866
3401
8071
9787
5195
21572
970
15641
14074
8091
19416
6644
26523
1377
19404
15752
27851
5968
24005
11149
17713
31746
26180
28043
28419
10341
30677
14320
18635
19817
23026
25952
28523
19963
30500
15436
15710
20791
30315
12998
20290
17625
992
9363
12691
25589
3225
12162
7098
5609
29133
10749
23622
14735
30520
26590
23161
12471
28865
16772
20742
16340
29531
4389
9753
5621
3369
6757
1176
4343
18661
4136
6824
4601
130
11429
8564
30225
17168
4029
4650
1853
20961
22410
11333
31133
30954
10042
12562
18655
18027
4126
30829
2554
26067
4350
17100
1311
8670
8112
27776
11244
20992
28904
26167
16356
14086
29266
5828
15644
2811
10974
2595
23862
18504
30044
4535
18067
27680
18760
14807
15301
14363
1511
14473
24387
14113
29587
14733
24417
2442
28498
11166
7807
15491
29870
29428
11136
12468
31169
9485
7806
21536
20880
12717
11707
13132
2202
7460
3803
9635
28592
12239
30801
6425
18694
16097
22296
16655
19339
29283
3235
11382
28790
11386
18710
1848
16161
30185
21942
2771
2843
5078
25502
25159
22649
10961
12981
1331
23148
4882
9436
20027
16409
16898
4460
20652
17316
27902
27871
12643
12174
18775
6349
1771
20034
3485
28699
1253
30698
6173
25455
30381
12935
24232
14822
19770
6209
2966
18954
17478
30715
27659
16126
25263
25643
4985
15868
23070
9193
22630
2
2534
14918
3696
13255
10543
30686
8590
15348
23635
19121
30360
7569
14728
16430
13578
12989
192
28049
24069
30115
2765
12911
21654
30633
13257
2447
15163
22762
17589
23548
19107
21479
8288
2648
1462
12665
14218
8307
28373
14603
2122
26397
8803
28933
11437
18488
31364
17291
15520
14609
8228
23400
1808
7920
11580
19781
26191
25069
17488
24863
13242
8710
16701
4088
7833
17007
26417
2508
27206
16169
12283
22470
22418
214
8325
28340
15716
8908
18078
17849
5283
24424
17405
17729
31574
5796
2691
8762
29450
8940
11713
31106
24180
28718
28090
16283
600
2353
24298
22694
3498
3879
21383
27791
27890
20357
27142
19333
27893
27666
25825
30381
28817
18750
12184
8471
15849
14006
13558
15601
9922
1589
27285
26874
4141
1181
13732
21050
7527
2374
3304
24049
509
3990
31745
12237
16179
3794
27631
24671
20647
1075
21716
30672
3122
25405
15611
208
14607
24652
10522
18384
8767
18800
25044
6769
10283
24954
12930
6972
5516
29015
1331
32147
15240
925
32753
15847
6429
32356
1863
10796
4547
3927
18944
20106
30541
7691
14896
6742
27409
14479
6009
20800
23112
11844
28295
7374
6584
19694
12765
21001
25744
29708
20436
16246
17043
29285
27104
5959
6520
25060
4374
18899
28049
30117
11243
25668
5548
28240
26943
18319
26167
10406
25754
19370
6055
31321
24501
8953
27674
20769
13628
4617
22586
18444
26834
20352
13157
10006
30806
8276
13068
249
21092
1084
13657
25414
5663
1636
7957
19637
46
1637
20680
23993
10501
3444
30498
30552
30822
985
15001
15418
29223
23204
4692
10240
16437
32155
15944
12503
7641
8566
11425
10060
2106
16975
20067
18530
22564
26196
8017
13793
10503
30911
25870
18674
12611
20744
27010
29417
28578
14936
13439
8290
21030
3906
2212
21135
14854
15790
10114
25296
243
18197
8446
9348
25503
4340
12790
22816
30080
6522
30248
10878
466
25732
29007
8055
32219
13516
13198
16051
28786
25949
7442
21440
29378
30539
1268
2658
11852
10144
18268
21546
31787
8601
32492
19530
2460
8467
27996
3496
9661
6464
22369
12081
7317
13214
22484
23152
17237
15146
28176
12383
6621
18385
19356
28797
9602
15911
9482
5664
26895
30555
2590
24589
7689
9579
2355
30278
4920
18324
8667
8739
21602
17165
19142
19620
32602
29684
3813
14086
27194
19081
1486
8596
32492
18586
11107
21696
28655
29502
23214
16498
10839
3270
28688
9632
10518
10993
22171
32287
3451
32095
1212
5817
8440
22600
11293
3967
9256
22382
8393
13920
3856
11600
15250
28667
9894
29345
15280
8882
2959
2552
27562
22528
9773
27593
3450
2060
5081
28308
20972
17278
31085
24412
24391
12177
24326
32347
11055
2153
30984
13300
11210
7592
610
4585
9250
32060
3091
29902
4042
16506
26093
22974
29125
12145
1176
15436
2723
11896
2267
4284
14829
10762
19479
11892
3779
29908
5652
16045
19396
19467
24576
878
25134
30211
18613
2747
10310
12030
7739
8714
20219
22594
8334
7670
23238
7534
24993
18999
9172
1037
26274
5586
8551
6508
28288
20365
1146
12969
427
1702
26020
29453
12059
25540
2622
3227
6803
3630
1224
28393
16423
28987
13449
22575
4348
30218
26742
31902
19791
1394
10581
14323
16312
26172
28450
32075
15792
19344
17842
31033
4434
10158
9366
6678
12382
5855
32322
29336
25731
30378
19055
10918
18654
32074
4029
29291
16574
25952
12445
11178
19370
486
32622
15697
23205
20068
24038
17744
2736
20326
27572
7339
26769
22317
2147
25038
8659
677
11394
32034
18190
663
24066
21469
872
1312
17375
7454
27996
21346
7427
3385
21690
30585
7783
19279
12783
32432
31867
25891
6791
11253
9160
13608
24304
11915
25811
28383
13697
12543
5957
17759
5818
21597
30794
24629
11982
27555
18487
4719
2142
2934
27503
2036
21640
16916
4743
23831
29728
2954
11688
21611
9789
22055
12085
7896
32760
11056
25006
27118
4464
20437
21717
10362
23570
29284
9743
18775
32279
14269
10252
20615
14157
15622
11690
1666
11035
24992
31767
12750
959
27993
10294
3792
23259
26339
25413
31202
2864
11909
31420
32678
20393
12560
3960
18329
21403
18197
18456
3307
6219
5205
680
6542
21425
31609
18813
30605
11387
31235
3935
19615
30549
133
30446
5116
22888
6928
10558
10863
29728
32240
32709
24748
32307
19094
1399
2021
28127
8406
4911
11416
6259
20563
2897
29611
27408
15927
30893
19898
8369
21287
5287
29872
6505
1398
30869
26516
14060
21400
32361
22694
25169
17114
5264
16811
7958
13905
2330
4741
20325
12816
4122
11782
3477
24222
2384
10502
16116
24744
18693
32691
17348
22770
26679
13609
26755
8339
24566
4419
31856
5474
29710
28848
12618
2732
12518
23369
10331
12840
168
21665
20661
4396
7074
6878
31420
22048
22509
18376
17636
8756
7244
2080
17852
6990
31318
23859
5932
23110
13272
7343
9978
2390
12149
8884
28819
18124
8335
27182
1033
8194
26219
32611
32344
14480
26255
200
22253
29120
26223
8729
9833
9795
10313
26024
19106
20002
20302
32758
3050
7927
20226
6528
10133
31836
27109
25307
25525
19620
851
12035
4136
1481
18601
2033
6357
1702
30121
29035
3378
4198
14368
20000
16650
29757
30405
6900
27261
18774
32613
29849
24904
16140
24637
7007
25414
24412
28840
26957
567
21914
19706
28272
7873
3428
18859
10099
5300
15829
8632
624
31890
13562
25670
9734
9807
30602
25992
11948
12629
2257
14052
22084
26059
28398
27217
14836
13079
18238
9476
12849
30625
32536
17739
28956
30170
1211
8121
23314
6782
1156
6019
19838
30742
1637
5674
18418
7104
32658
9818
11127
7986
11389
13843
1057
7165
18181
17414
4326
25615
27882
31810
32175
9084
19077
2063
944
20350
23990
5402
25589
1722
25885
22483
28734
18116
20365
3348
5645
6886
16317
16131
8189
10269
30785
20793
8533
14949
17337
6180
16349
14134
11593
32681
20465
6479
7497
1294
30419
22962
11837
2072
18246
27120
19975
14192
3160
9126
32603
7243
13951
20808
20340
2378
7911
13341
21509
28831
5387
11147
17779
25970
27267
24981
2369
19587
28956
8354
16588
16
7982
13952
12344
27385
20010
2216
4522
24354
18291
15812
10423
11033
4975
8302
10781
13049
16093
7995
19377
4238
2665
3576
4249
32441
14461
3123
9659
5142
27995
13566
25205
4317
21865
31727
16783
17414
1483
23403
26222
19377
19255
14372
650
13508
23301
7649
12066
15830
6790
14718
3886
16716
28823
13363
19861
2753
21878
21529
19360
7084
5332
1513
5038
9020
30251
13319
25642
11655
16209
3776
26299
19940
17742
10704
26554
18581
32619
4904
8681
32682
20619
18158
29282
10017
31422
9412
2253
1106
28948
19021
26582
15499
31663
30445
18911
30455
25116
23761
15857
21956
4068
816
4345
2692
26461
7632
22321
2516
14022
32203
10716
8764
915
32659
27958
31319
8198
6708
12971
14900
16127
29657
2887
25595
31253
8082
24174
8148
32229
26708
6349
32516
20650
19778
18320
31321
26383
4906
29653
12233
31553
3923
21089
9046
23111
3958
7058
1845
7062
778
8085
20270
30432
18884
27353
4934
11310
19295
3780
1436
12846
15513
25252
32657
7886
13694
20712
27179
32265
31976
1168
1468
2817
11591
2786
21694
32591
5790
15711
11778
27799
462
2037
14858
21599
14615
24438
24499
29217
31196
31817
25622
27550
13222
11616
16817
23414
14444
22377
31426
27126
16914
29769
27380
26673
28975
9926
23613
8530
10515
13955
25351
22064
27913
2098
17806
5923
8921
26117
29321
28695
24209
11365
19212
6878
7045
12007
17325
11211
1685
27004
8422
27772
15790
20968
21178
22775
10388
23925
13211
29433
20190
3816
11916
24458
20290
8372
4227
725
23570
8046
2321
3639
24839
2177
7748
13462
13886
16675
6093
30964
1152
31111
9566
19267
16070
20564
17494
26491
21756
19031
10400
10987
1030
29300
11480
21452
26369
13795
3504
24348
11723
20633
29843
30890
7365
24067
5512
12653
14807
25082
25688
28697
19125
24052
9459
20468
2145
18039
23312
25062
11250
27860
23828
976
14483
12561
3637
16927
9934
4135
991
30625
21771
25198
6742
8087
24915
24149
15518
3595
20570
13142
25496
612
9661
20777
4205
18487
20872
12088
17967
23136
5883
10324
18110
15442
20622
16038
5865
32171
13618
23528
3542
7180
730
25045
29604
14119
12858
7901
29518
19225
6094
31518
25555
25851
5663
29072
11412
1459
17730
10623
18685
10000
13217
17471
12135
5911
9214
13083
7997
7575
27828
10638
6750
8196
23616
32694
3523
14209
18177
6405
28002
27967
8764
9018
18258
4358
20579
16783
4655
24081
663
30772
15040
25119
21355
27645
13527
23239
32491
19032
4985
32012
23517
28033
27711
23345
31302
4345
2556
23759
2864
10804
12960
32036
30123
14737
1117
17326
15634
10128
11784
11000
7311
576
1729
27061
31713
12022
18646
21003
8541
25668
29669
15153
17715
41
6721
10556
27123
3718
7575
10038
7760
5073
7890
1905
3107
28685
9531
32282
30899
28154
16613
18961
6707
21129
11336
24568
26252
146
12588
19339
16221
1225
21705
15151
8000
7663
3884
27085
11344
5445
4572
23264
21480
31558
25022
7373
21421
7317
18486
1396
21454
17205
24463
7428
30346
6136
16029
11027
243
14394
1952
6638
242
21454
24172
9261
5260
26425
2503
139
13923
26142
17427
32757
13184
27130
32557
20961
11855
14610
8084
25313
21227
14761
29390
2424
8348
9589
25863
29996
27807
4436
14844
5084
549
7484
19735
24916
925
24688
7387
21791
28982
26106
9603
25244
30880
19797
20198
16213
29203
25450
29086
25483
11923
18366
14185
30998
31602
29161
23247
11372
32534
11082
2566
5119
21245
20729
28946
8652
32509
29181
12080
21296
14801
7615
15221
4862
4817
30399
31923
464
26881
23942
6300
6298
21325
18396
15914
22917
24083
6202
28478
762
16866
2434
3463
30972
30594
750
11941
22716
19764
26694
31630
27239
24890
14935
7985
25923
9626
7072
2138
14842
20768
3406
726
22326
24994
30827
27607
7277
4999
22354
1434
28415
29322
4966
11846
9598
26556
27395
32280
15692
26824
29621
4285
3692
11387
3240
32255
29074
2180
21856
17828
3196
23672
31914
12947
14469
11801
31699
31033
14200
23255
4631
5419
10914
663
5212
10765
43
4020
25889
27570
19110
67
10417
20868
14054
21660
2460
6439
5139
18198
8551
23641
8702
12561
22915
15901
6578
16698
22652
29464
9292
26378
20339
10555
13324
6032
15310
4770
29611
20337
28974
6076
16367
30253
32673
29869
24446
1699
18970
17904
27888
8408
24862
18497
10023
26868
30143
20410
7139
22413
30926
14908
24721
24360
14925
24848
19812
2813
7459
19918
28327
31483
13075
13950
8274
24844
21743
1278
2011
25498
2825
28068
24654
2386
23019
22819
19616
4648
18248
9651
9281
24987
11058
876
28144
24122
8588
28659
31955
27239
12227
5465
25543
23131
29369
4160
13045
2922
26882
24896
13222
136
11603
3465
5720
10253
13623
13001
18192
11957
26628
4688
23539
1003
8718
22386
21008
29511
30746
7468
3201
30549
20246
30475
18866
10648
7175
330
768
29646
24642
15418
27270
26230
13791
14055
31539
22672
107
19705
20256
13476
5597
31704
12321
5893
29643
4884
5787
8535
21726
17411
2709
10063
14980
21676
6929
6330
16100
31203
24476
19649
17175
7350
14372
4715
19861
3848
16138
10851
11501
29564
8568
3580
12986
23701
20981
10098
6866
26395
18742
24435
29376
21440
18743
9181
5493
25603
22155
19402
3898
32341
23537
31946
32233
23930
11303
30063
16733
20275
22019
24847
4135
17946
32447
6341
17538
17101
13973
30137
30090
22606
31627
6305
12456
20394
24209
19080
26449
11993
32457
23246
25840
9958
20262
7793
24864
11600
23096
29834
543
17583
30790
29723
25471
14490
11166
9991
29983
20681
5929
30306
18010
16247
17218
11243
4478
20234
9416
11479
7040
4854
6770
20945
15342
8159
21603
62
8484
3838
23039
26821
9411
20677
8700
3855
17503
4806
28860
32459
4728
15569
28890
20982
13228
18780
14851
27737
15402
32040
14855
4179
362
16930
13359
12504
13340
10632
19154
9402
22110
22860
18211
7975
25137
26813
4941
4468
13358
28772
6850
23064
3701
20780
1231
25852
18407
30407
32117
8434
31637
6476
116
28290
19575
16933
23208
27629
4450
6184
21912
17004
32052
14084
16717
22713
5970
5599
20576
3792
6228
16701
31319
26359
32510
27684
22578
16380
29042
7294
12096
1214
16037
30398
7735
29934
5136
27846
8324
27415
15272
21512
23520
17372
30223
9964
27684
19074
17676
30066
8542
20142
14905
18713
25636
18287
7675
32767
13352
10110
695
25417
29965
18117
6211
31941
32121
1311
21403
28622
7276
2655
16086
22897
2256
18323
1368
31694
28497
7562
4168
14528
4718
19603
18245
8128
12496
4488
18772
4870
9691
5131
12829
18418
30852
2576
16216
9899
19554
13468
27266
19718
26887
6603
19156
14505
19344
8216
21365
23664
30331
28377
16879
9487
29625
14345
20704
12537
15620
20298
754
16257
32371
12842
6668
6975
26444
26022
3786
950
32025
19693
7211
23091
9470
23910
13194
5624
22345
21491
27856
17306
12619
20344
18151
5032
22887
29847
19570
15501
26984
32446
28859
13240
21271
25188
14572
506
29454
25743
1411
14127
17863
19354
4096
16672
29432
3381
28896
10664
8995
7597
16847
22
21352
17518
12314
29139
7071
6598
4963
22085
6819
4587
23704
12786
31984
14656
28966
29929
20849
1492
18025
30814
8339
25131
20839
32660
31134
21826
7871
16384
27205
27597
9948
13483
5244
18115
12910
16600
22153
29468
25371
26087
14686
28378
13425
4217
6438
32582
2336
16597
15390
15484
6246
4746
19366
30249
20426
26454
25496
21908
32013
14663
11224
24795
21598
22560
12332
17279
9933
5630
27214
35
23810
10043
12864
28561
2607
14739
2272
12542
11075
1669
28860
28559
26209
25852
18727
8476
24208
7727
24461
8755
28596
2502
11011
21344
26301
13630
26146
7083
2590
6798
31510
29795
1664
10763
30194
25114
5048
11145
28998
32497
26103
15043
12532
31254
16193
25341
24383
12426
13601
7655
8229
17192
32410
14789
28399
19939
24160
27341
31238
9295
32073
3024
28936
14179
18686
21021
31003
2173
10998
30883
15234
19878
11173
9813
17006
11031
22000
5075
6166
9725
28389
13382
23561
13434
21929
25995
17091
3820
8113
27541
13183
9841
17717
15116
30797
25771
29154
22330
13412
6336
19920
18216
5305
13733
21171
26116
28369
17821
341
4806
16851
14076
2884
788
19937
26161
17607
15714
13736
2307
29463
32349
24118
24347
19148
3466
268
19395
12950
17706
9333
15597
7725
20834
28182
887
5515
27288
965
173
15448
3872
28319
19728
28070
24
13396
15446
16350
1424
6854
25265
1274
15855
18899
32596
6901
31889
16238
28724
8320
31669
18933
4875
25079
26007
31934
14243
4755
30937
21236
1873
9697
19495
29857
1471
23923
29979
21003
3823
24277
5726
2372
30333
26050
6417
18941
11301
26264
5483
11163
2436
13578
11939
10637
11555
789
26128
14812
1713
19509
10639
12803
30864
216
8485
28162
12948
1555
32741
28078
10759
23956
23572
23627
21232
2520
21132
13916
32404
670
31070
442
830
19867
26043
19428
4412
3951
18709
25238
22826
10456
27009
31389
26483
13349
31072
14569
22804
30446
4670
20964
19875
7171
22266
13058
14992
18850
295
27289
940
26605
23987
16884
31975
11162
31942
15779
14686
14573
6381
30740
19349
29411
31096
2664
23296
19121
21537
30591
13001
9068
29166
19797
11725
7690
7000
28818
9192
24969
4012
18012
15474
13166
2994
12400
18953
29809
9101
3953
5009
21879
29666
16255
11898
22720
28220
17164
20033
29538
17583
4075
11578
25334
14524
12970
29324
2961
20853
15394
14717
29174
15585
11596
7664
9737
24738
21847
29227
12679
24021
22007
478
24309
3130
16895
1633
27862
12437
2610
12350
289
29268
11350
27119
28914
21617
22667
14313
12416
13722
219
23001
32591
7056
1810
4397
9383
19917
31952
12502
20548
873
10716
23116
29519
10302
19643
3027
9613
32075
18818
25598
27351
6230
15080
15985
27850
1749
6559
3562
31935
6159
28133
6019
29181
4735
16214
29489
14382
22649
14084
30097
8720
16400
10185
26340
21613
8758
28892
11095
23885
25893
28323
16521
19306
1534
28104
13383
23012
26032
21647
30874
1078
23836
30311
14595
5737
23671
17855
5381
3464
6639
22554
25572
23635
5009
28774
26029
26679
26730
905
1398
21118
19692
27454
4327
25028
7828
15135
2297
8106
23242
27650
28670
32462
32009
20873
14562
7418
2111
3573
15280
30107
16247
30779
21335
6261
20917
10330
2223
14486
32033
7659
28343
10120
28008
13562
5153
4299
22880
23828
11792
2434
9195
18081
24608
18541
1053
31349
17831
6679
30881
4001
8250
25937
2648
29583
20339
21470
8772
30798
30194
29552
30373
7466
28578
25300
21345
17792
32061
24425
16809
20944
18707
18134
21210
20244
10503
24828
4769
12368
16858
1578
25699
18027
28588
30096
20444
27197
6079
28663
262
3305
18303
27311
32572
8813
17599
28360
24479
6775
29510
30853
30393
23419
13194
27405
19808
29698
7867
27748
23773
30277
17411
15770
22094
12794
19213
25410
31049
16494
8132
12838
15810
5844
2909
5177
21807
4828
24215
6605
18153
13704
4417
11014
11222
60
31485
28047
19781
10260
2373
12939
11033
4985
5803
207
11562
22007
18277
3918
1000
7753
3848
17364
31810
19126
17300
2552
19142
6049
25009
5708
4617
7259
26168
27094
10313
2619
24821
10692
24657
25073
9388
8027
22941
4887
14425
29745
7103
14857
28092
32412
257
28663
16661
12906
13388
24888
26157
2514
17992
7649
9877
31403
7621
22679
30002
19420
18266
1953
23290
24340
26699
7233
8440
17083
22704
17477
23446
8232
10452
27097
15131
23060
5596
26015
17779
28494
12713
5890
23855
30129
16895
22215
14796
16724
6886
30692
13624
3072
30800
19094
4754
12519
6909
21934
8753
20626
11420
14891
26345
28956
12083
29966
8329
28318
31680
29546
24488
20458
5153
11451
1698
21372
19505
14200
23517
18605
3636
3052
4433
2346
15989
26945
25927
9893
557
4318
16480
8394
28071
19443
29914
14197
23970
28497
783
11554
32759
20864
1854
3493
20347
26379
13454
19739
1831
31007
336
21280
20598
10836
26757
17986
12559
15819
25760
11190
31652
21625
1933
12106
18458
5314
21489
10139
14058
28746
15284
10888
967
31752
26557
17894
11137
3740
11516
12405
10537
6370
21166
1811
3702
27847
3548
27184
31591
26203
22053
3970
14634
11048
30654
7162
31805
29635
1719
23030
4563
5024
6016
8120
31865
13098
24747
31255
17401
28691
10739
28532
31870
22505
11390
28400
18682
28907
18527
16348
23749
17690
13151
1394
16519
9107
1277
10946
24151
3099
17331
19182
6436
30972
22395
27034
29524
31504
1426
3999
2220
23579
22908
8191
24432
15197
8008
31006
21707
22632
21269
13871
10352
48
10709
9452
27522
20577
5969
17290
22194
17653
30062
23276
19367
17413
12462
2327
1442
7135
7673
20454
15714
10074
23966
31742
17477
3174
28565
30725
23217
18663
23815
24591
17842
452
6927
26969
26596
18490
2755
29242
24980
18807
14958
20054
31778
7268
19488
8981
25769
8642
9577
26708
31202
10872
19553
24922
12614
22571
5611
8717
22387
27664
2363
29797
12241
30718
7318
12834
14197
9672
12121
26298
3910
2249
25917
19862
20830
11712
18137
125
21939
23775
19305
27217
10742
16926
12237
20985
16571
28629
16085
4510
7131
28554
28347
19994
30230
21767
30705
17069
12285
1968
18717
29938
1040
13844
31843
25874
17955
10178
12770
3640
12806
24926
29569
19269
3428
20212
1515
29636
8428
26763
19160
17696
19631
1278
6287
27668
15305
20231
10920
16996
31556
4253
4119
5323
30777
18560
14950
1332
10552
15890
4674
23853
26346
1896
13625
25752
14325
13729
16578
4259
5152
7030
20094
7931
25272
25107
1469
28989
14386
24613
26180
15534
5905
26421
12366
25131
14347
31540
3536
611
7527
10327
24833
8771
30121
27429
23578
29618
4465
24270
18010
5759
28833
9662
4686
26007
10942
16498
10575
9340
13977
18058
4172
8434
21806
13856
18890
7420
9164
19801
6440
5382
6518
8761
2856
13924
29578
27836
26539
6651
21920
14114
28860
5950
8373
26762
4816
17245
17801
24002
27212
28856
5701
1118
16968
17050
23393
11271
28819
10532
12229
534
13047
22919
26670
27490
29118
5751
2516
12373
2932
23772
5194
12102
3567
18634
8869
2306
141
18099
10208
31660
9149
25819
19071
24520
18881
22797
9075
31634
11442
3725
25662
8340
26052
20557
10327
18295
27083
25443
30160
7706
12030
9659
12598
15329
24571
1289
2233
28752
16396
25090
6796
24536
9385
13260
23183
25328
10302
32691
31532
23400
31278
31005
23934
29690
28695
24000
19641
32291
15448
25106
2246
25137
28112
16897
25645
21916
7401
18917
31032
19353
27093
27571
14934
21485
12312
13427
25021
23551
4935
13812
1107
1586
18703
14526
19407
2929
17528
19016
7195
23308
9835
31595
10237
27842
6003
25367
14583
31007
28352
14661
11884
3080
19057
7724
30723
9620
32019
25016
3921
23837
29796
24376
13490
14999
32093
16727
29559
14881
2416
16973
12615
11738
22799
15446
19647
29174
12141
7779
3932
10001
29576
6416
30363
26306
25191
6103
6238
9844
13984
23171
9874
15473
26910
17127
22031
15168
28449
10959
11455
5937
6534
22071
31491
18998
31049
21947
1106
27124
27976
27983
6948
25626
15690
21296
13326
21746
26175
23323
13358
11318
31690
25020
32457
5156
17148
3177
1587
20180
27235
12560
25583
32202
835
31342
15384
1992
8227
7298
28671
4325
15499
11586
25622
14563
21005
30092
23821
5054
16002
20063
14394
4225
24470
24139
830
16989
1927
19238
14054
16380
12073
13313
6479
3347
2350
1882
2894
16951
23204
2452
17678
26353
15551
8100
17915
12820
11225
12812
31711
9294
1975
15373
25931
12542
26894
23320
13113
26949
28741
29319
11759
23904
29053
14218
24871
10293
8655
14692
21356
22827
10708
14807
19655
12351
16747
27100
28827
24661
14518
24216
11982
19403
4710
21132
20521
28500
4921
1804
8706
28420
27328
23026
1304
31143
22886
25491
25534
30295
30638
12530
21308
12366
700
28212
25714
29944
21015
5460
26558
22604
23213
29976
10272
4957
25368
9284
24988
12588
19743
13581
30432
32193
6272
15568
10791
27514
749
1028
23901
25250
26964
29294
7556
12101
20067
2963
32086
323
10828
3955
812
12964
26565
4980
11806
18475
12883
10141
22124
24622
31177
23556
27933
933
20235
14986
24293
3456
32280
2245
7756
7230
2376
26174
6413
16827
27090
6877
7356
25929
14736
10657
28332
3075
10759
31636
6928
31582
27810
14079
16224
27137
28734
5850
21503
13015
6123
22150
14618
15970
20209
1471
2771
5714
7698
22732
159
22358
9743
18680
23532
30002
9070
6470
10760
1298
24441
4961
23870
541
12938
4306
322
16462
31622
9333
3791
383
12456
30766
8846
24775
28032
13016
6970
2054
8763
31358
25346
25534
18468
26318
26670
18725
16235
30666
2310
17016
14885
25793
30447
30097
22677
22398
21720
22716
23210
26559
5332
10695
2760
27369
22792
23384
17868
27641
23496
27779
17482
24510
8957
24220
2328
26950
714
15690
6417
17046
13167
27869
24595
7581
32365
13026
26442
4459
18155
11508
16561
26527
29016
10709
19413
24094
28242
6333
14301
12555
27846
753
26311
243
30553
17304
5620
26951
263
29130
28647
23312
9482
12523
27466
4062
7678
23351
6961
10497
14402
15005
21667
20220
17313
17361
19799
25911
18482
1949
6075
9716
636
20088
8250
14980
27358
4697
4031
9147
19503
19149
14197
1697
11681
16200
27090
12650
5099
21432
25811
27817
23975
864
12681
27840
16120
32228
7380
30619
8305
6816
11631
4766
25906
5694
15148
19675
23636
20104
2945
31113
24968
28794
5956
28337
28922
19612
23987
7211
12924
17807
26807
3785
16352
3301
26218
13266
10917
8758
31702
28850
1239
18543
13568
25327
28976
25966
13861
23647
32387
32716
4675
28569
21083
20218
27355
8361
26335
4496
15605
3592
24568
7649
32614
9675
15286
24787
30286
15130
25072
16110
24548
4068
22315
2994
24182
9937
5821
2862
17323
29048
22579
12750
8460
11987
17391
5749
16834
3567
23318
19147
29089
26856
5801
3545
13670
11285
497
3283
22589
15744
21537
9780
29319
30873
19767
25360
19929
4651
23075
6822
19016
30862
17451
29750
10468
1055
28558
15122
24450
3053
28007
14582
22975
12981
25813
2716
19265
17
5977
8844
30528
6636
1151
28210
4421
12857
28865
20786
6962
31972
21416
27392
25731
16905
28980
23211
3795
24677
8830
29945
15266
21514
4508
8377
18261
5462
27845
19797
13694
25637
21685
14247
12894
21318
2643
28941
19881
10284
8082
23744
21128
25318
12181
5985
24804
594
25110
31957
11234
22669
15880
16467
426
941
3963
19131
109
24243
25793
21290
7334
32443
26319
26059
23712
4214
4325
19696
27960
10714
2930
4193
29668
25624
11826
32499
16884
20943
28057
30301
19736
9599
14196
23880
4387
7232
718
933
16142
180
5904
23875
23872
23098
20077
19105
15628
7268
22397
25601
27004
27308
14888
31421
29517
17506
9158
17630
15930
11497
16004
26347
13182
9251
6154
20479
32148
810
23387
7198
12609
4417
25084
28873
2004
25866
24664
2000
3757
26105
12643
23656
28668
520
1406
11901
14539
27564
30875
20554
16447
29704
21409
29222
5146
21857
32018
24737
3717
467
23787
26831
30989
19010
14283
22244
24811
29075
17752
17153
136
27
1502
8270
25152
27479
6970
16969
8294
26078
10487
19550
26249
27541
32694
16311
6134
24098
6099
6997
16254
17827
8005
16992
11386
2463
7878
7355
24844
13884
31285
9692
13735
8627
20536
24027
21969
1538
32037
20680
31271
25313
17699
10306
930
15350
27020
31557
23578
1868
11670
20548
16392
24578
3635
1400
21904
20800
12597
4983
13503
19823
20406
24072
17681
9642
8119
1846
5174
5487
263
30883
2581
13979
29031
5919
7698
29077
3051
21625
29068
15817
6051
5013
29610
18008
27003
4799
29272
18189
7520
20543
15500
13716
27300
7470
14798
2790
6052
21128
6903
16648
20648
23682
2105
22773
26122
4125
28767
31961
13723
32507
23894
4735
17218
15729
29165
21005
17638
20191
29913
13551
9614
11324
3324
20753
17351
6389
4839
29777
28487
14840
7069
5172
27087
8971
8345
26071
28502
20067
26899
12841
2403
12914
6272
14936
12731
27136
1624
16521
2108
8829
17179
2252
8201
17558
28310
26191
10215
2822
17251
10450
29159
31663
31663
32346
7750
30441
29503
7466
28049
20762
10933
18927
32268
10887
4112
3643
30805
31081
12403
13108
28485
31300
14119
21646
30487
31348
24034
8118
14284
12552
12874
4944
32461
6612
21685
21220
5075
1730
5171
25300
21764
23401
3022
24722
24159
9953
9488
2831
16473
4053
9158
12151
2504
18137
7940
19995
10497
29438
2921
2991
26685
19620
15012
17077
2370
23184
29751
18745
17471
1343
2939
16063
11767
29817
5861
30330
18721
27433
11399
20926
18191
5483
18394
7864
15247
31975
15546
20317
18447
5982
23474
7328
516
9090
11130
27112
6284
18443
23486
31937
32081
10503
21793
23761
5297
26481
2690
28687
12573
16134
28542
10031
23999
13908
14390
20064
15456
5396
18002
22074
31368
5305
26438
10482
8679
32585
18387
24529
18419
12396
16593
27876
24787
11459
24877
3316
14716
17274
22830
5560
23834
28193
11004
29770
27057
25271
17506
28632
6148
3080
26067
1180
31414
23610
31403
27406
14511
11682
18104
8024
18113
9692
3321
32010
25739
20250
5029
17167
24734
23484
10607
5088
26591
18465
4105
17911
25645
20157
28647
6279
11843
25196
14661
8298
5855
8966
5739
346
2852
52
21296
18277
22588
32386
23997
29851
21059
21173
17555
5898
25184
18270
21968
31468
16437
8367
17325
19742
23162
29326
29260
16852
13028
7400
21169
5004
12620
25160
28430
28224
12813
19624
3139
6880
21422
21639
1189
32511
18369
32315
16382
17613
11018
24969
27862
16197
10468
20339
24305
24231
28129
2641
14105
18729
11697
17443
14366
27625
16453
22310
27930
6183
6707
27813
1273
177
9309
1554
1849
11166
14030
7253
17903
11327
15076
18788
12555
14675
14516
12308
28380
29562
21418
5679
24023
28653
31344
25798
25492
23403
19985
712
11545
18807
1119
15828
17499
960
18834
13644
7938
28129
25905
31659
2669
20810
9782
25112
6390
9598
23149
8763
29815
10368
21789
23119
14861
23431
18666
3960
17179
14329
30970
10839
32658
12439
1367
8668
17776
21237
22164
18524
14727
7470
27828
28388
13696
23509
5447
21196
20255
9263
19670
2447
25801
16031
20353
24282
21315
5473
7399
22754
14524
31611
29510
22267
26894
24561
1507
32359
30529
16697
29357
26987
30800
29934
15133
19624
25392
6089
17504
1705
12815
14796
8888
19897
10458
6848
13344
28663
25857
2786
20015
22956
6782
17370
830
21979
8724
19948
17101
15642
15572
17778
22819
1697
12518
5258
4661
28577
9094
29964
969
11479
21581
20159
17115
23136
7602
17868
2112
7631
24272
3442
2185
11901
12906
21244
810
14368
5932
21744
19676
19359
27955
31370
22847
21029
27856
32616
1988
13941
31369
1927
14282
14461
31841
12142
26631
7981
5210
27817
25898
15497
25655
21113
19390
30717
16006
3786
24914
21233
26846
13157
2263
7070
21350
8039
22089
16928
27030
7410
1426
972
24642
1826
22699
24771
9428
3139
8452
4039
20953
24641
30758
25678
19647
29535
27543
23253
28892
300
8189
16247
27571
2996
12167
8894
11891
5875
18313
4281
6337
14479
18790
15951
16567
20422
29363
8402
31789
31140
20633
9176
3895
5498
635
28998
9198
28045
4057
32685
28532
22539
21877
23258
10290
25667
19892
23208
12644
26644
14406
15385
8152
422
25865
20645
31730
24921
9771
14290
25844
28667
11664
22277
31100
9534
22899
920
10575
8809
13391
4908
21588
25933
11264
17985
23268
10107
17445
16644
833
15796
18378
1639
22627
2977
15940
10615
26107
24516
10075
10475
30130
19375
17071
10488
12721
19572
26196
32621
20583
22364
10432
17915
11654
7900
25063
26324
29775
9156
18340
22393
16144
26298
10587
30156
20459
19943
3805
15213
18136
4848
16011
15171
30957
19752
28351
7513
19678
27652
9831
3308
16576
13775
4339
19650
32018
7838
18802
26045
6397
2951
24823
9135
29659
22030
9282
21616
18423
9184
25756
32046
23187
26308
18435
31237
27952
6350
25735
15311
21513
2261
10996
6206
21985
19240
25777
24616
14590
8829
18664
12321
8566
29994
27879
12111
9385
8856
5063
12410
13839
19700
8523
26979
20788
27431
13322
13399
1280
14089
10961
4099
17468
19409
6467
20874
8018
2257
28610
15573
19284
3168
23187
30507
6720
23319
7228
2049
18563
1856
26417
23571
17339
27787
31408
32435
20161
21507
1770
32097
9959
5185
7267
10653
3710
479
10907
11513
24732
17456
20974
9074
4636
25134
3257
12288
17381
7092
29630
16236
19056
25326
8650
28002
20100
2573
31381
16327
27460
31039
22761
11340
28012
222
26630
7236
6104
7143
11334
25267
4422
13999
32509
22695
24412
19921
419
5067
4845
31083
19509
27449
2424
14474
23256
16016
26609
4322
32448
13126
12996
22211
22096
23616
10008
12616
4226
32672
14672
11986
32650
28383
23768
32180
16054
9499
31006
7472
28569
8114
12254
6819
21096
9487
22691
12028
15780
28100
21899
20594
14585
25561
9546
3191
16231
27748
22129
15847
27807
28506
16369
29574
6576
4517
8922
6825
11490
21879
6505
16947
8418
5341
30530
2499
1824
2711
32506
4396
2422
23847
4312
31782
12042
24616
14045
24131
26741
32737
12801
8996
10021
2842
27840
18156
1023
20270
30421
29429
14665
14946
28230
21186
29640
30837
31136
13621
16165
15737
14212
19970
4502
13025
18274
11108
15034
15066
20357
13327
14788
32223
9296
16741
16091
30343
29895
10732
23489
28578
8273
20480
10163
10373
6587
2245
23185
5026
31617
28512
9023
25436
12617
30823
15691
22809
23217
22933
2512
2712
19274
6595
12186
4485
19428
23827
1674
22858
269
16751
21052
32553
6868
24370
4072
30855
12755
16932
23430
29579
30060
28332
12342
9704
3922
18241
2014
32247
24651
26146
7701
27145
31285
16199
23104
10747
31559
7831
9466
24331
11930
22107
11450
19945
5608
12787
23983
1810
16531
199
4335
26969
5097
19841
14033
12998
26790
5498
151
5028
8634
5233
19793
30678
8269
30851
24062
31338
14593
4695
5363
14193
3703
21914
17537
28685
29972
15787
20690
13515
17413
27287
10516
2611
14208
2631
23513
15262
18509
25080
19134
20552
7302
3052
16715
22182
30107
15711
29467
31226
16280
10429
9533
5668
9643
20498
1753
15803
20449
23490
32023
26204
11824
18810
26172
12098
29882
1894
6167
30231
11600
20389
7579
11786
565
22522
30669
11554
9765
10692
26081
25554
32150
13872
30879
13005
27966
31405
29964
21275
29141
18848
19015
1133
25884
2905
7857
30126
5150
2886
14416
7130
2742
9575
17526
27411
14417
26626
17053
9714
20981
32152
5782
14107
5507
29463
1507
18708
21049
11857
9313
4183
23162
10413
29738
31653
17106
16925
15545
16030
4661
16464
23887
27279
18311
20008
7830
2443
22626
3950
18308
28605
3347
7365
31107
14076
24037
31708
6095
6304
13731
26600
15903
6548
15704
32338
2695
15533
5465
9132
16029
12090
8069
13546
31707
9181
16076
22735
8004
20377
12270
1445
74
15659
24453
3889
5872
27294
24902
20710
19756
25882
27780
18521
32655
22269
501
13301
28967
15404
7865
2544
13989
12460
8344
23421
23739
3436
16268
30788
19912
18277
16511
26127
15031
17637
17749
198
2852
7464
24109
22173
6337
30249
16356
5260
14841
29879
17371
5888
24531
29387
5371
29392
19224
28697
11766
2674
7352
28901
3279
879
17770
16152
16284
12308
6291
16787
11915
16746
1641
24003
18211
21865
16728
6006
27852
13673
21157
25325
21138
22745
25169
23858
8742
51
13888
24236
5157
31791
11418
7152
23965
30008
13682
18650
5838
18204
4005
29149
32557
17671
19717
32663
17071
31154
25015
6312
9283
14296
17114
21957
12704
3818
22633
31752
25666
30723
18019
12682
21423
20254
20777
24628
23807
27783
24871
15058
25499
29327
27062
6249
3909
9092
14145
6603
11097
21472
26791
19816
2898
19649
6113
17767
6287
12953
30181
21494
27992
17447
24010
25054
8476
1446
9004
4954
10748
11332
8146
12073
30606
24021
17550
31714
10970
6345
12645
1928
4009
22619
6384
3422
15104
18700
29442
28156
29415
8528
17036
28067
17262
29319
29373
11470
25842
1582
3949
3849
22429
6999
23739
1030
22572
6230
4597
26350
4597
1214
15289
26613
12840
24460
2394
13361
16469
9633
2437
20396
24622
7286
6693
21944
24719
13579
3971
4994
15291
6944
22194
12522
27881
17576
5930
23442
16127
5499
6067
10293
30877
27467
27269
7739
2397
9689
9389
8586
7257
32616
9394
11934
13294
18802
11385
7388
12992
24987
21094
23331
30206
29411
3524
23205
25832
22303
25191
7157
6542
11434
28559
4704
1754
29784
26128
20865
16336
19371
10672
14608
17429
5962
8657
4859
30126
12718
32080
22456
7179
29215
28076
3289
6212
8159
7531
29153
11938
9637
26041
28502
2401
6476
1875
31767
22708
27597
27299
27888
13322
21867
11052
25196
8336
21037
29225
18666
24823
17041
25713
7923
29303
1151
10142
30155
23316
6268
17006
24646
11552
10016
23658
17373
25601
31434
8389
16385
32308
16786
18566
8112
30866
11135
4074
2373
3794
14587
6915
24724
25936
19843
3494
3894
12
23203
23172
10018
10998
14114
3479
4989
14185
30330
5568
19380
13045
21642
20910
15559
31585
2447
25601
23784
21488
6737
4783
7492
24548
30874
13735
11809
9793
2028
30901
18729
723
23155
29862
30213
10354
14905
25516
32046
6277
21145
29956
32000
13253
3574
981
21777
18500
31661
13660
23488
16557
21063
16966
4625
22733
25076
28509
18872
31570
2869
31079
29043
11475
3544
30795
31645
10257
17449
32118
4865
3965
7783
29053
4588
22522
29301
29956
28550
20707
29650
18654
5985
27984
26571
374
24403
12949
27119
2413
3969
28684
21700
14212
12477
9237
8888
31677
5394
12890
23386
26557
20124
20312
24778
5749
2205
17691
12654
14081
30414
30024
29159
16080
20211
15457
21316
1798
178
6725
10613
22814
8101
17398
17922
11988
13230
671
27389
10562
25483
982
27189
841
11690
32542
17580
818
9022
21680
24139
12181
22930
2427
6613
19322
1437
17513
28954
23999
30168
12516
23917
18362
24140
27289
9303
12062
10991
22139
23693
16163
19504
3339
16160
1249
12753
14807
6388
27389
26613
5185
28787
6280
2682
21890
13186
14116
648
20463
436
25705
17002
2938
26302
21127
29597
2939
6444
23596
19239
8625
4434
4008
30762
29315
3204
30031
24761
3724
20618
5406
8426
17751
17230
32674
45
5479
10968
24086
20700
23931
10620
19916
28179
13072
19026
2766
19393
550
12775
11716
19711
23111
18226
280
21665
3270
26826
12633
17419
69
598
23773
23623
23929
5700
18091
13652
31026
4030
12439
16320
8085
28889
8367
1145
9388
12560
5590
5856
24098
24562
28591
27935
27207
24599
3517
4796
26714
20056
27080
26991
1544
26943
12674
27697
1584
3261
9066
10390
9449
5659
13041
25180
31942
17459
14299
5444
20825
26592
11497
18720
25333
30899
16821
27694
12216
25064
17373
10148
17865
7064
9059
25228
2783
25648
5716
26322
7427
11809
8104
23708
12438
5593
32106
4057
3989
29683
16921
13341
7708
24490
7501
6828
2089
13716
6045
3797
31907
30349
17857
19585
6555
4848
14068
17675
28113
30222
8860
9810
13178
26072
6445
22541
10304
2783
15435
25439
9867
13439
16943
30892
25599
11606
18507
1962
31046
13307
14641
7611
5903
27629
18865
32378
3158
23242
20801
10899
486
17858
419
18649
3869
842
16833
9618
3056
5397
12252
15381
17454
7744
3813
32408
28681
2509
9003
20547
5586
30034
16951
25993
14596
13298
6644
32439
31364
32141
29460
12493
3623
7732
29358
12430
10613
14816
7980
21459
20397
30819
11364
15652
7945
11678
21253
25993
834
20981
14133
30878
29015
24320
8824
14054
4235
25731
5332
21089
29868
27041
28979
31073
19867
28236
18696
921
12297
8448
2869
30071
23423
7345
6701
19892
8609
17154
3413
20777
21171
1719
8625
18660
21340
14957
7612
26235
16298
14216
11415
17056
16215
29038
29798
10742
28491
18675
27640
11299
1121
13331
13222
8487
2926
3559
30077
6380
27264
8914
4255
26909
1891
19708
5094
19772
14186
13569
19403
19695
23659
2794
26502
23707
21260
19292
31095
27700
5693
25871
22213
22612
15366
21122
6725
29066
12163
31725
20125
3572
19501
30072
937
22800
15962
28074
21277
21967
19720
24612
6252
18155
28886
24719
24553
29051
23635
4563
20780
28101
22907
7561
6328
31315
8319
16308
5339
1353
3013
15019
18901
24565
19760
18266
24892
20648
2209
21930
14494
30404
30654
12606
17257
13591
31474
24160
17416
5735
15284
17211
8271
24654
17421
29002
21785
18505
12116
8976
19759
32523
22589
16906
8044
1559
10258
2274
30751
909
27455
5605
12721
2116
20244
439
24712
31770
27847
20037
22058
9352
1464
16892
24486
31098
21753
825
17200
15453
6670
2048
16651
1401
16625
11760
7084
15233
19290
3702
27420
10600
24380
25410
16286
9847
7827
3831
22418
1181
11357
7719
27801
14598
742
21630
23546
29422
32585
6717
11844
5304
17972
24042
16949
17210
26091
15942
7899
32604
22928
4224
12537
32225
20897
5800
30636
12676
26050
31334
25678
15175
5053
24556
29083
13576
12231
9513
13842
2645
10757
8512
30110
21377
19790
30776
30326
26359
23347
22261
7490
5327
10556
11111
5247
16543
9077
11521
804
19860
22569
18797
5766
4289
28910
18814
25465
15798
15585
16998
25272
341
12339
10025
3207
16097
31973
3665
22422
9048
10447
32740
7977
771
17639
24467
13430
13643
10688
18228
8014
25294
23889
25970
20992
31154
1528
13507
21627
15417
3775
7835
10930
7574
24797
24288
31301
24832
22144
15261
13149
12036
19145
25850
16599
5407
27416
4460
934
9100
11659
10793
7538
7515
4289
7135
20101
28355
2276
8101
27368
23993
15846
4146
10953
10433
32522
8012
23072
2053
4007
32644
11155
17572
12585
22049
12950
23116
3672
2394
18646
22283
27613
16072
25304
28002
16897
7706
6109
27804
9145
11275
24842
4957
5856
20881
21445
28798
16835
25431
23394
17944
4578
15726
13823
8927
16373
18240
14508
9650
21806
29637
7888
8048
5566
4601
26824
1804
29850
397
3536
29668
29823
8156
1319
4686
6707
290
27246
18036
21519
18920
16721
29027
31418
15555
7274
3166
20279
20542
11106
3704
6690
24853
29786
20578
20534
21668
15497
25217
24595
16286
25638
2371
3390
25858
14728
21428
31850
8523
1932
76
21750
5608
25399
9227
7094
10475
31900
18377
10998
11525
30464
28615
27580
17842
3133
16777
13390
23473
32612
15336
28660
13751
8870
13667
29695
2404
29813
5302
9738
6262
6118
30638
22400
11837
11354
15419
31327
4431
18525
8135
4923
15740
7118
26822
3205
31236
32065
20110
20237
8200
26273
4969
17350
9535
9498
1257
8905
16106
16437
22140
13213
12554
23621
2624
25270
7632
7171
23577
20539
26965
17781
25344
15373
1419
11796
23710
29444
14964
12845
22297
8572
16017
15240
11566
12048
13214
6984
2176
1957
23420
15122
24111
30123
6511
26993
6573
29087
5001
17785
27085
2772
2150
3499
25629
19828
11546
22041
29302
18881
10088
27083
16081
8353
30773
23392
4444
14682
27195
2296
21710
1178
22786
5970
13559
28858
25612
10290
2971
29507
25168
20486
3968
19378
10731
3784
31174
25464
17
20518
5495
28485
17737
14049
27999
13702
12762
14195
3102
7725
13952
17908
635
28592
21860
6974
10235
23892
1867
21840
18867
19115
270
30448
15194
26715
27978
2709
32418
3618
28248
27779
29896
30231
31872
56
20074
15667
29801
21767
11674
19727
27092
32259
11824
4847
4746
8478
18532
10240
23955
402
16796
20190
2729
2432
8066
27225
21997
5847
20826
20857
3032
3960
915
9408
6515
152
20891
2222
27851
19813
18936
27019
14751
12524
30869
11360
30301
5946
27481
28999
9549
4545
25854
19172
15883
27390
12833
3892
19258
7513
21653
9605
4215
12621
30973
30150
19596
18120
27290
23809
27622
19925
31073
19238
16202
12920
1617
28170
2755
32729
10755
3503
223
16037
10627
32198
32282
4786
11614
18546
6299
23522
28412
30287
22558
24137
20528
6067
10802
13714
4366
29492
26276
6046
6141
32106
30779
10863
13
32246
32165
28997
24970
1474
30386
5382
2257
6795
20928
3043
3938
15261
28023
25657
2871
9182
25270
14005
18516
27918
10956
956
16544
30797
30188
10
17907
16350
17883
5273
4720
30250
8428
5572
13077
5640
28974
30124
144
18491
25572
30171
6740
16956
23861
7207
6125
571
21541
28377
25744
3168
10948
15375
30967
3414
22181
28767
26476
1546
28050
16573
28195
25776
27262
11167
972
12040
16059
5471
4713
8671
878
992
21597
27096
24383
15732
1990
22892
29781
20221
27661
16432
27265
15699
15804
18262
27065
26086
9359
30583
6345
21157
18381
19344
29765
1310
31960
30026
4546
31974
17411
13950
9029
32059
1957
29688
20220
21992
20844
25979
12076
13161
27123
1798
3691
14928
5782
12118
13327
29159
27013
28588
21734
16919
22551
8400
31784
2184
2913
16726
169
2314
7944
2336
23123
15668
16979
22052
27604
18250
28548
22127
5268
3172
11625
4970
7914
14797
3886
16989
24207
14762
26229
32305
4947
23260
23464
20090
25614
12327
24718
8117
1498
27283
12573
4301
25471
13074
22160
14821
22831
18276
24761
20561
22644
24120
18839
19429
2150
5780
14123
29043
13857
30326
3976
26255
10614
15548
4906
12949
12769
2625
29064
20718
32699
9801
3052
14478
7601
25119
23171
31937
7797
24572
10160
27432
21171
16683
5542
19198
6983
32619
8758
8608
11181
30101
7397
8269
20665
23422
17218
7978
3976
14623
30583
18825
12470
5363
17693
24426
3025
24993
10325
12354
9998
28379
19220
13052
32571
24966
11454
24382
3061
30491
26615
11245
21531
6221
2742
22259
9859
32492
13466
23104
19179
29449
28546
12814
16178
25435
30296
22634
21704
23777
24109
6640
16995
9673
21899
10198
32243
32657
28166
2860
29401
21612
9237
23905
26707
21479
6432
27146
11323
17100
13274
7647
22002
582
6865
26374
13719
4679
15684
27285
17276
4903
24116
13138
9178
2702
21949
15805
4803
28563
31911
1360
19545
16933
30265
30469
17726
12714
19533
27929
18251
5863
4522
6159
18053
17696
32397
30969
588
30336
15241
20723
18134
22459
20113
10736
25308
30449
24148
23737
9619
6614
16329
14386
30942
16144
522
11743
27586
20192
27749
10152
16666
16133
8880
27353
22156
11741
25566
11373
30651
14542
5840
14988
29118
4580
6509
24402
31442
6331
1525
24786
16971
31392
25234
16987
15569
7667
28465
11002
200
23759
1423
5439
18192
21230
16279
11332
25583
17094
22507
31212
19531
22008
30913
19049
31517
15595
27888
26881
19234
29108
26442
6673
6356
8762
21549
30290
16536
1431
26965
2907
19769
8385
26612
25959
27285
15977
17669
26201
28822
7715
11229
3581
6756
7880
3843
6033
15833
26648
15169
4228
5942
22436
8443
19581
32020
13548
18368
23199
4253
28868
8223
24588
15867
29692
10172
31655
8465
16703
5027
5919
8809
28220
29915
18729
24686
14340
2879
11532
14556
14003
14985
21347
1652
29779
21936
12318
26356
27389
13428
10699
7494
11841
18230
11796
25592
17353
7438
28552
17388
28472
4120
12446
17233
30040
3086
16374
209
6773
8988
2531
3852
24580
25839
25383
9286
17801
11280
28925
29276
4279
21872
21085
15101
24792
5700
28283
29718
4463
25618
3217
4238
12316
8972
6366
16692
2497
3742
15086
16886
4835
4163
8477
1875
12115
30876
9559
24595
7437
20163
12065
24373
1632
10717
30429
8745
32591
18670
3657
18239
29240
23794
21066
10336
16307
14633
10728
11772
5565
23986
13977
20035
16918
4187
22978
3224
999
30648
13179
3394
8360
27762
32403
4453
16449
29922
28115
28465
21615
7902
28295
23130
3946
11219
29755
4296
11717
17172
12739
16271
6037
7794
25470
13345
7381
25869
3803
11715
20745
10346
23323
25405
18978
14277
26457
4310
18082
15784
16840
8831
32512
23484
25661
20047
9806
14560
23021
13103
24089
13688
29303
20439
8593
14855
9765
26105
27625
21505
3950
7611
7681
5338
7616
32107
26435
26467
25981
2414
13771
20310
12612
8314
29130
18223
14449
26630
2092
12350
7911
23806
2168
2299
8717
23738
23032
23961
5910
14897
19483
9950
7814
13162
1559
2865
12529
23348
6610
13813
26886
19223
15875
14613
11981
12682
29588
11488
10285
4198
6732
536
4785
16283
14506
14917
27276
2082
31508
31311
730
27443
11825
11084
29480
27063
14483
7575
32311
24576
22425
25122
22013
18872
9107
19981
24813
535
7976
23671
25720
21593
22005
25236
14548
28784
20087
18943
27132
6134
21291
17746
27128
5989
22259
13045
14430
24458
30908
8755
8985
21303
27230
11923
1129
7481
16067
9573
8747
8841
25420
10651
4699
25799
18544
18906
18647
26851
32167
15569
12901
30238
17542
14282
248
16689
24363
4990
3375
22475
7643
13102
28959
24641
28650
25071
16466
385
31707
6726
271
1865
713
27636
19164
5782
4870
29715
11842
1630
19969
7010
18896
12417
17773
3806
12387
20222
13215
9874
1188
14690
4920
11951
28113
5767
23045
18143
18881
22138
23331
19415
16418
2237
5223
32555
6918
25263
27388
24935
2206
2632
6990
29275
10820
30985
24615
19382
5311
2867
5400
18903
9667
3896
22555
14047
21176
26991
28278
11275
21692
8203
28899
7489
21995
25422
749
17128
990
26106
6557
22013
11121
6665
5462
21091
16842
9629
13054
13179
32407
9274
6238
24309
27542
2099
32716
12774
3419
12386
18183
25626
2382
1564
25954
13739
27891
14180
3365
6866
31342
24927
31792
23038
7750
16137
16353
20515
29289
12325
28728
20309
29296
11386
9785
19349
17701
30524
12690
18923
16194
9929
20862
17845
892
21654
29929
62
25536
2408
17877
28306
26557
14791
1020
14737
7330
26287
29367
1091
4649
13962
24094
27755
10452
6747
31601
31071
5494
21308
10423
27926
15862
27658
20388
11139
21328
31583
28608
11297
19676
16832
5062
10704
10451
30744
13898
1247
5647
25189
22943
2922
27410
31410
22264
7142
3658
18501
10445
22010
13204
14105
13441
19856
4862
911
22337
29741
31953
3680
14895
11389
28367
11478
12736
15411
3769
18748
11362
4112
11796
26515
29795
1600
15149
25222
18702
13037
17243
29856
4887
21263
27268
25021
14393
24961
31714
21694
21021
602
30727
17793
19582
14458
17439
31505
11915
6499
24182
32281
5004
29515
15418
3999
5833
6511
13441
30702
13991
19113
7309
16852
29461
26181
31055
13838
11046
25361
27179
11009
32255
15539
12539
31915
13044
19263
31574
16600
27886
14601
20754
2969
11536
2744
19463
22514
26778
28060
32022
26835
13837
16450
8811
13897
21904
2373
4862
15094
6290
20582
864
13759
27825
3551
1972
13252
3546
9205
30459
30357
9138
5837
5014
2723
20021
30336
7429
8692
26013
12145
12021
1819
29062
13535
4474
15464
6991
14774
24217
7004
8131
27563
8457
2143
1017
25735
20538
3765
4472
17859
19863
30895
23967
12886
18185
14366
24645
6859
8892
13069
23964
3990
22565
18608
10075
3496
23108
8855
31004
31041
30502
9767
29698
15110
20655
6731
32160
13139
21142
21863
1558
30674
18865
1934
31101
3917
115
29940
24710
8128
1203
13478
29789
17075
31406
18296
10708
29638
8528
6975
30653
19854
27567
20033
23703
2207
21465
18154
26478
28906
19151
29633
18428
17738
27089
18330
10772
13657
18652
17932
24641
29064
7794
13349
8618
367
3225
16733
24376
21601
16166
15561
29691
16452
16187
10897
13514
25247
8207
19876
9002
6133
26861
31146
18290
32082
24704
16699
30252
12323
7501
21582
1213
16458
32641
8948
12617
2162
30701
6214
16849
24736
16463
411
7838
24331
26835
30207
27619
6958
24281
20961
26270
10011
20729
6924
2239
13074
5188
24793
14476
3922
28365
27810
1860
47
27497
22137
17154
6245
6834
21018
24549
3500
25938
18463
31854
15245
21374
3955
1321
18547
28096
23305
15248
8453
6906
12238
9260
15795
8104
30428
8189
26255
8805
32752
13596
26975
22961
2078
19103
30192
18161
6339
23485
5293
8887
21180
26163
27503
24132
31189
6117
17559
24139
21636
32713
3163
21240
13272
17921
14429
20785
14252
12103
19842
4380
8992
28558
30721
30177
21834
4070
27066
17073
14888
27553
29386
8455
18393
2228
2140
23597
23565
20320
11713
30211
3515
25873
29636
30972
18194
11910
567
11113
15281
15666
24530
2042
3866
11234
27710
8065
16228
11937
16492
18426
10289
23000
26923
15561
12768
25786
12282
5186
260
27359
26138
11886
14868
28975
26088
268
11620
12802
15978
25815
32595
29830
15656
18439
8390
29536
19005
27162
11222
5782
19117
1236
30918
1196
31993
1669
32568
20237
1009
16778
22432
15789
5066
13590
28920
32237
30064
21299
20150
14527
21533
26627
25339
21514
2347
1612
22797
25424
23079
7475
25607
2958
23846
6984
26063
24163
30556
17091
585
28789
10730
4877
29386
12049
8440
27523
11728
14609
14596
19318
14064
16131
28281
21366
11023
11911
27524
27600
23765
11513
10275
13397
5471
9552
20607
8541
19764
27974
25979
27148
29051
17850
19341
11220
2411
14930
15309
26427
20482
9316
19275
14815
5626
21783
31910
31159
32761
10949
4058
5531
29960
5540
1114
24327
20806
20390
351
8476
12509
19357
6271
10471
26422
8099
5761
8934
30313
28345
22128
29128
6904
5550
19182
25205
16316
8003
12747
24910
28191
17292
9686
5302
3724
30361
755
209
3364
19030
20590
6283
14003
10160
9615
24541
25058
8953
15471
844
14510
28558
9993
2226
13848
14007
23188
32064
11294
21966
1297
17604
26091
18340
24864
28200
14923
15648
31767
12603
8801
10537
8789
31157
10396
17350
26068
9077
17383
18564
29438
19468
29472
29721
10178
23935
11468
1350
8422
13897
30473
17666
12703
4768
15299
22996
31071
6905
11563
27265
3054
15310
20069
21479
24508
10911
29825
30249
30326
15415
21421
23820
29655
28720
27817
18337
5825
21945
28283
21285
18572
11671
24675
19749
13982
28010
10257
28901
10811
2098
16406
5123
4767
8209
12953
1624
30026
1363
11339
10527
14492
9899
15261
345
31905
22207
4144
18800
30254
2791
20108
17946
45
30514
19478
25216
22325
11179
18236
22432
13150
5850
28659
25327
13395
4493
21603
20547
21416
22488
1504
23281
20846
4954
2589
10802
20229
23234
27804
27852
3122
19090
1129
22510
31345
6947
16904
3419
6797
22505
6572
11466
22637
7161
23978
5261
22833
30664
7468
5490
28542
25654
23338
7655
10773
26315
12694
8289
12459
19264
13527
14590
25333
5697
11129
22121
28162
5489
28195
27134
19405
12463
969
25390
24851
24728
20002
31269
11618
28236
23133
3499
16755
24693
10768
6216
28601
14726
2161
172
27450
27457
16328
18765
18590
9084
17188
25426
5509
22052
8269
10416
31262
10370
19963
16787
6390
8637
10821
30975
8461
17569
15708
17591
17967
30366
5241
1118
4993
22548
18708
15324
19547
29134
2135
19715
20309
23500
11986
29811
12197
16709
19568
3514
30888
26092
9386
25280
20414
4211
32506
2659
26715
32333
23443
6750
32347
17593
24655
12399
19094
17148
4585
5817
9653
2541
11628
1895
19780
23735
13803
21394
32520
11995
2675
29028
24210
17268
6206
13694
22804
20927
32041
15256
31604
21210
11880
16999
28319
23756
30585
32452
3616
11974
25942
10762
19697
21161
29167
20416
23696
30663
983
7800
19030
27374
5694
16374
1797
20387
7455
31893
3232
32427
31162
11751
5759
11728
4933
17564
8098
17633
26591
26021
6982
1019
10693
25241
7094
24327
15560
4439
23396
12932
10239
18157
23608
13703
20409
31160
4392
19711
2997
20173
17929
9278
28054
5784
14756
11957
19345
31939
7693
30463
25449
28505
29488
24354
10653
300
28589
13841
6368
19316
27622
18037
5577
4792
853
17068
15052
13042
24612
12818
8297
5870
25847
17280
30115
16115
10509
10515
31924
6821
31367
24879
16383
14890
23303
4291
4934
6796
10877
21198
13597
4446
29758
8482
9374
7075
4695
14952
32607
5099
6944
10596
31649
5055
19732
20858
21194
1087
27871
9329
12310
8714
18873
25976
30601
30814
23539
7526
31016
6017
12751
9286
25704
2655
7829
25619
4071
20340
24547
14528
26970
22764
11589
4475
8646
22537
26117
14131
27124
22470
20805
23640
21279
27322
9290
23010
10223
28734
17179
15764
20907
13522
28491
3458
7594
29117
22803
25809
30474
28660
18084
19902
26789
21053
17850
31969
31553
19092
7029
20915
17415
16078
26213
16463
14135
8316
9955
2165
4889
31762
8616
24020
30519
841
20632
25993
31689
5825
21983
11491
23921
4843
9535
32105
4392
25638
22440
12830
21624
9768
23818
29187
3565
21152
103
29662
4550
17177
29228
12090
7919
2594
19649
7855
10292
26540
18271
30563
15791
23731
2850
31185
10882
8737
24159
16329
6860
1775
6711
11192
24021
31117
7788
23850
6284
16516
14196
20109
31796
9818
10956
56
21850
7349
23951
21676
1802
6852
18759
537
17986
15067
13059
15652
10663
23389
22698
231
24951
18143
2190
6201
11199
10122
22340
19504
22734
18881
26548
23525
29673
29188
31084
8567
25664
18965
12602
2131
6689
10585
20473
14514
7276
15488
19371
7267
2631
20585
32456
8394
25874
17471
25046
23081
13982
26345
826
27678
26521
17313
12622
23405
23117
8674
2739
11520
7563
15496
26857
30252
19425
29747
22812
16950
27411
236
5953
28950
24521
26379
16226
29562
18822
13143
10550
2062
23257
17008
8693
24059
471
5994
30826
16557
29896
1467
3914
12506
30497
12887
27076
3776
27315
12313
26201
14766
289
15205
7150
18629
8599
22796
3360
16640
22201
23663
9687
27762
22746
6376
14110
14031
2159
16997
25906
13102
27843
16726
15320
12045
2796
32202
23796
30358
10493
26068
32088
11809
20861
13108
9178
25849
11032
13363
24233
17763
30869
7119
25313
1500
21768
7448
19036
32675
73
21978
25548
3703
20388
19580
18694
7586
5842
1320
12193
1590
7464
29229
10176
8855
29455
17313
15660
15161
15284
23114
11942
12459
16129
25023
12155
1749
22475
21962
26456
13694
4685
30481
9312
25105
3797
29429
29564
26272
31933
17083
4850
18985
16797
1513
29498
3608
8383
23539
14861
29966
30419
279
31678
9953
24036
12934
7885
21988
19851
7620
7610
18792
2915
24401
6935
29058
32700
21641
31713
26639
17044
17609
31760
758
29891
9683
29037
23469
14709
32628
12452
28671
25565
12900
18586
16396
11560
9837
2048
3473
1712
9167
297
8297
23667
23524
24
13396
23491
25856
9950
29688
4671
11675
9251
9509
30977
10930
14338
27229
16409
17770
31514
15764
28218
19447
7137
2100
10420
27068
1596
31844
14242
27315
10573
5002
6757
19984
20364
22030
16465
27681
15642
20578
14757
13177
2130
22847
29889
16717
24736
3377
23443
22814
14230
9045
25939
32664
60
32609
28784
15547
30888
9446
30922
18744
12751
28626
32289
11038
18843
13881
11981
1461
2878
14165
10928
8362
27077
31691
29290
27245
2288
2863
22219
31192
18497
6859
31886
21265
1107
6556
18500
29617
621
15774
18062
27174
14935
30282
25743
31830
29292
26716
3233
8580
25073
22233
31559
21368
19877
7505
24676
31450
21145
8033
8362
31456
21314
20861
19284
8233
15053
16108
6168
30440
2738
12564
343
19524
26252
23544
20120
24319
4648
13311
9012
854
5596
20727
25938
15913
32026
601
4374
7004
25412
30927
19478
17277
17090
10483
19726
5287
14931
19290
27604
17062
15520
7633
28046
16987
24087
18918
24866
1122
13558
5291
8174
17139
32678
15286
18106
26374
1355
9068
15082
18619
25753
14976
4088
20216
17641
14006
24866
12884
7564
3821
29536
26420
1887
22108
13209
29491
19615
23836
25878
12744
11007
14822
5175
19491
31736
8479
8549
26711
14177
11537
30791
21438
1087
31612
18233
11417
19422
17485
19194
20216
801
19885
676
2266
7702
24893
24546
22932
25037
9888
18269
16503
2155
1851
30071
24237
27514
32568
6972
28772
10371
32721
18325
24879
29663
18123
28863
32680
3530
20288
12796
5211
3513
16290
4489
24543
30702
30973
25295
17478
20809
11132
6365
7608
9569
5167
7446
3674
13011
18443
32295
16756
12762
12339
2877
27092
26912
7030
12148
32621
1236
2328
8594
68
25597
4309
15349
14477
20494
3107
4298
22032
21178
25784
3712
19154
7689
11340
18556
17138
15020
24992
14351
12753
28814
1727
2469
14965
7595
27779
19007
30512
28453
22364
2339
25724
12436
24909
16849
29482
9630
15671
8762
1468
8649
16218
301
23823
21132
20249
6418
14397
28588
9725
23258
11201
17862
32765
27958
29660
20263
8445
11271
17976
20196
21396
15382
26316
8744
17682
1798
1023
15304
25282
13191
7696
32285
7276
28108
32181
26386
12318
5182
32258
17020
25388
7282
11661
22186
19574
17496
2768
16189
5097
25526
24526
27194
19273
29141
250
27486
17453
4987
29524
6578
1867
17688
15829
11103
20725
30020
27149
17346
14052
9065
30731
10179
23349
22205
18813
3171
20657
372
18456
13205
5201
9267
19258
19279
16385
17863
206
17120
23205
4887
23921
2692
26970
15191
22482
28982
9726
23679
29535
5317
32498
5116
24094
6186
17438
1957
9688
5145
9526
31472
18557
30166
25916
17510
9156
16458
26439
14164
2066
25430
30850
21956
29341
7527
31607
24235
13009
6987
22670
3172
32499
19011
22480
5981
15364
4185
18417
20753
31976
24307
5774
27446
31943
21417
15795
16183
6324
23380
10912
10724
3212
2919
461
20329
30497
9603
25643
23420
27032
31045
6573
4571
1552
6243
17671
17142
29061
4343
1206
30952
7411
8730
9536
28844
10686
7861
18621
13198
27985
29332
10134
25823
22533
32188
20109
6125
17221
14847
32253
16947
27377
24269
3683
7628
5631
30541
32286
4142
12904
7852
3187
26900
26690
22198
1492
3516
26665
11427
9570
25683
30948
8243
12208
5038
2118
253
10954
27450
17233
13827
22390
1846
31138
9099
20409
1311
20489
9002
28317
23660
1655
16930
25906
12156
21789
14830
8403
10445
9426
22298
26282
14446
9909
16984
18551
17847
3860
24529
22156
10551
30605
14521
13084
750
11379
8998
27318
16572
26996
7202
13837
26906
18808
2046
2298
32264
28107
19690
4804
3142
8319
31683
5022
15047
30220
31532
11121
28259
12858
26848
1500
21964
29761
9543
1914
29123
28206
15687
24675
28044
11144
9820
10229
23455
11060
235
26068
10912
20630
21715
11311
26257
28665
31814
10053
6727
31281
12503
17960
25882
2942
28371
24769
6369
25012
8917
32533
29726
32153
21909
9670
19573
29583
18945
19421
15715
12147
16783
24006
12076
12228
23249
29084
18965
31752
15946
4264
10708
23147
3456
14884
25925
2218
18514
836
15966
31791
7308
30839
3685
28030
21433
9194
16992
13007
21304
23885
31694
11772
25234
18139
10644
20894
11275
7060
11578
371
11127
13005
24663
20996
32591
23787
3658
27524
20484
32108
13867
5114
16787
1575
10498
9379
9050
14292
22582
28305
21034
19406
26696
21145
157
27416
23488
4204
22954
5790
27240
4356
12662
25790
22713
12354
14445
14343
25491
18901
25746
21313
5169
3421
1299
28333
4187
24016
13345
12942
15069
16413
6910
15079
14393
7440
15448
2183
11161
23158
14549
835
16391
3969
16879
29059
20960
22638
12034
2304
19590
3428
26787
31947
4182
24736
7732
11410
29914
10191
31157
22815
15167
21691
17885
545
1289
24874
14954
20783
8965
12803
25269
13834
20607
13747
21129
6178
11958
16847
7477
16732
5261
29691
17120
26131
1667
6666
2077
28253
27365
25959
27584
25743
20035
28083
12015
11523
19488
18095
9084
27416
28653
11613
13426
14203
8761
4194
23789
2981
30242
30639
303
1701
27407
3936
24049
28448
30369
23012
503
5782
27366
19807
1511
486
3280
24652
30299
31509
28390
18791
9269
28747
25658
30410
20275
17438
8091
86
24259
29459
21259
6484
7448
12898
25460
17756
10365
27642
1174
21622
3817
15301
20804
27264
18388
21037
13264
5584
74
24543
12996
14618
27966
28367
30162
19603
6176
19580
5902
14934
22962
26997
5211
23047
30487
21020
29987
20407
5420
9386
30796
21000
30236
10355
24167
7058
13615
27244
9258
2949
29923
746
16672
14735
13118
26796
16031
256
14434
29980
15099
18220
21346
32210
11513
272
22868
10074
31622
15417
6824
21815
15785
12002
17080
23335
14007
4957
21919
21417
25286
21172
16463
16317
10083
17039
11998
21483
31880
31320
7457
5766
8648
926
21884
13106
13261
27063
20984
10148
13828
27818
13206
11689
25751
23372
17380
1642
25244
22696
13517
2798
6284
4260
4789
9696
22262
8162
7366
6803
4468
13029
30596
15683
17887
8309
28072
158
25535
836
13099
31874
18437
5841
24225
21001
8445
23437
3272
4291
20094
17981
25185
322
4708
32415
24638
30940
9535
29008
15773
6828
845
14573
15540
10714
1446
8824
11661
20764
7095
20734
4884
893
14577
17527
7791
23134
19138
18414
29837
5306
19141
2786
29186
7086
16694
27115
24850
12344
19368
10913
22027
9791
31738
11961
9689
20691
9095
25201
10964
951
24221
27183
19420
19996
29745
21348
31144
21168
24016
19639
5723
24791
3033
10592
31576
13112
14826
13265
4440
30588
26520
5020
11962
850
18787
19089
12314
23223
17896
3366
32548
27508
21337
31261
31658
8680
18731
30048
31477
15111
31246
10800
20825
30627
10786
30846
6668
5355
13672
20889
12601
11825
31351
18442
5199
27632
23920
22204
7327
9229
30515
9057
18470
20317
17619
16400
1191
30824
27464
12339
12542
1900
25444
13472
18608
4005
8713
8966
28102
460
4248
19595
17628
26590
27052
14259
22389
3614
19977
12676
28817
15709
9679
31208
10114
27257
8692
3922
3323
32548
29168
23972
11882
8166
442
21585
25479
4965
21492
10174
6701
12005
19554
16879
5226
27659
32417
9823
19666
3046
21782
19759
29976
27440
9252
14723
17119
27600
32162
20266
32461
6052
22668
11133
2529
24702
24824
1417
19719
8556
1100
22896
18154
17725
3503
25356
11274
13888
26301
11222
19726
31567
20607
12294
14171
9740
10394
24316
17381
30315
3782
31455
2117
22385
32386
7044
24077
6459
12551
22673
29784
3137
23418
24290
8101
25052
7525
29995
23525
30214
13160
13279
13522
26209
16940
29777
2179
6780
19865
15130
22589
8529
12361
8634
7053
2066
10044
898
18835
3621
17869
29105
3233
23149
26084
13021
21509
5579
26734
20884
14370
3812
23050
32324
25798
19237
20485
18520
32183
10501
4489
29348
12687
30602
24849
26371
28362
9999
31264
3390
28446
30532
5939
2352
3339
18038
5108
9256
6066
26129
32688
25999
6378
6243
13323
7883
16785
7074
17395
28258
28704
26161
22226
32355
1410
30751
17416
514
31783
26097
664
13954
30036
161
16673
27480
12477
16102
14865
21901
8789
19382
6165
12900
6757
24073
32468
32061
13275
15841
3036
15545
31973
6791
25564
11039
3519
5655
8213
15870
458
10814
12299
20756
1757
19011
896
30831
30431
26180
4258
15826
12182
13251
2692
19802
7354
24417
23499
21857
10318
3048
14762
7587
1328
17039
25360
6559
2030
14458
24607
31297
475
3457
21985
701
21090
26674
16950
9406
8859
4889
13329
10176
32540
32575
21476
24506
17426
20464
20569
14081
3984
21441
835
3945
11814
3794
25300
16045
13750
14929
4880
10769
17027
23871
11137
17733
2699
25207
1325
30861
15127
20460
9413
12831
21648
818
5407
9932
30868
5952
17894
1507
24137
22388
17041
9299
24817
25559
21905
25359
23743
27299
27599
21687
19945
6914
19541
26228
26111
13593
30795
4132
2939
23365
18214
20407
30617
2212
4892
29656
26217
20696
2523
31184
3362
19719
30074
680
19129
23078
4528
9102
18098
3192
16708
5499
29239
31825
14276
2066
8039
20512
27514
7114
8944
10156
25500
18255
13280
19614
14019
11302
32184
19520
19870
7824
6338
24196
15848
25778
23717
15944
20887
28914
16695
22232
3671
7076
16786
27317
20790
8166
30058
6037
21153
24520
21662
23466
9871
13233
22796
39
3324
18686
29354
3329
9881
21483
467
10738
25026
6327
19422
4292
13232
4099
7669
29900
29168
10876
4644
949
24595
30649
10929
25471
17832
13414
14252
20934
8295
931
15046
18504
18095
22439
15719
19106
3635
19881
19706
16730
19184
256
4492
1570
14946
6537
12949
1371
12023
6473
32277
6361
4036
11603
1507
32742
118
1516
10050
6281
17804
31214
12470
15880
14532
31082
6678
28843
25043
5009
737
10947
1881
5077
27349
1771
19476
31307
22718
7054
11348
21332
25485
12201
28591
12924
20905
11474
25333
21666
17034
29306
28263
11610
5763
28271
23587
25487
2271
7844
25315
365
12336
24629
18663
23421
22756
12198
13104
29458
28185
15980
29935
22501
25779
430
29501
19708
23723
7756
28940
13520
27817
22049
22366
2222
19414
23173
19893
24414
19947
10262
14026
18179
25999
20409
25985
30274
8415
20699
7709
6310
21582
26877
14256
14915
26543
31855
29142
5786
31120
31835
21155
20157
19658
28166
8410
19124
13398
30547
20064
18974
29026
5257
26352
26651
14244
23381
22287
5738
19439
28435
8003
21455
28932
2633
18304
8632
5802
16756
9955
32031
32513
25352
21411
24242
19987
6322
20292
1586
14252
11744
17165
5401
16236
8067
24765
15487
16154
22803
15226
574
10043
17108
11530
24917
11747
1369
6981
18826
24524
9798
12746
16980
18341
25178
25586
13559
8108
26796
19202
8689
16767
23348
13477
17813
18479
14478
30105
28662
6295
4859
21672
5126
17388
14505
8666
20991
30869
12596
19945
258
30012
13420
5621
31742
12837
32345
6009
13780
13502
9340
24702
22713
16760
20568
20494
29915
24534
817
23276
583
25795
18196
2178
14858
30505
28951
15387
2710
17087
22754
7762
11112
19747
10606
15050
5096
8488
12045
9760
22929
17521
18091
16414
14673
11071
21075
26162
20531
7815
22261
10782
18235
18504
10086
24816
30353
23067
16552
7733
17379
524
15212
28522
16388
8616
30421
27571
18393
31575
24703
27600
11381
18924
32192
32332
9859
30331
6701
27639
6372
24682
16224
24727
26266
27595
23033
3035
24549
18921
12259
20112
2731
12321
3033
18455
18973
28916
16936
22551
10648
11098
29366
26735
20169
1112
11331
4975
22293
7892
21743
31303
9272
17833
31740
24511
23596
31735
30934
23337
8268
26556
31568
14228
16313
19113
28977
21315
26877
32046
25839
4958
7918
8152
14778
16358
29909
30428
26812
23534
21968
9204
9120
19977
23413
12905
81
27903
30648
10609
4612
17604
30223
6332
4984
10154
6100
21322
1660
24533
20458
19583
27827
5359
24995
19321
32148
14878
26337
26785
32180
6195
380
2432
6984
18469
15332
20181
29669
12733
23816
10468
10123
25234
13174
1552
7394
20792
7107
20396
23235
24757
17965
10511
6906
14388
32639
9446
31307
17150
309
25807
27059
27813
3297
22307
17647
28034
22221
1810
12867
15202
994
13046
12148
29309
16072
7393
28694
19112
10319
18808
28942
27851
9998
8453
25935
15508
23114
9927
24551
27245
13337
14989
24383
25004
32454
6275
7582
26378
20856
2891
19184
31575
14351
1103
5062
22124
4687
3670
6557
3680
28224
20054
16483
16127
25044
1673
30007
17783
10187
20419
21105
25685
980
32003
17634
25520
12789
23880
5725
420
25900
20390
373
18179
6487
23960
12937
5190
15441
20376
23038
31434
29278
28653
13260
13881
31177
28613
10300
23109
29131
8835
27120
2205
2223
858
13603
17177
21812
14619
5170
11832
24371
3147
19803
22477
7041
889
24005
22005
24343
6606
9665
21068
3440
17382
10832
21857
1587
14046
4069
26215
5650
9647
12908
21293
28402
26810
32394
13392
27468
17316
28711
431
8403
15715
23082
19231
1623
16025
23427
26976
12521
27169
9583
15184
27712
25576
30455
17247
12891
31231
29114
14659
18024
25582
11245
25581
30437
3146
9120
20411
19205
6282
30531
13551
8021
8982
1896
8800
30111
23457
26059
16495
31758
441
13711
16445
3988
28060
24778
19227
15753
6990
18244
1602
2197
27624
19068
32453
29903
4403
23276
4547
7974
22389
27278
9441
25601
16779
26783
17143
22818
11064
10915
28938
7888
26045
26281
20347
19509
682
8912
23421
31493
16627
15882
25804
13920
20550
30240
2973
20730
24220
3831
23248
26233
9231
32529
21101
3102
24811
17750
30286
29864
519
19477
13593
2933
24406
32070
15218
19179
18617
27666
1902
21014
21783
14229
20554
32146
10160
2786
5725
1964
8110
24135
28491
29636
9725
24019
25212
18678
3421
6422
27084
24569
14518
24616
27268
18502
31659
29165
14986
2173
26993
24470
1492
15877
1506
18795
10274
24563
3277
22728
20205
10542
17297
7014
30618
28112
2282
9180
7668
24527
5898
4966
11993
1756
11244
28900
4915
28555
3045
28966
26411
21941
4732
5222
12697
19995
17787
15638
12222
13131
7750
9181
2357
22984
32108
19676
39
20325
31868
25141
29119
10738
4634
6094
15069
10522
15441
31826
21775
12172
9515
23417
16317
22361
30079
5514
2467
9629
18955
4126
3716
8546
32450
9254
15645
20929
17511
11567
31065
26442
13403
7653
28355
5287
22196
15830
26432
23163
20110
29817
31230
19088
8358
17775
9896
1586
18469
25096
12508
31702
3513
29705
20446
10240
21738
1453
1678
23907
21420
10985
14231
22601
26672
20468
18922
8501
256
20743
29035
711
19275
16226
28649
5857
7037
30607
25172
12040
17427
27882
28202
7181
20142
20065
25395
6380
19302
26745
9582
23796
10848
26769
29515
6440
21411
25963
23578
25830
28967
20712
31428
24006
7983
14099
18617
32453
30425
28257
7465
29347
9972
7480
11383
25993
3857
14509
7147
6639
4317
24722
32167
17597
2990
15536
18652
29872
13915
16209
8765
2304
19281
28930
2228
31552
15075
10646
14932
133
22498
23150
26000
17866
12910
19960
31402
19347
5387
118
12654
9425
22520
30209
5919
7430
32444
12749
14514
2473
21505
12974
15674
19148
30629
6363
1188
16124
4879
22771
7844
11881
10175
8253
11759
28999
11305
20020
2987
21875
27332
10051
16163
1882
22366
9421
7616
535
20146
1648
10037
19163
29756
2187
29177
31634
8780
25597
15354
24771
8282
31536
29584
11960
5017
22615
19631
4576
24014
24819
13922
7793
24163
25244
17524
25425
18871
23806
24944
9271
2745
11554
23757
32526
25269
32239
10594
154
15214
8688
24608
27741
24428
14935
23295
15292
3223
20290
31801
6238
5381
15678
30135
21973
529
7177
9416
11904
28077
669
22041
18351
1529
19561
1506
16649
28436
17378
28765
21291
30513
22074
1660
16786
20718
13423
6875
9147
18402
1416
23284
18824
9077
3612
26770
16102
11253
28947
10120
12973
1510
28080
5026
17608
22425
16080
13020
32661
27904
32620
30674
142
19904
14437
10360
5162
31112
31617
7435
18686
16033
12208
27463
15912
24263
29333
20955
12525
30264
13121
30746
3489
22794
27202
22003
1991
23233
4828
22563
32122
13345
18838
5289
10764
31553
13305
9082
27628
25057
5524
28535
8653
11773
13891
5020
25348
8355
32177
6266
5938
16129
26652
9703
12580
12738
14424
31988
4343
11931
2839
19999
20864
8224
12135
16330
1259
32733
26748
14572
9377
5794
31920
17415
14448
5918
13768
7770
30950
18095
13945
18263
28925
10361
18731
9303
25342
24246
3068
3213
29855
13900
7688
20792
26222
4261
12776
5661
23155
8123
10616
3637
28177
10354
7901
28835
11054
16171
32455
14824
5268
12950
6132
3418
20886
6343
17398
19155
15606
12941
3381
11430
23302
6399
30263
471
31502
26967
17951
22667
2030
25348
32372
11453
19460
11258
24100
28467
11344
12109
5577
30896
7894
18942
4394
15724
24644
14869
31237
21697
11477
1007
22540
10535
117
16858
29229
25698
8742
4575
21782
27642
32418
5599
8953
492
5698
14818
4236
23967
542
13483
13141
20761
21622
30352
1316
20083
22609
31368
16609
24970
29795
11654
31879
29176
13620
24581
9329
24899
17023
30180
15317
22867
17368
18549
1678
24362
30866
28369
30
32207
1760
24686
17395
7563
17978
9715
19177
23384
2307
3146
8721
29847
10600
3575
32433
6913
23947
26281
21387
17632
5857
1295
19298
19839
28888
20205
19643
31199
29374
27503
27361
13739
10462
1981
26667
7278
22764
18895
11649
8964
21923
25987
23325
30031
13740
2029
22159
23595
29122
3310
31236
16291
11796
13064
18631
6501
13034
16752
19720
27507
22668
21605
733
3868
27232
17345
29830
28715
17746
22478
27637
2142
13688
16474
23950
12057
22262
526
28715
4444
32288
19963
18019
26099
27359
30582
27916
12780
19286
31782
4862
12622
20933
21083
28186
14344
25005
29089
29067
7976
6197
18838
14668
4685
13260
6904
20202
20831
7952
26370
11148
14973
8942
26873
6960
12343
1035
19970
25911
12286
3939
7990
24100
11480
23089
4600
18081
601
14606
12934
7107
5070
12892
7375
15502
27579
28645
14213
2236
28552
29632
9586
23738
31607
5237
24847
3828
31449
1120
13907
21074
20610
26715
3785
8706
9082
16791
17381
6777
25589
11979
27544
25524
7301
18577
21282
4292
25487
7436
7208
6281
252
3791
12294
19390
7216
6906
32102
27701
1600
19110
13330
18788
29791
21380
29446
1569
16026
11200
7370
27562
30406
5420
17918
28136
27574
25498
29238
17653
27825
649
4873
16347
24866
32261
32101
13471
2194
4808
18725
12670
30420
2469
20198
21366
8319
25127
14358
26120
2978
4213
21837
12349
30898
21112
12001
4839
6087
24640
949
23593
7688
31652
10833
29753
20324
9001
2104
18277
20612
27686
4981
4436
21757
18469
4728
28047
32201
14731
3616
20799
31736
15228
10777
21049
19363
24825
22376
24375
6946
28491
5444
19816
12926
30629
13352
24364
28457
13317
20262
10264
10221
11099
28542
29249
3363
24813
3695
2231
22821
4858
26957
2895
25862
19613
23508
12198
30080
20213
13500
4962
21549
5507
14477
955
2298
31187
18101
24123
18394
14943
21720
28353
26295
26800
13415
28364
28590
710
22132
2550
9083
15290
453
3007
50
14242
12071
6796
8241
16053
4
9200
1362
11184
824
24105
9317
6520
15393
750
17629
5120
8181
10088
2249
20589
32089
21886
12550
12408
559
19029
29107
5396
21423
32279
27366
17489
27833
22772
6557
26241
13929
14695
21752
24217
3821
12219
11173
474
12947
4813
13723
29360
15142
21011
11787
8922
10619
10461
27027
16587
11591
5851
31926
5200
7987
16864
9865
3700
24883
9445
21422
4257
6419
12369
19846
12039
31059
16248
27043
29249
3124
1889
19836
23606
13587
25292
6757
13374
23542
8051
5566
24199
30565
12433
8554
17078
26747
27297
6275
1489
23868
11368
25675
7004
11561
6453
23910
29122
25618
18536
19783
15863
28460
3633
9193
10844
8291
16794
13759
27875
31729
9160
5613
2163
1072
19581
24760
15758
30636
16354
2619
28209
13693
4484
1372
30971
15316
14492
22271
20370
29907
31123
27002
19523
17826
2245
13384
2792
5055
19078
3073
18703
13461
21602
11913
4440
31569
5033
24456
13855
22769
15660
10523
24411
17053
27201
5322
12230
21051
1805
28857
17727
21822
30210
29986
6252
15806
3238
24066
32675
10702
19862
19731
22795
29962
971
2043
8190
2159
8989
26307
29106
23664
4613
1674
17689
24901
16551
5243
23045
16775
12560
17660
9104
13050
21692
19240
12731
18858
25435
25728
24149
313
3796
19677
16671
28791
14475
11946
12077
23347
3040
25423
18831
5713
8696
6128
24369
29213
4799
10840
9728
7903
5933
21040
3918
16304
8393
27253
15224
8075
2668
28457
20678
15527
17992
840
14738
7684
11560
4861
3501
10052
21241
26134
11006
24253
1162
14006
16748
22988
21136
8265
22015
17260
19949
31421
321
12551
22834
30192
27883
14732
13154
2404
21693
705
8185
3130
3758
14555
20524
2398
24133
9292
29043
9215
5959
20956
1349
8258
21394
251
26146
25655
16457
19541
7639
1292
17969
16552
28926
13440
4443
21970
17348
8859
15364
32303
15343
10140
8377
16417
17439
18996
6079
3568
21587
30193
9137
20437
9136
30205
20843
21585
10110
2056
20263
6851
884
7043
32486
11322
20277
4367
2066
30344
21786
3637
11361
23960
11826
14679
25596
30465
24455
29158
1249
9178
23715
22742
31109
31953
4947
15695
19134
17527
25771
16806
225
21470
12106
19595
8231
13670
20192
6788
17494
25044
13549
922
8093
21412
32459
18769
24767
25761
11502
222
17524
10674
24427
28053
22028
16631
15287
24481
9045
17940
24497
27383
26559
24781
1507
2701
29374
8660
16133
966
19824
8670
25795
7729
25472
5884
10689
884
13130
21545
27355
23427
18751
26399
9649
30998
2699
18544
14435
10841
4854
20945
20121
485
10760
28345
8135
11247
4977
15147
25263
9151
16040
1231
6695
23908
6609
25160
7964
14247
3044
21698
3031
19005
23052
10186
27775
25665
31821
867
22751
20193
9578
25686
23402
10327
518
28361
18812
27419
29449
20243
28899
30038
18245
7375
16030
9370
14426
29743
17124
22993
11990
14740
13929
31092
4513
15195
25820
15358
9369
9721
8372
25247
14969
32330
9260
9268
15871
5670
908
26231
22094
12086
5291
6003
10897
16389
28594
15164
2273
3930
27938
476
29801
6598
17689
31120
24263
30073
13265
12597
4278
10329
18281
24317
1514
9302
15080
24422
16444
24055
639
8301
22023
12601
27918
19710
16338
2202
32490
19632
10543
31345
27102
27567
18658
20608
18031
16121
1094
11724
29284
6350
25069
18093
14470
8545
3975
24353
9637
26580
32517
869
11995
32611
24318
11975
3349
31968
29265
21686
29134
26719
2828
27
31006
30514
11404
31980
31988
8728
6374
16381
11679
27569
19846
282
5012
27445
13078
15188
24171
28518
1186
1944
9514
19907
12793
1414
31686
12799
16726
18047
487
433
29759
28416
20204
10317
13230
559
24367
24403
1903
2996
26250
18118
7369
7114
11290
25056
8288
18838
21314
19460
28506
12215
13811
14836
25537
5918
13355
6980
16424
17440
7356
28687
32402
6601
4943
9960
1679
1908
6056
5907
3752
29848
4652
27382
11517
7909
2464
3786
23341
7824
26163
30614
29046
1259
26047
22110
23838
18744
9548
2967
5649
30655
25558
28383
6091
22302
25168
16107
24952
30689
1256
19905
16730
25170
6541
15655
28524
22162
26542
24411
15173
21225
27973
4100
20798
21595
27925
6505
23255
1404
12847
31201
32343
20357
11451
7562
435
422
19445
24638
5297
670
14710
27587
1613
16522
22965
17986
26972
21242
13773
9467
27759
842
12929
22326
26874
12080
14461
23933
28086
14737
12766
264
18499
32153
245
32633
21010
30730
21576
7882
1154
6868
31706
15747
6217
32487
9133
13104
13334
26693
6020
5394
28277
20571
29677
13077
9970
27281
26751
24834
31361
22304
28513
24566
22301
30755
7692
31763
29360
7410
29521
12917
10547
30635
18077
29543
1558
4369
15484
21719
31970
11930
25692
18696
5405
24259
25492
11655
3438
8103
20900
18016
14849
21456
10686
31121
8749
31053
30086
24255
8532
22276
5399
30504
3851
5194
18502
8665
12923
28337
23850
8225
1287
545
10204
15941
2096
22315
10107
29813
12981
11161
31859
5119
14590
10570
5119
21699
13498
32573
11501
22247
28616
4331
6562
27852
22099
12250
25437
16704
21570
4975
12992
11765
8655
772
8588
22065
17269
26170
22956
22984
16656
12176
9589
13384
22592
21813
21804
7283
11790
19483
7624
30706
17362
14669
21754
14151
13140
19842
11883
11780
30257
32498
24133
15162
15488
5480
17652
22069
5814
15513
2094
21350
30407
4276
15664
30113
19598
22842
2123
8073
16751
26128
21920
14664
22331
17107
3880
7811
28243
13419
29687
10380
30481
13539
29889
10458
21091
24951
14749
26551
9657
3823
13577
31545
9762
30764
26670
2675
7857
15105
15462
20716
13862
5956
5628
30289
14282
9252
1075
3686
25499
28604
12937
21826
2473
15593
32572
31676
29888
21337
23310
6177
26695
5605
22085
3880
13672
21281
32503
2343
11122
1073
29828
18310
26491
28126
21604
28276
18249
22505
25635
5850
883
20126
7337
15501
13507
8877
31423
23752
18655
6966
14543
22745
10792
3619
21995
28954
7907
21178
3601
27683
9111
17010
10158
15934
17589
15366
14944
17692
15230
23753
21248
27590
21026
25657
6368
19157
21285
30166
22609
6374
2055
11573
5737
32585
2852
14416
4611
9977
28889
27680
22022
4561
3048
1902
16619
5116
20766
6118
9593
430
7731
13677
26835
25873
26609
1972
16821
20611
5016
18957
31995
8446
32642
16766
27491
17623
32515
22804
23699
23212
19859
22650
19294
15512
15663
26826
8003
19368
9212
23459
10038
3987
19758
26748
12708
32421
28968
21560
26033
509
30948
14074
16836
2552
4246
21562
25413
18157
19852
14617
31653
23067
27481
5361
5791
4831
25650
49
5566
3115
26776
9576
1312
15923
31288
159
11641
22633
11791
10476
1882
30636
22993
22596
29620
3260
12428
9617
23960
1778
4744
9476
10560
5934
5235
25261
5203
7952
442
27465
27493
8299
24122
22363
14525
16630
11032
3198
20572
13893
29421
10489
23867
11768
24871
19860
21459
1587
26796
14762
28130
27214
15808
28032
4973
10189
10024
18133
21761
20370
27279
19386
23359
30545
22570
6052
28568
12101
14744
7872
596
33
10252
15238
20953
1354
3501
14993
5930
30531
22077
22702
23470
14952
4857
26419
23603
17888
5569
2706
7474
30413
18297
18221
5204
9157
15791
20588
2870
1158
21374
19981
8041
16869
18866
3004
958
16904
12844
18148
26304
1237
10889
3780
8833
9386
10750
27333
6554
20303
26246
15115
25965
19241
5440
1866
14765
23728
2578
12251
8481
8227
31379
13583
30628
11130
26664
2243
17777
3228
30061
7732
24477
30674
10966
11285
29157
14971
28310
21727
21930
17922
13247
10601
23098
26382
9387
14776
25169
31992
19612
10264
31456
17794
1183
29291
20236
4294
10166
26050
7546
29036
21045
28714
4810
15648
12397
17609
11617
28995
8328
1577
3692
20449
11188
27347
23585
18660
6788
4128
6472
903
10386
28492
5627
7181
7018
10444
23978
27058
16547
6625
18018
24802
5967
28782
1358
26025
10390
12551
27774
8811
21405
25418
13799
14037
4269
22642
32683
21267
28561
16425
23963
4931
21823
32670
9210
12074
15547
32472
20356
21030
32569
24650
11951
12132
26498
22183
12337
9811
5272
3319
31426
2905
28573
21739
12835
26820
14577
3949
3423
19459
28827
892
8785
29462
7658
5943
2662
28227
14939
7991
17573
2571
17342
14370
30956
5468
14741
24189
124
22536
2493
14530
22455
19830
12368
18355
23849
30616
3785
28909
454
24092
15977
6080
20082
3559
25050
14398
25287
11455
14867
14482
20754
30023
635
25748
31646
12081
22609
18330
22326
30639
12619
22672
14053
28202
9597
11339
1280
6455
4221
8730
3430
6087
19909
16030
15623
29341
5208
10460
31395
8710
13737
32145
31956
7108
17336
27845
16719
32075
25214
21923
2407
9776
18571
21640
32723
22238
13038
30554
27568
10123
20565
3099
5322
27498
26485
15806
15639
21538
15532
29497
21380
27008
31461
9435
17396
10600
9149
7136
2182
25618
19172
20547
24599
10355
8389
22739
19977
21752
4201
8585
18242
8314
29848
23577
12407
12143
10306
24263
4522
2397
30238
25980
8945
661
11153
26905
5754
28189
21201
267
17356
11246
22602
800
6223
26463
8001
21912
28943
6626
18871
10112
16829
9710
14224
827
11511
7740
244
28514
29128
3382
28662
4558
21107
20653
15731
2290
22636
24010
5437
28526
6568
327
9593
15842
25366
28638
15686
32512
27758
15106
16032
2534
31017
32206
26499
13994
2768
22075
13907
16694
2170
32405
28027
20054
32657
6960
31317
18191
25044
4183
17226
32307
25762
29829
8506
21554
25973
29400
2077
19763
30637
12738
8939
19811
32655
4610
26298
28557
32397
22994
24870
10732
29895
8290
17910
13629
31699
3462
32765
27159
32441
16811
18749
2175
13122
31248
3667
7608
14451
17715
8463
31832
32340
23433
32354
31393
23286
28785
11133
27405
28851
3947
28215
811
18872
22917
25775
9386
19649
14103
16435
15539
28452
20912
10081
11645
18449
27216
908
30235
26904
24536
15714
3224
8171
31166
11467
7749
1382
19205
16404
10834
32204
16749
7756
10908
3668
13543
18670
16070
11236
2891
193
3467
26396
17485
29181
20562
6550
430
27567
15619
30828
24495
9822
16922
12283
12747
24047
18682
27879
30629
17094
29315
30304
7744
1582
486
15779
24942
1531
27064
1731
24971
23406
12102
3753
16746
20824
6185
21081
24720
1410
22042
23416
1440
14669
9479
13835
3351
5526
3942
29570
28729
26076
19657
24309
14412
3749
28338
18093
12803
17181
20393
32486
30013
15873
30861
467
5360
443
28712
20707
2911
25551
10501
31555
13972
26485
390
28068
30986
11143
2609
28478
21162
28574
1611
28693
1528
29817
23208
3195
7567
15262
24257
27094
26059
27203
17415
20643
11973
21358
1911
10171
27268
27996
8559
13525
31601
13856
26560
17997
18188
19340
22020
10788
24798
14932
12338
5703
25006
18545
13167
26132
16120
16068
18727
20762
13979
30204
28765
32544
8914
10937
20799
7529
19045
23793
12030
22839
289
16020
11228
25486
11397
30059
4999
25146
190
13382
8101
29204
2518
28502
27312
7808
21800
12248
1284
29242
20247
19187
24630
1363
10495
32740
1192
11382
23404
16728
17754
11632
6282
11801
26115
7407
17117
31981
26465
18826
15410
24508
28109
22530
8406
8688
30226
29896
17157
1569
19583
16063
31397
9970
31291
20290
7477
24374
7385
873
12800
32088
23596
27272
13974
17913
29277
32249
1916
2522
31290
1564
16675
21245
30673
20635
11543
27911
20286
7155
3961
19689
7617
23600
26799
7103
10516
15607
32602
26872
22779
1226
18056
18360
28444
15752
29740
23418
28945
17971
23499
6138
30908
12790
24951
14418
24282
6247
6401
12643
29659
15113
25963
9078
15090
9237
11420
3875
23400
8826
29527
20851
15413
18210
30062
11073
32209
18295
3635
22502
17992
26918
1328
30485
5005
23330
4888
19971
2064
8173
13053
9163
26002
27923
5058
15634
10808
9207
15828
15078
991
18385
16661
24812
3504
5368
32537
1723
3060
7517
26005
14467
6697
3672
11540
19186
32597
936
28652
26200
7322
2997
11633
19721
10763
16663
3432
24835
13758
7516
30655
11472
6434
26886
21627
29614
22675
27860
2033
3310
8492
18499
32569
3738
22749
4435
24800
2906
29885
8590
13789
26520
2465
13383
7878
2531
19181
14880
26948
27281
27562
1487
6597
18089
5593
13857
15728
31232
27655
318
6238
17569
18722
17712
1031
32626
12939
415
4602
1045
12396
7902
18130
19469
76
9772
357
2850
21985
20275
25150
18694
7717
1749
18254
15928
30892
21288
12254
30761
23348
14527
7368
2206
4990
1324
16615
17493
7004
8898
5580
21739
29452
22944
10418
8701
30148
8683
13236
21902
23694
27482
22334
32680
25430
32248
1986
7494
17473
22565
940
1650
32065
11742
26007
1963
5095
27967
9921
10889
19320
27718
9660
29092
322
9178
1383
2993
9008
7180
30749
16878
29853
28060
19244
9665
5478
31935
18057
16795
32579
20767
13506
20771
27991
12068
10035
17553
25093
22130
19069
4951
16134
2483
24372
8711
9144
17302
10968
16241
1465
15639
29959
32011
14261
10498
25840
26263
21116
18610
21259
23807
13400
15903
25352
6276
2717
16152
31237
5655
6529
3532
25859
29703
13870
23183
17307
477
10006
29403
2797
1925
24199
24981
13530
1966
17279
25746
28531
370
31937
23386
24752
30010
29224
4908
21094
12508
30780
5186
23155
9991
23043
21589
21307
21985
13594
29284
14425
238
23555
24498
15246
16948
12993
6670
9725
13981
14754
23382
22939
18844
14941
25150
1761
25619
19292
14414
27332
629
7515
6442
10470
30248
18226
24342
5646
22061
1007
6329
1750
25346
5928
11297
30371
25031
19344
11016
6874
12961
16327
15446
13905
9820
30071
16103
16644
22356
22172
2445
14346
2453
9507
27737
10695
22081
2231
22294
21090
9778
11992
18711
23673
16353
12589
28211
6676
27782
13851
3341
18904
30849
32662
10905
15486
4857
23607
1755
28291
20675
11919
22258
27168
22149
32444
24662
1404
28187
19001
22878
20769
2873
1531
13061
19116
850
1721
12269
10185
31929
17291
27812
19807
22791
9910
15655
18184
7868
24774
932
21188
9769
29150
25732
21742
3469
23885
31657
18543
14462
15201
30452
32561
24202
7552
14859
18135
27935
30836
28505
17835
16552
2311
10838
9175
30969
26320
32520
21721
27885
14668
13002
5425
333
17201
27212
28764
26356
14334
30939
25350
1073
4055
13538
28028
3437
19856
30129
10848
4366
27400
7806
15776
31387
24504
23209
12200
20768
30091
28485
2263
13524
24560
17875
16688
24569
18734
5200
22611
12036
18937
18035
10667
29694
32578
3120
20712
6442
12883
12672
12976
22248
18202
9060
32145
217
25797
17959
14139
11844
3216
228
10732
16824
4827
8777
17963
5107
11904
666
19641
17923
4707
1785
21701
32427
17739
27108
607
5896
11248
27903
303
31348
31061
22548
5991
15787
31063
26968
25846
12589
27014
6896
8959
29411
21557
25011
30601
17156
8653
18738
12664
8250
21607
4341
188
28417
8601
12040
32456
12368
24207
23479
6981
2940
29278
2709
16648
12121
17046
29891
18242
20130
19990
6254
759
15259
27173
20890
3250
26356
21950
28702
3702
17905
5930
28400
11767
25544
22485
12451
26378
8779
12890
25902
27227
28102
9952
31983
21598
26667
10665
19696
20616
20332
32744
18536
31934
9001
24275
29573
8462
19851
250
29544
3997
21360
9687
24434
16608
20424
12198
14270
15
15934
21367
9454
15319
22812
3969
25899
20304
3688
23481
2663
22318
20563
18595
28133
26427
17621
104
31996
13317
6289
24106
17176
1235
30974
3988
21761
478
31176
29877
352
12990
26996
12814
27263
16675
22852
10473
27984
21445
23642
18925
31153
5534
16927
30192
16366
15702
20454
24844
22407
10495
15821
11253
17204
25090
31460
10121
30247
7513
31890
30377
16017
3071
7476
584
14695
4005
19974
29633
13158
10151
8263
10606
6997
10814
27032
22902
27018
7671
1958
22246
8367
18276
1800
11524
19398
16145
12651
1248
7531
9145
18156
2347
5209
15546
26309
15436
18736
8391
27436
29873
18806
13533
15480
29539
9179
6008
24454
18654
2497
19462
17243
31775
10747
15004
4618
10238
10453
22504
2264
702
22869
2407
7071
995
7105
6615
26480
7235
1377
20976
14460
13408
13702
2383
10037
25845
31692
17331
4272
7631
13211
11883
28238
11998
30964
4623
20635
26508
6762
3183
374
16461
27758
9929
4467
17016
25040
7231
21629
8789
3459
25735
4544
16247
29089
22245
27334
32588
16302
31062
15839
13810
28193
20494
1991
4428
18208
16677
2179
14934
21644
24718
12172
8373
19773
14408
4911
9363
26511
24792
30516
4777
13597
32246
9918
9885
27596
29575
9586
1935
16396
26315
31707
29423
13402
24536
8973
2449
521
8007
21385
29443
32579
31789
15201
19230
9803
24141
24477
3547
8708
10379
11484
30056
951
10148
31551
32379
1553
22813
2434
1767
363
7801
13164
14957
30031
12463
26474
16852
19255
26587
8055
26683
13975
11060
24894
10927
22046
7486
2435
26105
31289
22593
26303
5817
13530
20217
26378
24505
5751
9615
23870
19067
15445
5832
8538
30228
5126
14717
4132
10301
30769
14923
11795
29864
2705
23947
29035
28304
28480
23940
30634
6292
19766
30944
10787
1733
14348
17757
5609
26366
26374
6853
31470
25460
23889
10784
22124
5005
26505
5416
27780
28406
4735
6653
5414
30448
32568
10010
20528
2538
14393
27528
25818
5461
27649
14161
4177
6580
12504
16440
1954
13554
13767
7847
20698
9977
1256
5865
14187
1152
15072
665
24530
3108
22441
28251
15991
20923
3221
16330
30165
13285
11151
30641
24538
20451
7076
25725
18065
26541
30403
22770
4094
28222
13505
15134
24906
11827
1952
32651
32032
16020
19729
25785
24918
14834
14647
715
26576
27570
7854
897
28321
26536
30668
5734
19316
16360
5415
30027
3627
19672
5463
3315
22213
15242
2557
7696
17029
22089
28164
27246
13392
15218
20774
17007
31832
30342
23730
1719
8951
12156
5517
29224
23261
25692
32631
16401
24174
24841
1424
674
15462
26974
19483
15780
22463
18813
20353
6503
7892
16484
29849
16891
15814
30914
28198
18082
20511
1032
7074
3462
21941
3010
17722
12200
28370
11560
22809
20761
9105
13040
3561
18796
14987
8551
3735
12395
25267
18624
4951
8969
13439
20908
3049
21656
20041
30763
16154
16444
4084
26785
909
3744
14802
29484
30139
999
29381
2357
20281
2534
31141
14661
17210
10896
1506
7450
1108
3761
7019
28155
22407
21728
21966
13128
22651
21678
28320
16213
21257
8740
799
28280
22013
25965
23830
23649
25370
23247
17153
938
24671
3808
4978
31663
11913
10998
12211
18592
2265
26079
31149
29141
4631
27858
26888
21089
13015
22694
31636
22505
11515
834
1256
9143
2169
20821
8521
16906
15711
17479
20429
27568
16148
26735
30655
1495
19680
29574
23878
21537
11182
10075
18754
4342
11537
19657
26743
24606
10118
23270
9709
20367
17401
7806
1174
23171
17546
30144
15410
8910
10384
29750
7536
21615
20958
763
342
26469
3910
20776
18402
13252
12380
10383
10738
3079
1660
31404
25185
20904
30479
14808
29299
14318
777
21184
1395
10503
26550
23062
14234
342
15543
17030
17459
5390
13128
12012
24317
13312
23236
13508
15569
8113
3690
8929
3972
10160
28769
8291
30991
24614
5626
14307
14829
9903
18742
8944
7877
26984
904
27071
29001
25674
1499
11038
28766
18614
12759
8362
4989
848
2144
13122
7513
5137
29024
13243
16834
11416
12487
3029
25289
2241
11472
31598
10533
13689
27013
13814
31701
14801
23941
29731
6919
22097
1029
19942
25145
20110
20501
28829
30110
28926
25892
1418
24259
20748
14535
23684
23666
26472
438
12012
27095
3233
6167
3811
16609
501
11008
22202
23531
31848
28471
11434
15004
26131
11068
28358
28171
18879
17545
6957
12327
7346
12824
2180
2647
23241
30758
676
20317
10439
4407
8079
27776
28909
26714
24745
21994
11723
18606
29733
4687
22357
26149
10941
10703
9785
25480
30118
31774
8560
31163
195
16866
10771
9283
15641
15708
31089
30469
28547
24139
17758
336
6054
23821
32462
25118
17192
4360
24226
29079
8477
1608
13505
9175
27074
5737
11627
2289
28270
2232
202
3636
26053
32149
16586
25773
18479
10524
14635
12524
20617
8452
5589
26635
29978
16838
17259
32237
27848
28418
15906
18628
5259
13087
17108
15830
18723
563
5712
27520
2310
9250
22261
21627
29341
2569
3199
4190
29359
4829
27168
21860
14110
847
30419
20336
14801
13555
4077
26702
30705
16546
31220
25916
10584
10269
29621
32169
3142
17138
32657
20284
6486
29348
22296
21272
13233
25094
15577
14431
10626
21480
8311
18420
6314
17653
18688
13702
2996
25820
31099
458
25355
10926
17344
20999
24170
2183
32141
24792
23189
625
3029
27694
5959
11397
30811
17556
6507
21588
1408
25015
32142
22917
13401
8229
20117
31167
28933
3157
13483
5065
22846
24296
4222
9711
20781
3630
22187
2984
23171
6380
16246
15991
25029
28252
7871
7695
30183
6006
30770
954
7709
1390
9149
9467
16878
10622
5703
2418
22410
14821
8863
6145
19549
18480
18098
32557
23524
3256
22786
31943
18624
2924
10835
18635
11273
30160
28583
10120
20196
28230
2157
26369
16984
4237
29942
19348
10589
25479
4392
12249
26934
6207
26486
23501
13313
14890
12304
22320
8589
13485
20566
15147
19051
20960
28307
18230
6472
5778
28136
15673
18042
8077
26246
18673
12760
25626
28192
30358
3791
456
17569
31931
5810
30058
14618
23925
13650
25951
23294
8895
25551
24854
19345
14877
9645
14800
17310
13184
23594
22696
8552
26474
25551
13777
4836
18514
12358
21792
12325
25418
23147
27594
6680
21471
21669
4974
29041
12097
14711
11862
14821
10916
26706
24826
32154
229
25774
17605
17628
23409
11097
14364
13841
16995
29198
28573
29167
22508
1353
11428
32748
25336
14426
15636
24310
27918
7096
10324
3685
30584
28057
11671
9006
2981
30911
30561
15705
10955
21909
10311
29109
24784
16762
9462
31690
32363
93
16246
19471
16007
31882
10160
18013
23272
6339
17710
17572
21520
26771
24099
12765
28772
17119
12203
20799
13963
25278
23379
1462
26391
2699
19932
11665
14695
23864
828
26234
24523
25060
19430
19884
5866
26032
30539
4192
17505
12239
1953
24712
26797
15325
21219
8640
26699
28274
13593
25218
28701
30710
14297
30105
30992
22967
21262
16344
12028
16696
11000
3595
16076
11725
28532
1838
20446
5220
16510
3805
11437
30118
15348
11276
24237
6719
6300
18424
16758
27001
29289
22877
20773
3600
11258
20458
14335
23874
2404
21490
24408
13349
26673
11876
1972
16189
14505
27901
11307
24654
7248
5820
13586
9839
19887
1175
15831
3168
13655
12908
29229
28957
20516
7226
18025
32435
19135
31633
3884
29523
30310
31047
15427
165
31472
10093
15051
13662
27147
22401
17049
9493
6089
8421
4825
16979
23643
11152
25076
7913
8988
4868
1208
1670
27345
30080
4275
10120
6958
886
32223
15891
21405
9023
2949
30048
5948
32014
27739
29528
31268
803
32239
16994
13297
19009
3913
3449
15231
18017
31436
25217
20465
16296
5982
28379
4856
5015
17609
27191
6226
5762
5984
9129
3728
10563
26341
25856
25885
22319
17578
8275
4988
4169
7415
7132
26065
21430
1964
4105
29347
24177
3111
27601
7648
12864
23656
13125
19745
2279
19315
11367
12592
1947
758
20030
18632
18105
15404
9770
155
440
1
10102
5273
861
12919
6444
5744
8749
27976
5677
15695
24872
28109
21376
25328
2228
6686
8427
20949
19416
24955
22464
18642
19882
31723
11258
22475
6923
19746
5000
31167
27793
28328
14313
4101
17605
9528
9721
8918
16015
17767
12299
2828
8174
19334
13879
26921
1260
10952
18678
3483
14034
6056
23020
13887
920
20869
28420
17699
10655
12175
3010
21648
11171
29927
17621
19528
8427
12290
12780
23564
21954
10575
12747
32609
20523
9497
13470
28308
3281
31918
141
8444
2109
21185
9360
17535
26699
26381
3461
20055
23007
19771
29056
2326
30420
2822
1378
17384
18485
24989
12461
1817
14512
17992
13206
29143
2887
20047
29532
9528
10825
4632
24793
24703
25217
19343
11607
12955
24237
13258
16804
25840
30514
25582
11113
858
10765
15692
29879
9583
20237
7376
6627
23813
23615
23964
4500
28149
20138
28400
6938
13086
2877
333
18177
21676
19462
3802
28134
13210
28069
17158
2442
11893
12543
1391
9253
9059
17719
11267
20989
21349
11738
6244
26934
2777
22873
17553
27628
13123
31677
708
22655
12876
406
29846
21550
14859
12084
32105
25576
28292
16410
13319
10078
1134
6832
6023
19037
15674
27704
2929
8283
25680
16643
24354
7760
12700
27877
25713
9927
13641
22502
22930
23604
12492
826
10811
28040
293
23156
19462
4355
32353
9462
14871
8521
29796
11180
21502
4281
6373
26362
9182
9978
8890
18674
20431
15574
26198
30667
14978
27212
7056
3214
5924
23264
12454
10771
29828
15414
20097
44
887
31455
29242
3872
7292
16755
16350
16219
18588
28128
29294
8547
20884
28929
3370
27150
7478
19571
12815
32499
22541
8868
16799
10014
13120
3372
10208
13320
14776
11617
31399
14022
133
11045
19734
5504
13950
5635
23652
5413
22312
23675
31196
11101
1242
19865
22057
11455
19998
22733
4560
11077
25177
32758
14078
6396
31151
12224
132
768
29729
29232
4640
30888
29688
12157
1534
29438
30567
28962
29566
20594
13676
23345
21304
14543
16887
20458
25662
32109
15694
29068
30368
18857
4784
30315
16182
14226
2616
835
6297
7397
12805
32716
21875
9276
25240
6542
2041
1666
25213
26871
25269
30890
27950
27819
5769
8608
8500
20251
20977
11392
6543
10841
17800
19207
13912
15915
20942
15431
22693
19550
16936
11166
5549
3932
14632
31720
9517
32513
12815
21236
3850
22443
15248
31029
23607
6032
20439
25018
20185
26197
28106
28256
26025
6876
22415
17479
11930
21341
6734
17538
11453
21432
17208
32019
21857
7689
26056
9750
26750
31101
22344
32572
10324
23397
17304
8571
13391
26249
32555
6404
2862
29887
14930
23414
30820
24252
31165
28241
28862
30249
30782
20909
8775
26106
21969
812
15209
27899
14298
11565
11604
9899
16045
22082
28068
22094
29779
9445
31549
26686
6284
2918
10874
7554
28176
28712
31880
5537
27930
9741
1548
10936
32551
18735
10508
21451
10235
21457
9740
345
16358
32661
18551
10291
9029
18159
12865
28302
31563
6873
2763
12118
1026
8392
5383
18373
29580
3295
28892
25397
26287
27747
3020
14642
30353
29808
1236
29140
23487
10474
1939
9291
17012
28597
25263
9148
13337
25641
23925
3660
14856
32448
4287
21114
7573
25874
18203
7857
26959
30212
10281
28445
3971
26172
13125
11711
23042
216
19814
6332
1828
24671
26182
25339
14349
13303
30916
17134
5167
25817
27270
25520
17936
12291
3810
27729
13646
2092
20735
4462
8672
21501
18743
25860
1182
23678
16832
22661
22788
32719
28300
9516
13363
31768
23661
3726
19768
26306
23421
13171
23185
9192
26813
24803
26861
29192
23292
7044
3892
24063
22267
21283
9159
13108
20174
29840
22281
15379
4229
19887
22302
26301
10252
30668
24819
8701
6224
15407
25214
1663
12195
9968
4679
8252
31586
15373
8231
27705
7893
698
25423
24177
4438
23288
10637
1039
1974
20841
3019
5601
3292
25955
27609
3850
3503
30019
32620
7159
23607
17668
3174
30100
28158
21264
14935
31935
22973
28501
7492
10749
22580
18588
23976
9579
19546
25622
8633
6904
5814
13112
7148
7890
14349
15305
25275
13854
1853
1594
30118
22508
32361
17973
4984
31338
25430
29048
17867
87
20245
14564
17870
6843
22755
6097
7750
29398
26701
28069
11987
12374
29336
21925
29813
12237
10079
12555
15182
32097
20606
5976
7594
26566
26927
8427
29756
16233
12403
16339
7082
5614
15028
6882
13133
4573
18088
7938
14642
10904
22904
15052
10084
24721
26146
30807
30317
17849
1052
26958
10522
27196
31034
6470
17791
363
6865
31310
24379
21241
18973
32711
5885
19563
4064
23414
13127
18122
6988
4311
13938
21659
10275
21172
5619
11281
4125
24311
30428
384
2954
19645
5030
26133
25912
171
12077
32453
9623
15237
14588
10115
31003
30460
1739
22198
21986
1224
18246
21738
9367
9207
4624
7365
28822
133
14600
30525
25424
20780
16075
10249
3825
1917
5754
15957
19521
17968
4285
23994
12232
4537
6663
4973
23094
28444
11804
2999
10242
25857
9425
15269
1104
4875
15379
21248
25368
21350
811
2687
9861
6815
2880
8764
29595
2489
286
9317
14877
26237
5174
16436
29614
28177
20197
20769
24118
13772
17401
26198
13703
3657
13681
24163
12353
7354
6276
27443
17394
7807
6885
4670
29826
2808
3398
32001
13007
1943
22299
11691
3732
25145
22432
27674
16271
1462
22557
32517
18915
7350
29544
1403
16827
22215
5804
1164
29232
941
32618
32070
27501
30969
23229
7907
15376
30174
27106
26944
22996
31039
20471
21393
32109
15884
27907
19284
30132
20943
27191
8067
13828
31106
23412
11278
9188
22692
6669
22920
26598
3724
15565
17696
17871
15868
20796
9428
16375
13049
14878
15329
2547
6874
22333
29566
3698
672
23144
27593
3173
3973
28092
6402
3939
9688
3874
16631
18251
29191
17689
27839
811
2046
4278
8875
21344
3247
16616
31866
5887
7666
2817
28108
30836
27792
3186
20186
7529
15514
6614
32611
3562
16384
32563
13802
5830
32606
5500
20254
11064
17689
20826
12698
2502
16043
12075
6606
10346
18491
8268
25149
11248
5745
23955
7146
28319
12936
17184
2828
23067
31909
6486
23561
6282
10343
28452
9378
24822
26559
27017
1387
25330
14338
11351
32639
5505
1340
16439
21105
27955
6088
6637
30342
15761
29
9949
1825
18875
29931
718
12670
18512
22375
15087
31651
24206
20962
16919
30612
22203
17569
31313
14023
5571
29929
30616
4567
5154
12889
24543
6268
24068
26237
3157
15803
24235
17055
20454
5210
31506
32736
1797
12183
16336
25992
21673
31770
9790
2459
12437
9511
13532
32685
10973
23064
32497
27126
2214
2059
18290
8361
7725
23512
19237
25474
2571
8262
30214
18846
13751
19582
2026
25488
16204
22207
27746
17329
12428
8020
18914
24759
10021
1987
3107
1674
21044
2632
28101
18771
26888
25985
17721
11989
32552
12395
6366
512
22935
27277
15978
1219
10582
23667
2444
29731
20267
23646
19920
4746
3233
19258
14274
11361
18000
24016
16726
19168
15198
1597
17799
2341
22086
4515
30527
16260
31448
19998
16247
31007
30082
19706
18079
26550
28621
5411
11584
18880
3626
23004
14304
30394
6895
2484
29222
1471
25245
18870
3390
16985
9572
12513
32127
25495
16873
22488
6987
14687
32070
4314
19255
17414
3154
23539
29036
27166
16932
27508
13390
16527
2002
19618
21083
6378
382
2219
3925
18937
1172
20958
31907
26267
17229
4378
8437
22222
20856
26503
17191
1806
26233
30853
23656
8670
146
4066
30107
1956
19809
30800
29693
30905
31658
5654
6408
9665
23127
6661
14744
6712
26813
24750
28749
13646
15393
20946
20272
9461
24187
21530
21657
5944
2681
10504
10064
5582
26823
17710
24050
16367
12942
30878
21910
22118
23867
31649
23473
19944
13185
13228
12087
23460
32673
17551
7427
12315
10985
16880
15225
21554
30330
5368
2410
23685
12623
27212
29751
26367
3963
15423
2362
5800
1714
19782
22113
445
21515
9900
15900
17926
3844
28550
17018
14180
28103
12266
2959
23722
7852
21596
11544
11949
23294
1417
28514
19871
5890
10296
8039
8344
29493
6525
10810
4982
21206
31535
1958
26343
15268
9373
14354
18116
25321
2941
22952
6817
2999
14629
6327
17570
6770
8190
32597
17040
398
25909
26696
25899
27546
29363
6439
4546
18046
25936
18364
16898
5121
11075
3757
13836
9102
26333
5467
3274
6455
27000
28427
13954
26106
23210
30020
30123
5443
24510
8567
25088
5043
22372
10726
8660
21280
32167
26046
19877
28637
3104
15494
12787
15163
10857
9405
25426
20303
17109
30143
22719
4086
3934
4329
48
15639
29407
9725
367
31272
29316
5832
8999
28404
25470
15874
1599
26011
8443
7541
11112
2522
24149
14178
30450
11660
27017
5920
9956
13937
29164
19718
28491
6447
10009
24971
12498
1430
17454
940
32147
10280
23352
30350
24621
9433
29931
613
6423
12051
22679
27796
17972
25341
4183
15126
10407
17405
32140
18204
31976
1148
4489
25335
6423
31465
32400
5945
17809
26624
29950
15127
962
29260
16578
27666
14138
31466
23315
10455
25858
12177
17507
4963
32048
32207
14990
7786
25273
19349
8024
10746
9607
6390
8982
21340
8907
28460
1963
31803
32661
16604
4022
19719
12706
8091
28170
13980
2676
27312
18783
14111
30888
23323
10311
26153
29573
4311
22883
3112
17617
1373
11222
18690
9448
1897
3066
3579
23823
9216
22610
28376
25605
8370
704
3652
10459
27421
20984
10612
6
8626
22325
1799
26291
6588
27691
19760
4186
1693
19772
790
29334
9819
9198
16763
17204
5980
5533
22172
7305
15214
10861
24921
15369
19467
8323
10134
3862
986
32629
11233
534
376
32766
18005
17864
18297
7159
17598
32472
32170
23170
22014
5041
22425
11401
17583
3218
17496
28007
17673
14820
19325
23524
23046
5323
15213
8039
5573
3579
3291
11623
14636
16077
8075
8995
30418
12433
13404
26515
23836
11814
18565
10654
11174
21449
13855
3725
6116
20779
15844
9408
17673
4550
24118
28319
29479
16240
7011
6612
10648
21297
7463
14008
24734
10322
17778
1034
28230
17846
9324
8935
14994
20846
28086
18166
32470
25223
21235
14052
5219
9510
26504
12560
5731
1240
29087
2183
23300
20771
19570
3634
2009
4193
16326
6734
17789
29902
28853
18973
22137
10207
20401
17883
5479
24533
10182
8948
7768
29587
13087
13940
10100
24748
22732
27583
19680
30657
30659
29570
21477
8970
25380
24297
10574
31538
29633
31507
7953
7784
21213
195
11570
32179
25140
27736
14821
5253
25916
4607
11507
16020
20395
16935
21086
8165
23865
4661
20552
21289
22183
7545
13329
21069
10240
21089
23232
19789
11295
8173
14500
25417
20849
5987
17467
29146
31740
22084
2130
28326
18592
19582
8558
32562
5533
13027
10859
17144
29782
17882
23651
954
26709
6229
26065
16405
6030
4867
15606
17497
20456
29638
29052
17816
1529
24935
16730
13053
12561
26505
29943
12639
10363
28379
18066
29974
26111
1426
22753
28174
20907
3095
248
31258
31444
6652
26477
4490
25175
12085
17594
8703
14884
1413
15586
2942
15870
5686
7768
29636
2428
10253
2076
25561
3924
31101
15143
25576
5592
23323
6921
2382
23745
20050
8657
10993
20524
31832
19245
12243
27874
6496
15058
11239
14812
2066
8734
16163
31495
20792
10492
27350
324
17338
24073
20796
15283
20684
29173
4943
28209
30822
16939
16609
12575
23028
30388
3816
7782
15696
14168
18457
20407
10221
15367
11192
4632
21077
15480
11950
29340
4565
784
21212
2161
2678
9989
2223
8224
15664
12739
20212
11281
18011
13199
1262
7758
24678
2922
8870
3976
32459
26168
19331
22367
5442
14625
28442
31198
24374
15160
27719
3653
15221
8794
27261
780
28715
10073
23898
25380
27409
5466
26239
128
20962
26748
2462
10196
30479
16315
26324
16797
1715
9747
28474
1121
32713
30440
18359
7224
19869
24997
19992
27531
5504
20644
29794
18716
3264
14158
26214
24390
27351
2947
11671
4231
19427
28220
18201
1339
5974
18286
24602
18090
16111
22834
11365
2885
27113
3620
2868
6189
24690
1800
28230
23541
19294
11188
14130
9897
7197
17194
32507
8975
12522
22276
31716
29996
2374
26133
31110
8714
7845
10829
5919
9401
13671
30173
16429
21652
14857
27548
4924
197
32413
5801
11004
25868
27767
9554
32150
23484
32298
19253
17984
28934
5555
3749
11536
15225
755
1360
8461
7626
20067
17438
6284
21969
7171
1628
11194
31957
14995
20505
15733
23817
13062
4048
9824
16470
27700
840
5686
7259
14031
25529
8030
16307
21912
7472
8384
25718
21970
5428
472
19458
19447
17578
29960
18427
18603
10486
13363
21648
6638
20579
27527
10240
11413
1477
18074
23389
8699
24413
21433
4241
28148
13564
12669
14750
4354
16747
15006
25898
17100
29451
9228
13370
8395
12217
16700
23870
13639
4084
25280
24654
27266
21826
795
20659
15923
8143
13779
22441
18741
10072
3272
21603
28545
31559
26563
15696
19546
3616
25170
9885
11975
4123
21460
4603
14918
23827
5584
27554
32703
414
1163
22677
8887
7038
28121
14888
24262
6456
25139
2752
331
7426
7178
30683
11102
1762
29019
23888
28678
27157
900
1495
8876
29102
8534
21707
27088
30847
3947
15663
27131
22588
10937
10736
7413
13278
6504
15209
10551
16710
32225
32300
19875
22051
24616
32512
13683
15381
16747
24614
18544
4115
3547
21473
19300
12554
24762
8245
25809
454
20149
4078
23011
534
10869
29924
6052
811
30577
8062
23663
31554
32518
28533
5543
15491
15305
25050
17832
4904
3868
16475
1534
3809
29951
21954
31190
31607
10793
19390
17585
19632
30808
5606
22880
372
7397
3579
13612
16941
32155
9581
23381
15988
8137
20513
9406
3561
5526
3186
14310
6242
21909
11382
15642
18761
12441
17538
8937
4671
22987
25328
1753
261
13561
29983
5720
27805
24369
32188
31733
32172
9615
64
11472
5667
24147
17850
10831
23582
22582
24271
3091
27661
21503
1791
26155
30225
15441
19754
24455
19113
4039
9554
3247
6797
12611
18338
25269
28122
4738
175
22119
5744
27892
22271
31690
8600
31947
10696
14788
3307
29266
11513
26137
17007
3457
26238
23961
8194
6094
4288
27799
3580
12357
1644
7068
26896
7643
7030
13405
17267
7168
1885
4843
16704
21875
17584
5930
5148
346
2513
19076
23062
22162
16121
3550
25552
18756
5500
25547
9700
18105
9295
11008
22913
25455
11719
23817
4181
12140
29347
9530
16304
9426
13901
25575
1766
25780
22621
29144
13557
13864
10079
14327
20839
31645
20694
28492
11386
4719
4737
7467
14975
20665
4316
8108
16000
5483
30442
24156
2085
7836
17202
29490
18648
6689
26119
24517
17448
9310
5389
8891
24427
10588
30713
16773
21672
23580
4760
6730
3252
14379
4115
4640
25754
16759
21361
29570
25152
30305
29021
4351
7240
10259
30506
47
22837
11540
8980
235
10703
8729
29129
25789
712
11551
9512
2710
6559
30390
10312
17087
2245
19872
29884
12050
32511
10394
23829
29546
32267
31354
24745
19032
27782
3194
27795
21016
32525
21204
11771
9667
15523
28559
22936
5829
8786
22424
3186
6802
10773
19988
10733
16533
14582
10741
23299
17513
14452
6603
4817
4172
24359
23005
15445
17361
27815
4217
30070
4821
23721
17544
31556
4275
21867
8805
11138
15292
21843
752
16226
23777
25555
26846
9103
4019
18831
26707
4464
1678
5058
11442
19884
24336
26333
4276
12265
6864
25714
31927
22490
4173
10321
32601
13176
26661
8433
21574
14991
31368
18193
19790
893
8427
30878
20923
5430
20481
31448
26593
6796
3559
26545
31990
23214
6303
2677
24356
6894
20671
28592
7645
19911
15466
11341
17519
13086
13952
8187
8920
19912
7698
14037
6363
21069
6681
28225
5971
29419
17767
8472
19400
11486
22237
24328
10816
31455
6623
21303
18775
4331
19205
32297
17554
1349
11539
18148
6385
2750
27180
10066
12227
8244
5442
30694
3006
22873
24529
7810
19535
9397
22477
9369
31535
13039
16857
30865
22583
25416
25529
24171
6005
22888
21258
21413
17791
8285
7216
27231
17927
32481
21905
24510
8368
24795
29441
29070
4128
31273
28028
14123
1879
1693
4891
417
8511
19269
4929
1810
11908
15600
6933
23896
21925
28653
5686
2028
31052
13590
26538
7430
22747
2062
12055
17926
8007
12998
28213
7955
21545
19014
8835
14850
25362
26794
10041
18553
11551
18538
29566
12628
22734
9439
2268
5447
21520
1027
9713
1733
15520
19833
4455
31009
8850
21197
4390
10996
22831
11516
25031
4030
18944
4919
16972
31952
32297
3812
26639
7529
20985
12518
28409
29215
1726
11294
6644
24448
9950
31025
30627
4090
28707
26508
16208
11512
14423
16294
31270
13134
17
23173
19616
26327
10190
21124
29761
10588
31555
12627
19846
14520
1778
16191
30233
6202
27644
22452
24391
10571
9782
26368
25780
14161
30846
30041
15181
31443
29520
25378
19583
22493
18836
14954
20902
23462
26554
14774
17353
15728
265
31744
29572
26288
1844
25087
23877
18031
16431
8361
3516
29680
28224
6391
10892
25747
15961
23784
29511
14585
28837
1480
20121
25961
28513
16306
14275
14706
18413
11860
8267
2770
14883
3826
6642
1943
20967
15277
23783
29572
16127
29702
32314
21686
24358
3742
27283
21384
11867
30783
31012
20915
4479
9248
10972
31930
12063
20837
27102
24453
19087
18918
23857
14155
21816
32305
9401
4022
10802
8914
4454
27202
10262
13010
11691
29927
7437
31613
10802
5111
14637
5480
718
17225
31494
28339
28593
4759
19063
19084
30431
16677
13767
23028
12770
15523
1264
20934
7103
1877
5950
8693
31530
18801
16153
12821
15606
4553
4127
18205
21199
2473
21367
30315
27179
8195
5729
18952
3966
28617
1809
31278
4525
26011
5053
24583
14790
26786
32757
1464
10990
2748
25651
30622
32411
985
19379
15063
28931
31909
25732
3333
12756
27751
30176
20814
11557
3624
4281
20136
24748
12569
11924
9043
4402
26671
12954
4518
29765
23824
236
2575
8749
18994
8248
5718
25633
24641
6538
2593
12986
6850
2660
7357
30887
18423
7440
20507
28067
18434
23349
18713
7588
18252
3753
32003
28757
30760
9350
22618
17607
4020
18048
17108
30051
2560
7797
9379
22564
31091
30790
20730
3843
25962
13798
31182
15538
31777
18864
4314
29068
7127
11006
14821
25805
30509
30967
12871
19966
22736
16296
20906
29364
19031
4951
2062
15482
8815
30227
32016
27404
15925
15248
13419
14022
27107
24370
23487
30555
15535
104
9617
8906
27632
31035
21907
14478
22915
17191
25126
27925
24941
7721
20254
10612
10945
11801
9669
13145
32709
570
11810
4417
29008
15120
19835
32491
18806
17009
11800
1548
4455
18911
5194
3908
11925
789
1196
32593
23317
18144
8105
13443
32072
7728
22078
30831
8890
24943
23553
14824
8778
25105
31331
9003
10636
21101
10546
24666
14699
24523
4194
10796
22035
12990
22284
26850
28174
18868
25527
893
15532
25035
29143
12078
11177
25062
8339
21262
30730
31745
24267
21519
7752
30913
22618
23858
20912
24911
18584
30715
778
31591
22051
2339
14969
19372
23520
1420
18594
4671
17212
29562
4880
30095
21432
3071
32727
20339
7076
4279
17528
20598
22058
10678
7173
28017
29327
24511
10374
19296
8374
1718
922
7534
1766
11352
16994
10578
1228
24362
28826
26078
10180
25007
18185
26581
13396
7646
8476
4350
26873
27859
30158
13686
24103
1733
22474
11082
10123
12088
16596
30789
6803
29044
11365
4615
24112
309
17813
25687
10203
5028
11326
4539
18902
17542
5471
8773
30388
23476
19134
5295
24091
1739
19922
1451
1737
23332
8671
24948
2517
13319
355
21417
4919
16667
689
26971
19339
22817
28636
6501
3858
25826
21974
9979
5626
30310
3801
4742
29151
24679
19462
3247
1169
25093
25165
8122
21528
15036
24204
790
24565
14994
9467
19762
23467
8853
8135
30610
29310
27012
16637
26913
30843
14541
23466
31433
11448
13751
6209
10817
28893
27361
2108
28454
6627
26091
7430
26190
15900
23923
1561
18265
9332
29507
14947
22664
14582
26312
12527
21715
10898
19399
3265
30773
5661
6475
16386
9803
25241
9442
27229
24349
12983
24072
30376
30268
3994
24036
15303
16397
12510
7986
9421
10596
1497
29313
9317
27988
25632
670
30577
23878
32589
32080
31472
28489
3584
13381
6437
1705
16420
19021
4598
10947
27252
16582
8850
8215
2877
31063
20566
6047
3173
32738
23282
26720
26284
12467
6599
1854
2610
3838
18580
12564
12346
24456
1874
31492
31277
23460
4444
15628
482
4193
28627
2778
16156
15874
11073
12002
26196
19374
16508
23469
9401
9065
23758
1908
23926
2627
9554
9709
19507
18639
3489
13413
12510
14295
430
19471
26795
1358
26351
11932
6233
17798
14526
267
19384
9380
17406
10435
11880
19536
17921
32479
16867
20913
29353
19913
13501
16280
9678
19722
16171
4347
17376
3936
10435
12198
3534
5905
23426
19245
27686
1152
10259
7205
30077
4862
8014
26515
13329
22498
9472
22181
28333
30684
8170
30368
30925
18054
27404
29978
19971
1084
27683
27753
31897
11822
29552
21595
9080
5299
18619
27432
1864
11233
2456
10916
729
19034
15593
7609
22210
19048
16292
10773
7240
16717
28374
8736
24449
16596
13032
13105
9401
22316
20513
1025
23828
16630
8301
5984
3701
413
6749
18214
12959
21990
18798
27501
4506
13512
7054
509
7001
21117
10204
27144
1177
23001
21168
2072
11020
20443
29403
26181
1207
21890
23600
9387
7832
15329
29507
19995
28301
7798
11888
25873
31857
30648
10271
15590
9864
25583
9799
29511
1309
1608
15153
7654
12649
17449
25471
111
29623
19138
17772
24254
7366
4837
30037
16207
3695
22295
25465
12790
14215
12263
22269
28368
1799
19070
6707
24953
6762
28024
15387
29823
11095
16370
2858
12567
128
1764
11595
1807
26058
19634
31012
20740
28590
9981
29850
26837
3551
3775
7319
24663
12589
32407
23050
12875
2217
19297
18480
32653
6666
27402
12307
11406
14671
7586
23888
29443
9126
11443
12316
15327
16781
13522
4233
21887
21559
11635
9990
23077
4657
8962
32293
23208
30533
22319
29090
8554
19359
15241
3744
8585
9774
31310
18741
26202
28237
385
11049
5907
8355
17470
24571
25287
23367
9803
16933
26776
29992
17903
19873
28712
9389
6151
7084
1616
31128
2646
19402
21013
11824
8221
32266
13783
5023
15595
17035
4300
7577
4535
8767
13485
20798
24620
9455
25519
6978
2116
30848
27317
20811
5144
7540
11204
25242
13815
15540
11447
31726
27829
2700
32308
8869
16965
23287
3806
2853
22666
19229
16076
11898
14443
9242
18235
25408
5926
23297
19071
32196
1510
21024
8256
15206
16279
16262
12770
32066
2297
23747
31557
5647
22259
17391
943
12102
12075
7662
25350
2439
30419
1521
10051
7226
9158
17984
11811
22642
979
21048
18207
4886
3672
8591
12703
23106
29715
20704
19307
14827
24886
11107
866
13250
9657
507
25710
28251
14324
29559
19639
24463
17773
2577
9495
30239
17903
21051
11471
1689
17628
20124
11640
32640
21699
27989
11068
10407
24885
25224
25925
29150
21205
3099
14966
5328
14767
17081
18009
3628
29131
15386
19033
12803
30209
25221
14130
24434
21774
17811
27301
6016
31976
2101
30064
31561
20559
28664
32125
30045
15013
31112
4186
4707
13823
5747
31209
19714
30588
30768
29529
20737
13782
3168
15956
31148
15926
3667
122
3962
19277
20942
29455
2286
21152
11020
15088
21179
15395
6146
31948
25387
14346
3816
400
7361
9948
5620
32547
17438
18377
2153
22868
3361
8509
11472
28433
850
22453
133
18393
20865
26322
23670
13683
11434
28843
22312
15841
26140
5992
2043
24976
26842
5389
4014
4561
9794
1427
2597
27533
13804
5949
19818
2611
11477
5417
6643
1782
28605
38
8227
30774
1229
10693
32530
1339
10365
1459
8337
25129
10677
9541
5737
18480
20786
4437
23780
15876
22572
30285
9871
17549
12854
22145
5437
15327
11877
14018
1103
5228
13236
31023
18483
8312
7335
23119
1835
6606
30255
17501
3920
12210
9678
27875
19926
12566
15099
28811
19345
10001
28616
24881
21176
29580
7362
31292
8682
18495
9241
28463
20590
2524
6145
2171
18367
29577
8279
664
30280
3732
25480
25427
8044
21090
30383
14698
27849
169
6397
31318
9406
4575
15966
29288
10794
17907
11609
31511
10615
11578
13368
27545
5848
15788
14698
30640
25038
18512
11045
28871
497
25333
4688
7485
16621
6691
19615
6657
26059
32593
12800
31327
9586
26456
10550
6681
31853
27944
28611
21946
21998
3258
6412
7463
9235
27206
2232
5239
19817
6581
27737
14084
5039
31321
30798
12482
22492
31452
27624
25040
24419
22902
8395
16461
32437
13411
10647
3181
19719
32405
17352
2764
17750
11430
8411
14594
30889
11792
19123
12407
13719
1696
10042
11129
18696
7208
24395
24715
15424
3189
11472
10240
13337
8064
21543
8137
21903
10728
19659
16780
21378
29600
23856
7926
2488
30437
11758
14417
18722
2932
6178
8537
14688
20985
13073
26699
29574
29642
25871
29504
14881
2773
31648
18361
29301
17880
3804
28795
17161
7376
13336
30109
31590
10675
17346
6879
10523
31073
13965
22589
32260
26840
24014
16580
27596
25256
31526
19365
6321
4264
31586
13192
4487
21990
22687
24610
23808
9444
26546
3594
21546
1537
5319
10440
25657
25141
21319
2863
7559
26113
17664
6638
13273
4262
23680
27745
21476
17302
32449
30637
29200
26152
26636
28683
30331
29071
22551
21604
27201
30989
18801
22559
2555
612
14367
7991
24965
17038
15240
144
21765
4781
30606
17035
15144
12613
10494
1496
27823
9129
20778
21131
27947
19379
17620
31602
4356
1464
8782
19366
17600
25275
29408
12897
22914
21217
31594
24847
31441
21541
74
4008
12699
31053
128
23356
6266
23837
11280
29392
9525
21962
6568
1640
11146
31922
32643
11365
32043
24137
29581
12561
19206
26199
30408
1145
11209
23649
20462
14971
27558
1124
31064
20767
2388
14282
9758
12587
1110
2710
8832
7409
24703
20706
4997
364
694
6283
23009
23947
19191
27435
7196
13261
3994
27719
15345
14862
24024
10186
15093
15265
9099
9394
21113
24990
9781
4106
17072
21885
27460
5144
7445
29156
30100
12247
3591
30142
31798
8872
27062
28045
32368
16452
67
18177
22788
16629
32035
17097
16565
25094
21957
14505
17928
27255
2932
25037
17992
26614
17534
7517
28108
14347
150
25425
12157
12691
27767
22919
21906
623
6346
16146
3998
5501
6218
8662
8653
5319
18726
4690
6506
23547
19878
18876
10917
28444
30738
30291
7060
18806
11728
8689
24695
6359
1484
26335
19776
14588
9757
26350
83
842
9445
14531
27274
18111
28792
16243
6268
31783
705
8272
8447
2707
25570
19202
23787
12295
16411
18393
19489
25203
5357
16481
19404
15588
14719
30263
487
19708
17984
7196
8704
21664
8142
17736
28475
21488
10519
24320
8089
28540
24766
26731
1146
1716
28096
23714
7265
3745
24407
774
29176
1235
9246
6614
27732
3739
31862
3841
29817
6266
27689
15160
5153
2520
28494
21320
29113
24825
30317
935
19885
19246
28131
27212
25829
3400
21639
25284
23696
20562
9613
22659
6944
9856
6571
4984
12949
23650
891
13028
16383
27229
19233
19051
25662
6748
19757
21868
14861
13763
8387
29838
27967
20389
2297
10651
22343
32566
5504
1426
17662
7811
13959
31991
18849
24928
18396
22126
17177
22690
22356
26504
29568
13711
10862
5085
21472
24979
18227
16987
1086
15925
1120
15581
31959
8520
25799
11775
25769
24934
16883
12593
12597
1690
2571
10507
29572
29533
5368
20449
30312
6596
21706
13974
4612
4343
25944
9653
22670
7909
16167
5309
84
2614
4494
11197
12029
18561
2071
801
2578
23744
32551
5580
12477
31233
27618
6503
720
15966
31561
12536
22792
6702
11429
11702
4756
14205
27433
21020
7121
30138
27347
19260
21080
19888
19603
21590
27194
12728
19887
14505
14474
15916
1638
10121
1820
19998
31700
3762
21901
18506
2325
28380
11139
14410
25517
24207
24630
2057
16167
12089
31536
28026
21501
26750
4689
24714
19896
3535
18709
11603
25688
25150
21786
30354
9462
7824
11228
15451
11688
19860
15811
15115
24741
17076
25185
13951
21162
24266
23028
1411
30876
5941
2099
29069
22638
29483
19527
16044
16709
29520
6679
28603
20186
6024
14536
6874
15392
30474
19076
25119
18728
7863
379
25736
14401
10665
9768
15156
9827
18446
21206
22227
17102
10295
2146
20828
10734
30188
66
2046
26498
25603
24518
4440
25597
29745
12446
25580
16684
28959
17053
16593
27162
20160
23229
13993
23089
25827
21346
20691
24481
14340
4579
18146
23814
17512
30022
16461
20037
32617
8779
103
5302
782
20653
3730
20105
6110
32164
11952
15714
4342
10158
15835
71
11866
30607
18262
9404
31113
31382
26051
21292
20564
21027
17558
6795
4591
31846
21961
7994
8777
6761
4050
12587
14233
22353
18386
3397
9785
21729
31759
19978
7864
16703
8868
20343
4651
31227
20599
2603
12483
24653
19564
10700
13989
17054
25304
25255
31477
32586
3385
19094
30004
17573
16932
14631
11469
4668
382
29434
18154
24413
28911
9323
9868
2777
7316
28529
21211
30728
12276
4294
6075
32014
15158
24649
5279
1629
22673
12448
11682
4987
17923
21025
4820
28934
18246
15603
20945
21493
25600
9840
9625
14880
22074
1486
30875
13315
15635
19455
19731
31678
26549
21205
32662
32097
19593
18282
6123
13415
167
5055
7197
640
17297
2979
6606
25492
29472
24791
22990
8964
31678
8815
29165
30259
6358
19323
10509
8261
31113
9447
24955
806
7587
32416
32127
16846
32461
1016
29233
22468
23044
12108
31887
18913
11593
8420
11469
21591
15770
23834
15340
14834
14626
13759
24462
6301
18861
25274
4105
26407
11102
3570
29882
71
7076
22127
27292
24286
13418
3772
22808
28541
1934
14991
18719
6951
3733
4011
29303
28504
17053
32262
13138
1861
28818
807
9765
6758
7589
19667
18871
21554
4090
28392
28537
22826
20385
12425
25621
7448
13256
13435
1609
28313
20527
207
16374
23513
22236
10690
5492
21662
16911
9185
16169
11656
23160
369
346
26775
28072
7949
13888
26349
18630
913
15967
26581
19331
30519
19219
30981
10063
5632
14188
15392
7886
24918
25403
9599
22917
5359
17517
6193
8154
17140
8856
832
4923
31587
12500
25654
13981
690
31180
21216
23336
23477
21013
31314
17712
10433
17598
9003
7528
10258
11816
13083
594
20330
30999
17826
19962
19195
12810
16922
25572
25479
25800
4855
6979
4038
30780
25166
6507
13576
31874
32660
12425
23323
8002
21161
5778
22383
14909
20
2169
13176
12325
8849
11685
21076
2994
15817
20386
6574
5362
20064
14871
8674
20705
6964
22264
12641
7993
11236
23292
1880
27275
2192
5714
14732
7823
9952
15760
10632
22713
10312
16108
21755
1804
19850
30638
1372
26931
17276
24037
8911
10190
11531
29273
11852
30218
3712
3778
9982
29044
32258
25655
24297
13327
15708
15849
720
19619
8449
23569
22870
4441
26701
31527
32099
133
27406
23381
6089
9155
16451
23595
23592
10565
16932
148
19727
10091
4962
28425
2915
16020
2479
16900
13573
3381
8577
15544
5807
10792
24339
14335
13599
6470
16557
23444
29048
28215
9766
30594
19685
4489
20903
4572
3967
23552
26033
31919
22129
31789
1122
2101
19801
23106
29684
9547
5874
28197
27782
3109
10481
15299
29471
15169
7980
27047
26096
25241
18945
9675
7641
3869
31734
19630
18735
10848
23197
1702
25533
8850
14011
20344
28680
20142
12200
7206
21976
25332
9721
4872
2547
2458
16733
2590
25388
29631
3525
16293
16540
30368
29640
232
25904
2318
4165
13145
11364
13600
12106
29664
31821
21029
28212
16499
6365
6876
18712
24551
15459
29672
5986
31750
6481
30334
15292
8673
10562
4961
2866
7272
27963
25104
12179
23863
817
28733
2330
26547
13516
9602
21325
29270
25451
3920
4390
12871
30056
10536
1137
1326
10397
29965
13429
27974
28199
30777
18390
5044
13161
28687
13754
17687
15444
21329
4651
7264
29414
29587
31165
20452
20465
21231
24688
21679
16670
507
18391
19483
12337
6648
8314
28578
3983
10060
23162
28401
4093
6195
26995
29757
25514
945
16294
17114
12912
23755
1112
9226
9047
26102
2421
5651
8027
30928
17529
29076
12655
30222
20112
31000
10177
29109
12284
1772
23104
28558
31416
19758
14940
17363
30811
23591
4108
27695
28478
25307
2070
29926
17121
24029
30603
15951
29579
10344
30864
13963
16689
9132
17508
23409
30105
26726
28319
6344
6592
14003
26040
22201
6776
6182
23754
19587
8277
26648
664
27505
7882
13887
10702
30218
24208
14211
18058
6023
1863
14604
25882
3978
27744
18848
32264
17932
8506
3372
19283
23447
6283
28320
768
2486
21250
9216
6865
26539
24875
14520
31061
26463
15506
4657
14369
7839
15403
8865
23388
12420
10225
15911
8833
27443
12238
17943
22112
28103
18875
7827
14438
27276
15144
8795
30495
22894
20894
2277
19449
11953
3747
29361
9803
27106
19166
4055
1941
4365
5243
5346
29962
27696
19665
29152
8779
5360
18754
32698
14710
11915
31587
6082
25695
23054
25693
18827
31517
15048
22420
8957
31689
7934
20614
16040
12162
8416
24565
3161
8372
21436
29768
2027
18074
20850
303
21088
2562
15400
19078
24881
1873
2110
22140
14305
12742
8836
19188
24536
15363
18091
14891
4719
27081
6650
8859
18760
12035
24130
9760
10464
16390
20756
15450
31079
30487
2865
25682
8655
13101
29762
6496
22819
5113
7882
3916
538
14116
8280
31155
25836
23256
14849
25260
15204
2433
25869
21676
17206
13013
6129
23463
19092
22034
22398
8568
27388
8582
26711
10627
26196
11093
13480
28569
23096
10103
14869
28188
15763
16128
5105
20323
23660
27812
30129
20063
17923
634
10656
2687
24861
15616
26580
21202
6812
1888
6496
11372
25170
21745
23499
6154
27159
13313
22721
23289
23321
32210
17929
20275
30068
18402
8631
32460
19971
31343
32419
3724
7797
12347
29977
15326
23459
17293
3026
29160
1568
11384
11555
14844
26898
5215
31861
2863
15169
17081
8181
15687
22126
18194
21133
8923
30950
1106
21010
3765
17751
322
32191
18555
29921
8780
14562
13455
28528
12419
26069
13107
15946
20963
3376
31473
3300
22233
1341
29242
11258
262
11692
19533
19166
10048
5000
27994
23313
23257
4458
23015
21008
29220
16365
13684
15728
7222
19041
5210
23853
25066
31684
9465
14400
14376
6126
29714
24431
1894
21771
20594
21097
19566
2382
4561
15122
13922
24804
18169
29468
26110
12327
3883
2007
12830
13845
8894
12362
5504
25344
