5023
21389
11756
10053
23819
25784
26472
5152
10701
9911
476
6069
18817
24202
21208
929
4185
29800
13127
22646
6837
30980
32674
5401
28404
4112
26723
5480
29066
25599
9917
17440
24403
1808
27018
9214
16936
25992
3717
29733
5039
11582
31673
29632
631
20061
11577
2280
3396
31078
19218
20168
26791
15988
23422
20223
25298
12740
25946
27205
14763
14708
5850
13394
5919
26763
17532
18172
10169
2874
21562
20639
32627
18530
26884
25025
16588
31829
25197
15862
14874
12513
1189
13314
27938
22155
23719
16702
13542
8984
13491
1085
32190
14674
11519
17070
17322
32264
19626
1668
19175
15959
7921
5717
18112
2856
12453
19712
25255
28154
476
5267
24964
23266
16360
2156
18253
975
23429
670
16599
28947
20310
6294
15852
799
10899
19198
29085
16782
13308
27873
11481
7014
14609
1552
18239
31898
23940
13509
2609
23763
32495
21127
21034
11119
195
24653
23121
15562
5248
32230
26190
7357
21036
28824
15964
27237
13566
32008
12703
8486
20570
6233
4793
29423
20738
13464
25240
6079
7818
11352
7569
13928
12556
4505
24243
19091
28446
25583
19797
11268
10241
29152
2290
6943
32283
27021
1847
30379
21927
23701
6233
32471
7084
15158
1452
18810
31019
2741
32370
19359
18077
23296
18160
7233
21405
16275
24008
21587
22241
20376
2946
12292
6766
29010
4204
21824
14348
29883
25764
25466
31224
16748
15987
12457
13274
7102
21212
22416
10230
17711
1141
31555
19622
31751
29814
25575
1544
7739
10768
22713
10228
29585
17408
23378
21553
25349
26723
10281
2280
5995
26316
8281
29528
22359
16532
164
23244
5178
2929
2488
14282
29901
25162
32178
19342
24243
22602
5857
19383
17242
8756
23500
30271
13346
27126
29814
8624
449
128
25824
7573
27366
25046
20688
30511
7708
16228
11473
30314
4849
1171
123
26383
32344
2457
7668
571
26189
26773
29367
3088
6327
10459
21908
31146
2450
13452
30200
13141
23629
19563
20591
18173
7281
28139
19559
7910
27012
24461
26423
4253
6701
22376
4192
22574
6809
28681
6930
21399
2588
24446
26866
4733
23580
9390
12826
3614
43
7916
3681
7559
21875
17355
9181
31238
27991
26419
7847
26595
24919
18868
21982
22347
16436
24859
16879
4493
22101
3907
10259
18057
21866
15150
7961
3684
8015
84
20837
13185
14387
26683
8249
22701
9209
25160
3123
20378
13022
28117
1815
13199
349
10884
4815
7261
12112
17106
20912
32149
4695
25839
27647
1528
26493
15821
28340
4911
18457
10870
1917
3517
26099
5028
16902
16689
21160
10123
10872
1184
22096
26106
31040
18258
6493
12962
11281
21948
9670
25013
12332
27310
870
29364
479
24782
29599
28034
25931
6213
4162
5564
7275
25784
20915
26701
15954
6010
16456
5948
5044
31232
21747
30665
7336
19605
19745
5817
9132
7502
30177
26350
490
2881
12873
15930
30906
18930
16661
5237
17511
30990
1426
14541
19510
9308
22459
29022
5028
32752
8097
14595
20720
13474
16400
3947
19673
20670
5231
3951
28585
12541
1512
16290
8050
30132
31689
20778
21400
22604
11050
16591
399
29938
2513
3666
18150
23695
26706
32256
29829
763
30586
6278
24371
23918
15598
23815
6491
17719
15120
22892
31247
29360
20514
7420
5453
9329
4270
14636
2433
18116
8485
17592
17996
12121
21190
5362
12420
16699
1985
8538
18300
3331
8861
17776
12165
16716
1239
21702
17844
32614
24780
13657
8422
26703
25304
29729
9218
30174
30144
2023
1406
29762
9805
13911
28709
12203
27194
20310
8471
10823
20049
12950
10001
28272
20432
21351
9966
20772
25873
11984
18798
14517
31082
26590
13879
15297
24659
32316
16409
11365
966
21252
9878
25518
20972
28629
4258
24912
11765
17446
9383
5019
26695
19673
25036
23466
476
23059
7799
8670
16101
26444
20496
3723
19636
14754
9
15088
32472
14451
4635
28269
26506
13354
16338
15344
20296
3929
27979
5041
20415
32265
15165
7455
5614
20302
31286
27929
3977
29982
25383
27746
1947
15970
14627
591
30320
30542
14436
22467
2226
25582
30351
18013
8658
18690
6200
18416
23977
30476
32681
31284
21856
2983
22751
2747
11149
23834
9942
7974
9118
17453
13831
3480
18555
14396
6190
31083
26215
29065
3408
10274
23591
1494
32253
8863
1895
13108
27347
30359
20569
19734
30019
11330
6303
32681
26008
17495
4459
23912
21044
21047
15589
27371
19485
1640
7885
7423
13497
15686
24673
31996
8406
26101
27521
26451
27885
21914
16657
6247
26280
23243
3743
31646
12193
9540
18245
28855
15725
21979
17361
31582
6873
19126
11812
4349
20083
31675
15320
30934
2637
31560
31782
29263
2301
28452
15622
5516
15336
5558
19351
8771
11969
11125
5058
12492
17484
17568
25370
31096
12392
28463
21255
9764
21324
12553
7716
25102
23057
13943
25829
7143
18545
17625
9597
11817
20430
17816
27391
25002
6005
32091
30659
32370
23077
17278
28427
24265
31947
19904
16870
14485
656
25659
25429
4323
533
4506
1965
3524
32765
9094
29500
6746
21165
3937
7215
4402
29519
3895
9139
24788
24605
2801
27227
24217
29660
8652
17346
15293
22182
26634
3441
20661
27629
11496
11523
12995
25021
23759
14727
18375
17729
21454
21541
19544
16521
13384
29701
19
25994
5610
10604
27699
10855
8416
7208
30819
31471
26953
18735
16848
870
7912
17283
26753
6280
25884
31832
18155
24779
26386
22137
18368
8933
31801
2280
19977
23950
28918
5316
25460
3207
18330
21104
8431
16091
1425
23026
1397
25189
24795
19097
12072
26770
25025
13795
10913
10344
19648
12701
19588
8647
26826
21836
18775
1519
30126
9932
32660
10563
26324
14903
10236
16973
13869
2313
24623
6657
25450
17537
17274
4422
29548
10058
1520
8114
1020
2650
17852
12181
18365
16667
1717
31546
32350
200
3123
20329
15636
22298
1313
22320
6984
29733
15956
21732
6029
19324
20251
27746
18644
20636
29720
25242
12259
21128
3150
30287
15619
15024
27770
13848
24057
13079
31911
30635
10296
30645
21501
21594
29525
22299
18138
20190
30651
9813
6948
1620
17824
11284
22237
6789
10296
18189
23799
9578
18728
21404
19562
28144
10301
5293
21893
14328
15198
9180
31105
21922
19135
11483
26716
24011
23896
30740
28901
11220
18838
2192
14099
3237
15952
20760
9370
15602
22524
17562
18368
7357
5667
17870
5229
15389
17682
14872
15234
9533
12243
17329
3180
1959
11867
26370
5369
10435
25605
8016
29546
15770
16959
9886
3785
4576
9091
29903
10621
8242
4746
14860
539
32668
4540
22629
30335
19038
30442
8379
23836
25072
12095
22237
2192
13379
32628
16625
10619
26186
5188
17942
658
1977
30496
24647
8943
13325
15139
25986
6827
17612
30280
27690
23983
30990
23259
20139
18631
13884
1325
4700
31993
17944
20876
13737
1300
13821
20082
10609
31115
15208
7933
31149
5764
16824
24991
26963
30765
1330
28439
1402
29007
24392
1440
29630
12325
10267
13416
32742
9582
20798
6979
11460
25025
7613
21153
19549
23841
7006
4030
25418
23761
16678
22808
23390
27497
22303
24358
18825
5930
2905
19783
19196
27279
22575
9977
15758
21284
8139
1355
22367
27291
8429
18581
25019
22045
10471
4710
6977
12254
9965
7102
1348
12020
1163
15229
8305
361
26487
12572
23730
3215
16521
1947
16467
1939
19464
9402
2660
9301
26407
22636
21598
14967
24271
137
30473
10421
7071
5315
13980
24692
20274
11995
31270
20381
1696
25365
4654
7339
17991
31977
21142
26883
4811
29691
966
3460
2907
11597
28422
1376
31030
23731
2602
31530
30830
6792
1653
11312
7660
416
18104
5642
16053
27005
186
8819
15468
4294
3548
17752
31511
19444
12029
16687
25638
3151
18332
1418
6833
21273
21564
23532
17665
25865
8205
22235
3922
20987
32200
14134
19415
9445
2011
15305
21503
20493
11206
3871
3831
10617
1221
18327
16752
2983
18863
11706
2722
28287
21022
15564
12944
3206
30416
4513
11662
26708
20813
15283
30977
17992
7882
9329
13671
28282
19022
217
8599
19185
25107
328
23369
13847
31791
13201
2264
3433
20083
19277
20551
23667
32148
17523
16259
13308
26504
5161
2535
382
27955
23513
16133
31449
32579
21126
24228
29255
29273
22625
28165
9875
24169
26775
29291
25478
3427
23918
29913
1699
15635
14992
29470
15380
14406
29094
25103
2019
2862
21801
9492
28525
22279
11637
7910
22292
2299
9248
16278
26677
30787
31113
13266
4954
12176
14516
6500
688
26025
23893
23803
4283
26965
8234
9518
5960
1147
23950
28350
10915
6792
19020
15899
5387
1553
27313
2602
9827
31162
32741
17478
11306
26710
24443
8581
9645
14415
26950
2364
2171
17992
3950
19653
10522
31490
9412
3199
7160
30844
25939
28183
8868
8799
27959
2054
31038
1432
4531
9819
6189
25415
20605
19643
15887
25304
18780
6566
22006
12143
30197
28411
3537
1162
5090
959
12584
28130
29957
17178
7181
16018
10780
7330
23119
890
15253
10717
18160
29926
25763
19712
16345
11115
1169
11517
16845
7186
14935
12989
156
8121
24171
27562
20377
2485
20185
30065
28237
4540
16790
22278
3437
5379
4369
27368
8202
29347
14092
16038
19720
1857
27050
2978
5329
3054
3785
11541
32586
23628
31121
14163
26119
26610
9805
5201
11963
21266
26746
18788
2546
2649
16158
19019
2562
19991
17244
32112
9790
30880
25924
21867
32366
1010
27376
9160
29308
4760
26060
2314
25200
32718
4661
9711
10910
15077
21830
29174
12318
29161
19694
23327
4477
20354
9798
4850
20402
20504
11810
11458
852
29242
20455
28979
29194
17985
30364
2810
6210
8496
1091
28900
31526
30431
21353
12570
22219
8025
30460
419
31916
2946
11357
14890
30296
11517
13238
6914
16487
5452
654
1383
12722
4153
1178
2311
25284
15733
24278
27329
10635
28032
26837
2220
32083
17864
20565
16219
22262
28693
6935
13407
24908
22820
31470
10766
3561
17042
10261
16515
25096
11261
13765
18406
4034
22373
5383
2030
12164
27864
14792
8355
11711
334
5675
26729
16609
1234
24611
27450
31621
23522
21824
28467
20198
10265
28873
8786
4506
1035
18444
21886
24189
13937
242
26823
24555
8326
5846
19696
23346
27568
24983
15914
4166
14947
4844
7203
16823
24642
7672
831
30945
25992
15647
2853
23139
22951
2583
20094
7890
14639
23618
8185
942
27376
24891
4243
18580
6243
9135
11029
3254
25926
29806
2270
8329
19079
27073
9186
8125
6243
26879
2547
26482
25551
28251
21824
15529
25367
1792
3611
14072
32197
12640
23039
17283
5060
6088
7121
21543
16325
22840
26982
3832
6370
21619
31302
4590
14209
10578
29615
7899
380
25693
13789
17312
383
2204
3721
21153
19889
27563
29872
16246
16790
6157
12693
13284
3892
10690
6921
28939
27508
22812
17130
20704
22988
10190
16362
31710
23323
25670
29585
9977
980
30525
29062
28116
15711
12172
27658
7475
14012
65
18885
435
18538
25842
18629
3769
20359
24657
21188
29096
17464
18689
26281
25943
3915
22696
15186
22978
25371
12614
32657
17407
7092
19653
23412
10868
27192
2769
5834
16712
20354
20713
2274
11031
10760
28854
13718
12778
23302
18588
15240
3174
18137
21136
30636
835
13480
5417
519
2816
20810
11001
26550
9685
22884
21533
17969
8682
11986
17939
11217
1990
23881
11724
24976
19722
21050
6146
529
8031
19449
13260
480
23469
17438
9072
3322
1422
22828
20344
23952
21250
31600
28680
28680
8292
24876
16494
14405
24732
1525
4347
15400
23959
14682
11025
14166
23796
198
15230
11324
32000
20648
14088
1617
24037
24784
27977
12699
27422
8220
15806
19317
22830
2901
8986
20623
11154
27476
2272
27702
22260
15977
7984
19670
21409
20733
8417
8637
13373
18805
16337
9761
5302
11098
11129
23909
30070
5559
26053
25752
22237
16579
23074
32063
10478
32448
27352
13652
25416
17443
26778
20622
22872
31477
10331
22243
7886
9593
11108
27724
4173
5135
3492
21960
21607
12888
11847
20387
26824
12187
18058
6392
4017
1640
25293
22645
12713
10107
29161
15966
1903
19426
24261
2004
8242
12899
26660
18264
6148
19480
10945
5771
4749
7260
4510
5431
19964
20459
8345
22931
25155
20292
19776
13763
132
20562
23014
30367
18118
11084
26359
32693
31725
30426
11912
26769
18409
12153
7730
32572
15405
28192
17185
21506
16483
29220
15464
12920
14174
601
10135
11198
28752
27002
15248
5634
14397
4554
1430
9541
8111
1020
31911
354
18604
19792
24332
32076
20709
4352
3630
21399
11312
18650
23723
3130
824
31022
681
28563
27251
23530
11371
10923
1365
18180
22306
2236
27076
21016
28677
26096
22475
32595
27043
16236
6546
27535
15224
1165
8078
18879
32703
3441
11509
11662
9096
23226
10357
26947
23818
654
25893
744
23610
28386
30652
1195
27037
20729
27649
11396
26458
28199
28290
16152
26771
10715
16009
478
21237
28893
31820
8320
16014
27091
10084
388
2015
3850
24960
20011
18483
5491
18779
12697
10287
17644
491
4919
16553
9665
14812
20566
32190
10099
18236
14613
14366
9400
11128
21636
30891
26818
4999
12297
6723
6596
10341
15875
15833
11443
17347
1966
17611
17994
23805
13895
17775
11600
16972
14192
11759
12829
29245
213
2392
12123
10593
14096
6893
2058
30790
15306
17345
18118
30119
26403
26245
16973
24800
28756
15774
27452
18596
18835
22395
10009
2546
29496
11557
23702
15173
2589
1815
5396
22540
5450
9297
22375
16473
22226
22440
8153
24797
9208
3936
6513
5908
2198
31484
31861
9661
14784
17237
13869
19853
7076
2282
15850
24100
24244
7287
15175
21312
30728
9673
25007
21041
30973
11472
9503
7053
2595
14582
11309
17700
3414
31407
9034
20534
11050
13137
21828
28644
20365
20263
11535
5093
22951
26048
1220
2938
773
5261
26090
21668
16887
26540
7925
27540
11062
17662
21004
11875
5834
3455
24847
10499
3115
26839
23257
23926
14759
28460
19906
23613
31491
9531
9064
16660
13157
32423
27056
26588
32370
23184
11527
28121
31923
11880
18414
21277
16189
21250
19381
20548
5777
10220
26246
13410
18625
255
27302
24378
29396
4660
23288
11185
6508
19898
8387
24194
11430
26693
20148
27954
834
30632
5415
12615
4356
24486
19362
23477
23641
261
13218
15513
30526
24293
22683
13097
32606
11856
12602
23019
27002
1042
26093
17190
7182
5323
24741
22935
7474
15170
2523
14692
22462
14588
22225
5462
15281
25870
3354
31810
15828
15663
24412
4808
31386
3345
18261
5440
75
8178
16668
13810
1121
12398
19369
11141
2099
2711
21144
955
12496
5191
25898
3675
22062
12213
24205
29806
3460
11335
25437
20397
13044
14759
22634
22075
13933
4377
14012
28304
12240
18700
24788
16309
32337
1774
23861
4535
30497
837
6691
4694
26442
5116
7851
20989
27866
12538
19683
3319
27459
9978
6515
5343
7938
27798
23636
28248
5247
19876
7896
30463
1588
24774
2795
10142
26130
31549
24472
18083
5664
5886
3791
7888
5222
24328
26725
3635
7689
22004
30300
345
3511
19150
28261
11967
31045
4131
23715
9865
21143
10587
27570
2678
4033
25161
28136
532
7787
1281
3034
16176
9850
8682
15394
9873
24557
7700
26720
28902
4
31691
25471
22524
424
4460
5434
9268
19719
8823
32478
11829
639
3814
32081
10462
27837
3261
27731
18302
24102
8163
3844
5192
32117
17456
24998
2817
17830
32199
14501
19452
15636
17318
20692
31560
10206
30843
13562
8232
14734
26041
7309
6339
2557
27884
10173
30237
20849
25418
7349
21574
12297
19338
2589
722
1115
25081
29411
4488
5467
11978
26427
5471
4991
4781
12004
14758
13600
420
26797
29058
29220
24594
17209
23965
8922
13845
13055
14877
1573
11542
18836
26835
29405
2975
4653
27573
14450
9068
5984
25487
29394
26052
30250
26357
21901
4618
8758
17788
12855
12943
16220
2858
15887
23466
13417
22570
23261
24843
23326
24772
26401
30028
29051
10637
22889
26569
12349
21467
11011
29874
10917
3708
21972
23390
23419
32424
27016
12002
851
13619
31724
5347
15375
1031
30871
26280
26021
18386
5072
26739
20514
31228
25772
2834
18159
7900
27255
27569
24915
25643
341
1522
15418
953
2601
19520
309
15966
18870
6752
24257
820
17157
13896
21964
5891
4358
21301
117
20477
889
19192
13844
14764
783
400
12410
13608
205
9982
5754
27021
29874
19285
4008
6316
12185
30993
17760
11265
1121
18857
29962
3558
3146
10344
30621
8965
2722
14200
25186
30739
13218
2880
9467
30652
23187
12272
18595
15577
19252
11609
13495
21737
21088
32003
7286
1727
14828
9849
31237
29048
15311
30184
15029
6064
12421
232
137
10998
31925
28058
7411
11132
529
12275
10463
12307
6013
12631
24050
27223
19572
5738
5396
15143
31656
5923
3628
27481
28905
7458
25898
23723
9800
7235
22603
18172
23676
22899
17304
21948
4741
5058
30129
14753
8335
17338
16840
667
31256
25839
29424
22027
23381
32216
1176
21808
26066
23005
17490
18401
28762
10673
16602
24450
3606
32226
10835
9777
4344
20399
2003
28224
2907
3097
26146
21992
5347
21821
25535
13115
22187
28128
15908
31835
8863
844
17483
32746
6694
18779
21105
449
10245
7377
15130
4069
20864
8174
16725
9142
8897
1348
2113
25450
14974
31943
7120
6074
14551
30499
30411
10715
5501
13138
10775
15792
8473
19053
2358
15422
13804
11714
16
25184
23474
19240
30196
10172
25293
19343
25050
4597
15007
8155
29675
18467
1848
20467
30787
31360
14897
16404
22261
29283
13015
24684
21839
24179
10637
31460
31840
12052
27243
4925
18616
5926
9003
3422
1903
1263
18502
3564
1129
10069
21850
18716
28119
21329
27855
13253
4353
23968
6842
19130
21572
15548
16129
25686
4694
1802
25281
16472
15058
8533
31980
18929
23536
12667
27191
16412
31123
10598
7219
14382
21898
32318
17337
11950
3343
24541
31372
6758
12180
1156
12346
13754
12992
23756
24131
29241
26548
17375
18301
19058
21906
32743
18103
26121
7488
9927
28829
17418
19049
15114
3292
24444
13765
5400
10886
570
23707
27824
21431
14846
20868
5778
9337
9151
10865
19068
18661
317
4079
1368
9867
19674
20906
23476
13588
16299
9264
20594
18982
32207
27640
961
23688
23807
14755
20044
647
31079
23425
7345
12184
3252
10327
7988
30014
15215
26464
8629
19246
19593
31121
8159
8882
32567
10273
27043
18763
29440
15433
27620
24218
22035
17481
29044
24960
19935
10667
28736
6277
19934
31947
14023
22902
20657
6551
3537
29778
10098
2452
8797
17768
21318
18210
19419
12985
7473
17920
667
6307
24623
25874
6790
27073
14720
11618
5644
1549
4931
614
9565
3399
15686
10113
9692
12443
2077
16075
13776
18302
5745
9493
12381
11225
22683
20264
9652
8553
26225
3150
9094
19557
11104
21012
25022
31586
6332
30029
10095
18549
21075
29786
31755
21911
2376
13993
30935
10317
31007
25980
20123
26760
15124
16876
21406
1737
25521
7213
11729
3466
7839
20499
27979
8666
15549
27349
10997
30535
26735
24082
32647
15104
29753
25617
26291
14907
30604
31053
25247
18389
11743
3889
29593
9528
19458
23584
14343
29314
16303
27832
18588
27108
3427
23128
9426
27207
16491
19167
17300
5430
8514
7607
7226
1016
9754
27155
15291
22524
20921
12916
14878
10875
29830
29042
9266
8024
996
25529
11647
8011
31678
13138
15996
32062
32355
26660
13059
2807
9877
16826
23809
24824
16348
24134
8050
23971
22817
21222
13709
8098
25975
6439
31291
32646
24380
30152
17358
19630
8545
15552
10224
20843
27398
5761
15321
25185
16714
10879
9414
32049
9057
21228
3238
14933
17639
15814
20246
5707
17011
7956
29327
22005
1136
22637
16862
2624
17448
14777
6613
30468
26402
16188
16193
24875
9390
28880
20764
2070
10686
18033
11011
20028
12023
13823
19434
21780
13576
20032
5390
4150
23355
805
29995
5053
1097
3918
21487
8687
15731
3791
20911
15392
7118
14133
12122
15059
991
20676
29355
12579
3943
21763
6818
8033
1408
22139
30772
14591
6377
5563
32578
16812
24735
26527
9160
17857
16045
20690
5975
12764
10564
31378
31429
3530
2574
25779
22563
24235
10176
30951
30959
29776
19951
25404
27787
9704
10020
21478
21230
16860
32050
3647
16282
13559
21447
26892
18637
11466
4418
9218
5884
14671
10692
13961
2173
12748
138
31679
15748
24826
29562
24512
8272
15463
17659
29221
15782
11033
22538
458
383
8052
29323
9685
11262
2142
31196
22515
4772
23968
23984
997
455
19343
9499
12348
21056
16877
20969
9312
1893
27146
3636
12247
2359
18478
22582
30404
20188
3131
8283
26542
3407
21903
3482
16003
15958
28200
23558
14557
5044
16651
2464
24451
10912
4070
17776
2355
4983
11252
21716
31391
430
13857
25367
18357
14346
10863
28485
23075
1299
15000
19518
16667
25542
15349
26378
11859
5258
11422
18284
17489
16997
5075
32442
6629
2160
16794
30955
5879
27528
12714
25586
3714
7239
5512
8523
14817
5426
18928
30163
31050
26932
15222
27612
32152
22092
32365
7041
16205
28802
7688
19767
26327
31007
26303
10917
2578
13853
12276
29110
25359
24029
26839
24044
25620
27416
27783
15351
19683
27928
24954
23430
9535
10280
10270
21341
16557
6729
7360
19367
12152
14374
12462
17038
16631
30282
7832
32522
31506
29329
15932
9718
11011
20956
15171
9577
29530
9737
13157
27203
31556
28707
32724
5126
8972
4821
11736
6888
25058
18725
27318
7206
12508
30047
26327
16538
10042
23630
29734
29072
11246
8370
25530
20438
24668
4847
26293
8466
10334
10499
30316
10072
29579
12986
1992
5884
11193
7717
3564
7845
27840
24648
4119
13731
27009
22035
22220
9347
8743
12692
29745
31712
20397
18282
11190
28028
10401
20605
31990
15247
25383
29676
21986
12894
6208
11591
12316
24592
27724
25343
7585
32445
8398
16666
2219
17609
29552
11307
10966
3952
28231
24706
32641
7073
3415
4512
13687
16656
23898
7662
25551
25479
30653
10926
1552
3708
32748
15409
921
28393
1487
7754
17984
8024
29076
12548
9274
31293
23728
28048
8507
26249
31776
14209
19165
21116
32757
20028
13382
20667
3087
29353
21765
2978
11817
5423
20286
731
29974
8160
24839
18224
3401
12528
1297
10397
1691
22892
1675
2730
10057
13352
3139
21240
28732
26874
24335
9753
13966
28709
28523
26276
30281
10776
24163
10889
17010
8025
3508
6819
30278
31932
31534
28812
3011
8152
27484
1717
15210
18363
10087
11958
18756
15837
21048
16866
8995
2899
6365
8223
13354
3653
16942
4341
4495
930
25008
15076
25760
22802
12729
9467
13828
23341
22741
30374
32324
5098
7785
27080
8074
27994
21142
8969
11432
27798
28000
25714
8539
6390
10512
20023
28625
25475
7126
8659
1898
8879
5299
15194
14524
30276
16278
13579
6873
10139
21702
26917
21972
23054
22399
17917
30337
8111
10208
10316
12157
17979
27653
12237
11118
28745
5232
16904
21644
20167
32685
12136
13665
3751
309
11924
22220
20182
20372
8700
16204
12910
7623
23474
30587
25388
25576
21372
14297
6180
6925
807
9163
29875
28781
23838
13796
21430
13252
4411
16738
21241
1273
5084
11516
13043
1278
6970
19163
24240
3577
1782
29158
12302
13985
26101
15426
17452
9450
3694
3865
29728
29668
31809
20379
17896
12512
27019
26947
27043
13270
21879
2396
5890
22275
27991
13251
24313
20950
3059
5358
17850
15117
17184
13613
14563
30236
9109
28976
13814
4046
14075
23498
13579
20014
24643
27892
11201
30632
5692
8725
15482
5484
11365
29569
26056
13587
7680
17215
17954
28037
3943
10511
18396
11034
31139
16299
18774
1791
13371
22350
5491
11740
20810
12659
16460
6579
32724
10719
15398
8972
26714
28897
15010
11599
14252
15065
11828
29297
19455
2295
32726
12754
14399
28485
19710
18022
4519
31720
16845
26644
15246
9123
25481
7259
9604
22428
24397
6715
12189
10339
12543
9555
10509
6704
13955
9287
7413
3692
814
30308
24957
26227
1918
19591
7459
17305
24840
2362
13907
2155
26289
27681
24887
32567
17697
3221
16336
18894
16245
26510
18502
32392
26676
1222
25980
5769
26245
30491
1512
4419
7071
15413
3234
28988
15488
16234
22714
30225
13282
990
22223
14268
24683
14831
20701
1810
804
17360
28759
14223
29228
28019
9846
13910
25518
23469
28368
4724
25872
30357
8236
23141
21101
21293
16277
29401
25158
24644
2477
19128
6516
23194
9796
4195
15201
19526
14889
19517
2680
6997
19264
1130
27866
27572
10965
19926
18771
22608
23088
28281
12428
18299
7530
29914
9858
24210
12415
26834
8246
22748
21155
31123
2471
17846
7130
19688
26621
29165
20675
21439
27655
108
10420
18404
2279
30231
14860
14095
25356
15606
197
16161
11105
25238
13129
24491
15044
5548
22919
1200
442
9980
23109
11948
8289
4473
29368
23508
15014
19886
19538
5792
23735
29788
9435
19847
956
29797
15555
22537
7874
24552
32695
19699
7159
5294
7026
3551
22045
17349
30934
11258
30265
7274
19259
2570
7563
7725
10759
24495
27587
22095
26750
488
13682
3183
8156
5338
32447
8805
8097
2765
3675
11119
14381
5240
11447
32395
5004
26238
25460
18467
4243
30776
20763
24303
21548
8117
25870
24600
1262
12031
6078
22169
25841
30368
29471
29163
15840
20837
32601
4065
21327
7522
26561
7633
20303
17974
27655
5364
23872
17553
29104
5647
26343
14067
18887
26707
10177
30646
32464
24450
2710
21582
16126
27988
1360
18896
13990
25113
26382
27313
28402
8351
19573
20944
1242
18774
11846
18103
19536
8370
15926
30494
13243
13521
1530
27057
31655
1630
31905
3604
5819
14517
1574
3619
17899
3400
4422
17534
17647
11841
18319
31813
6899
3177
954
24096
25488
21576
570
11907
9211
16014
21
16688
124
16305
15347
17917
26146
23256
3444
21207
31926
7160
1735
20231
29933
32060
21625
9140
1761
15275
20362
21929
13506
24325
30150
27737
9673
30957
15442
18976
11630
24397
28806
22988
21211
26103
6906
13660
27808
23432
6372
10760
9384
19858
24481
15745
30828
22522
7825
6265
2406
926
13096
31334
20937
30779
9026
6787
4463
1423
4535
6680
1811
18362
24880
27644
18880
27370
31033
21848
22153
21047
24983
27565
9851
9676
10203
13337
24784
3144
17207
18390
32101
4964
27281
8707
27503
3029
4310
31399
4201
23668
31633
21235
13137
4252
10172
5831
10259
9683
28885
30584
20294
23725
11829
25553
15894
4334
15006
16727
8833
23791
6675
19153
14279
3139
12780
14344
24347
8601
18217
4812
12447
29668
14087
23863
6287
9914
7633
27958
21692
506
24569
8516
26173
27826
18791
21113
19297
3904
14097
10180
5608
24759
32460
11893
12658
9092
2401
23550
28215
5457
21220
23802
9209
22057
17729
21870
311
19165
8472
30287
23204
32423
26827
3141
3799
18446
469
27567
21060
13577
93
24039
30571
615
20746
29639
1871
8814
13594
24940
15914
5827
17582
18233
16479
8586
27496
3103
7088
4557
4920
11548
26801
12066
29043
9730
8316
2184
10790
22394
31399
10899
15785
3656
26483
201
29815
4049
31302
26187
15676
20442
22620
10680
12592
13202
32697
2126
12964
1491
31330
25682
23002
165
20940
15026
9242
4100
22165
7146
6402
12771
4210
11300
23070
6000
27241
28323
20665
27546
28480
24673
28146
25296
10805
9719
12562
30732
32751
20670
26652
31505
5045
32564
24230
21489
3294
23713
28392
8145
20616
17402
10515
2800
909
2565
1252
3046
26803
12990
20856
25642
28451
5626
22370
2519
1309
14154
24827
24240
745
21794
7417
22625
16913
29498
3907
32264
13517
25653
1028
24307
4543
5761
14590
26283
26592
10366
12578
12850
11963
2018
26205
19082
9945
8284
19892
26742
7804
23927
24979
9605
28304
962
9826
15947
17374
9518
23898
18930
2179
13495
22935
2802
416
32070
11118
15644
30036
32726
5632
1245
27879
31958
783
25537
26440
11471
26897
22070
4026
27719
22403
32403
19658
24293
7552
344
15236
19926
16018
30391
27366
17774
10696
5460
27541
13843
26377
31306
1999
7255
11943
12910
14241
29796
7991
26839
9562
31901
1441
24222
22079
2946
27507
4066
19328
31956
24443
10767
12139
31226
11412
14176
25312
8612
29376
9123
32517
21166
22135
32317
7994
7751
14911
7533
1872
9554
13949
1749
31221
25868
17291
16694
21363
14064
18954
29563
15515
2008
3450
29945
2555
2660
9480
13045
7000
26783
30374
3942
20312
14560
26721
7421
24446
14831
15343
23651
14427
6761
18568
24258
8707
20326
1784
29062
19647
15960
9201
14181
5633
15927
3237
21148
6557
13275
10644
1148
25397
19881
15267
26150
21493
8817
3951
7827
4225
14231
31456
14807
2860
12913
22785
1446
32363
14577
30735
5911
27529
17796
11728
23976
29084
29241
1573
26498
4279
32550
16355
15103
11617
6152
3039
26986
26694
7465
16968
16134
7725
29575
570
13393
9258
8242
28559
1161
5141
13046
761
3440
15674
17466
8270
23629
3410
2600
26402
3123
1459
18702
29083
22917
4291
8964
30081
3770
19378
2768
31637
11870
6249
24070
8484
32345
3005
27252
6107
22644
3049
25276
22493
25625
13115
1603
14355
7514
19213
74
24771
19766
29431
16987
19557
22295
18499
24039
19122
32670
8609
8493
14845
4259
13084
31581
27334
32376
11853
27646
24973
29294
13007
397
27364
24219
8947
11111
13768
32474
12468
25321
26673
27410
14061
28629
25064
7868
13001
19447
8601
6559
29051
27145
41
32222
17968
25557
13897
20277
23618
21401
24652
14208
31151
23727
29749
29821
17865
10093
24085
21202
26671
21579
13972
23122
5115
10819
18381
3964
21309
1150
21599
28228
9897
17196
21696
535
19852
17332
7893
16153
18949
9229
11200
177
30065
21867
28666
20807
14631
16927
31137
24396
16230
2744
18707
17275
12427
7791
6075
31839
20615
12994
299
17174
4241
24158
17003
7508
26904
23362
913
20651
4092
13346
24466
6921
24317
24841
7768
21634
32372
5955
21781
24143
10305
20602
24790
791
5892
19743
28507
11374
30096
5644
2598
4508
25244
16743
22482
17311
23740
32457
1958
14963
10896
11935
7018
18320
4923
2257
889
4533
31511
5794
16664
32228
14504
984
774
10669
13774
2844
28757
23216
12606
419
5495
1886
13362
17934
10140
23807
4192
5775
4668
26361
31273
4686
751
15183
4884
27147
26501
20584
30842
1028
4691
24594
10883
5913
30923
31686
24401
302
16464
13870
5754
23761
3400
1508
188
6684
18546
17789
4076
7901
20089
29894
17200
12789
15818
8013
878
13822
22179
3107
9220
30513
8557
6881
23482
4230
20300
29161
18932
11292
2292
25070
23597
8924
8126
8887
10144
16218
21755
19743
2888
10235
11144
13921
11787
13405
30627
4242
11571
12787
8444
29807
3869
23536
19215
14425
20021
2663
22450
14494
4130
23728
30698
29946
23869
25357
16131
10078
27720
2957
27616
14319
22109
22065
23695
12882
18212
5198
24608
8231
32073
14130
23224
27859
12077
29194
28641
13955
10204
13060
10020
12398
12352
14256
16090
31322
6292
16556
8511
4449
30234
10368
12232
15861
26897
25031
22711
8994
32482
8336
10988
21267
1178
13059
23550
3288
23964
19784
29834
1894
12952
19620
5835
28127
3255
13797
4971
28948
12568
29441
16537
4681
20608
5114
18268
2872
24397
5892
23335
30552
10668
31722
4013
8798
30732
9902
16630
8196
22483
21872
16819
4362
23631
11664
17359
14715
27631
9239
12102
19506
28083
17747
23354
3996
27361
8130
23876
16320
30970
22066
25352
20860
32748
7461
18956
31505
12425
10106
27082
9698
16184
17994
17411
11640
14058
16401
3927
4042
30800
8974
20499
29371
14668
5868
29514
8933
6309
29089
8231
28565
6654
5015
13185
2070
7689
20233
6576
15923
11000
24241
31391
20983
6452
12192
27683
10935
30802
621
7819
8531
16451
10129
14201
16312
8906
23314
20208
6569
4403
863
17069
8896
19011
22395
21435
9647
1131
12382
16962
16588
2112
2457
23456
3021
20272
30008
11962
19151
31341
1772
23188
21150
13870
31338
11040
560
23831
6414
30804
30066
28661
8900
31615
21832
13743
15912
3805
26830
6010
13292
2921
19429
3403
31098
14578
28395
11922
20187
1137
17353
15141
29656
28826
15411
12410
14431
29873
32043
16154
27688
15775
27591
13394
29079
1349
30517
11308
30693
29712
17404
8094
8315
16590
7300
8960
5022
704
19161
26819
18513
27120
16300
23649
887
20932
10907
27024
21049
25044
26546
17339
935
12537
26161
16818
26018
7846
27791
8609
18681
22140
24000
18751
4306
12824
25524
22087
20812
27952
8992
4908
16738
24542
23680
9225
1043
13115
7773
32726
3263
17456
27851
2530
8917
10377
567
24445
18603
2635
3423
11765
2477
19784
4258
9413
29626
13040
18042
22536
16331
28778
12103
10036
28118
27364
11342
31748
22514
3623
19457
30134
187
29038
11137
21623
8440
15992
4449
14620
14459
3804
9645
3346
9801
13213
27434
9880
3067
6910
24032
32043
100
18583
23254
578
21876
5033
13597
29244
30044
8111
7183
12695
6899
17205
14041
2658
26969
20717
6455
24053
9946
30464
30079
7903
7957
10402
12257
10016
28765
17897
14061
16025
18527
30175
17749
26048
21509
26326
28917
14488
26267
26875
11024
32225
7217
5934
5597
13963
31552
529
21314
16753
22928
4447
12511
26436
2136
3968
21838
25285
2984
4954
21161
14648
24836
15465
16973
30485
6481
29970
19934
9472
18934
12084
18828
2299
6459
20225
17300
2011
27124
14348
11529
15096
27236
12450
32724
3625
2652
3934
1530
31216
7331
26360
9757
11761
10138
9310
22854
16297
10528
21254
11745
12636
20916
31618
31753
25935
31449
20565
12038
20792
23743
7429
18452
1523
18207
11121
32358
24438
24935
4965
8299
28935
13847
10348
6736
429
3435
31205
17862
11492
23354
6489
26373
31636
17438
6924
31505
2372
32213
1234
15164
2443
3815
7972
31212
16840
12681
23667
15518
19219
24002
19132
14123
12404
16076
17245
3146
15698
6077
19751
30551
4142
23399
25780
17235
17809
31612
7931
13099
20290
13046
23073
16189
19389
20405
28819
19480
29153
16234
8785
16003
25833
25525
10381
4290
1181
29066
10100
19732
3529
24537
29260
4480
7919
10606
21951
209
30009
26134
23670
17632
30129
32515
16874
1553
22196
625
1911
31776
32164
23178
24499
31774
25822
27527
25597
10166
7660
23833
18521
8629
17403
4871
379
27594
29327
6424
4385
20873
5237
1587
27814
1206
7930
6853
12756
20161
3418
7779
7675
31629
12411
16561
31551
24949
9947
386
30774
10897
4295
25664
7603
17205
21711
29327
22236
4539
2166
21037
16259
23427
20782
29212
11443
31543
20867
4868
9096
19540
30358
11987
12868
28646
14797
934
24480
20115
10953
17900
9312
31706
21912
15816
9002
24221
22828
21432
4760
17117
16908
20597
3468
14534
32074
21530
15812
25835
30645
18567
5294
9682
15695
21256
1661
12979
11522
2354
31612
6013
5262
27918
27554
12826
18630
29818
22631
5364
3580
8139
6359
29368
25786
25527
11237
30554
3763
27251
1281
12889
24568
28696
1773
30276
12399
15947
8396
20861
386
2845
16764
1085
11284
16176
5413
6104
10937
26396
16658
31554
21542
21520
4544
18642
6630
12221
20277
6471
8015
1903
11155
2057
15541
4733
32749
19633
17117
14308
19289
3530
4788
5935
10311
20697
23873
6298
11281
11164
8153
18550
25811
6800
12434
463
27004
8373
28410
11341
12325
5269
27912
4440
7842
16003
9298
3199
2391
11297
2945
6939
5197
23845
8194
3887
10886
11612
14335
27027
32653
8175
12430
8018
20304
28645
19496
20048
20530
2537
21852
9520
2909
21325
22980
628
3925
25168
4409
3814
12499
2972
17731
22327
19920
26899
19667
10471
18144
15819
28725
13924
8897
23383
18752
18038
4148
27721
29648
29402
14859
18420
8822
14894
8580
13175
27501
26893
29397
13303
25040
7802
2056
22059
20235
28546
3593
3870
8336
28189
32766
6704
24011
5974
27862
30814
14935
27819
15141
29892
6258
15543
24367
21088
4014
24334
14146
1817
19434
26473
586
10240
22657
5123
9375
27349
11201
31554
12065
24781
1695
15514
23687
20114
31912
14511
30964
17804
14395
5305
26571
25183
20214
3373
15301
21685
14958
23450
5441
5181
18723
13264
15067
26356
7091
7240
8255
7331
589
9664
20288
9128
20073
17958
26404
23290
27830
23223
9794
17768
23380
5480
12752
545
20548
22917
4086
11897
9245
19352
2086
5354
21760
6284
23984
19801
13773
14354
6289
12955
7575
11844
20620
20792
11094
4232
11901
13167
29148
20920
6121
11898
8203
6528
14553
5395
31044
11015
24553
29494
12834
7889
24732
14121
1385
29668
28658
27578
5433
15401
12093
26568
27784
26646
22832
5892
13519
30090
17721
16377
29698
1528
13585
27466
26310
8136
8337
20539
19167
7930
29639
27251
11751
6413
29513
7425
5190
14367
15049
1692
3166
20821
2538
27439
518
14973
21330
22165
26170
8946
16896
23712
32528
29632
10464
6753
29678
31497
4253
23715
27131
26280
22455
4025
17619
21011
6357
23674
24447
27526
19292
5769
20900
29790
21056
24538
5370
8387
27931
9585
7936
6793
16252
22893
17135
11096
25217
3654
28652
21003
13480
22355
8065
18263
23522
4751
2126
13741
11753
32668
26876
10337
29396
18440
32627
30219
13801
23760
77
10798
6322
19746
8842
12823
23635
31335
4997
20744
5402
19841
26406
8086
15448
20817
22618
6736
5231
22141
28096
929
4909
1136
22182
7416
18008
31650
5171
31525
26250
27929
17125
31239
3135
19248
6207
4964
15149
30615
26811
7448
14292
4763
18950
12914
23381
20391
9580
19675
22919
29451
20113
20408
11592
23805
29283
2962
7953
17885
29260
31860
6606
4030
32684
18325
16876
20769
2950
15415
691
32003
24186
23503
1494
19483
27891
11622
18760
19293
15265
24639
18258
13250
26666
442
25827
28491
10780
19064
6695
28484
24615
18112
2394
14278
32137
24098
30687
17535
27593
32346
23948
10933
13480
28023
32329
7305
2133
1852
16857
12665
29664
27078
15863
6185
23537
21871
9893
5475
4026
17395
6337
29788
2090
31441
29401
19513
10083
7412
12352
16081
3183
32659
31329
5301
20270
18006
25684
23150
14483
2746
1199
25349
19216
4790
24991
21449
12111
23199
25399
7500
22819
30281
16391
1455
30910
3439
6129
10271
3108
30548
12600
3488
9440
14763
3034
17161
13813
28340
16160
4176
32279
22185
21875
13576
25115
6232
6769
20008
19373
29969
3904
18702
24641
29634
31010
1988
9292
18273
15946
6785
24243
29834
1263
12915
20611
31338
18590
12731
5348
731
22996
31930
15688
24016
31692
28811
32232
19444
5270
8912
32369
23694
9065
20146
8954
25256
28986
4899
24890
17776
12173
26214
30200
12254
31116
25298
3778
25495
27478
20691
15330
13074
17305
4657
16014
26361
17251
21141
1887
4818
16437
8521
30981
7390
7258
22591
17208
32065
6518
29781
27121
30820
14690
17111
19675
22680
8503
2117
17156
27388
12969
1111
7897
17312
20375
30527
11857
3306
31711
3118
2920
26169
20855
19737
20687
5577
31418
957
1762
4567
9983
11233
23770
9477
11632
23259
580
12799
21018
16469
13490
23135
24896
9297
21936
3278
5365
1643
7417
15980
30954
16990
15083
21363
16516
24010
32569
31511
17201
25397
22496
688
4861
28239
15452
25626
24928
19834
22811
4956
9818
23689
3890
20361
15810
31944
7247
31460
28380
20029
32494
15943
4649
3630
27344
31686
18819
16100
25001
21647
32361
31918
17434
17940
6807
9256
28382
8813
11993
11708
14408
26615
31778
25194
25069
15426
4824
19909
21150
3626
31859
4414
11417
9027
9030
31909
5119
5243
27804
4077
14729
32250
14599
18992
32119
26189
16117
27122
16074
8388
29572
682
10931
12056
30104
2943
8267
26193
12074
19279
31876
23271
8419
17909
25184
22568
3049
3788
21345
26329
28153
9327
11328
10016
950
14787
23010
418
17728
4152
23175
29672
4361
18251
24389
31751
30948
17744
8629
26496
25951
7534
16876
2405
851
5867
16556
7101
12217
14761
27100
20522
21951
1009
17206
21449
29468
11632
21312
19034
13984
7039
21629
1185
27919
27304
10468
30219
12335
12645
8593
11669
3104
24618
28347
21994
3820
25254
19430
203
30303
26183
15449
16820
28697
27132
27603
23485
8161
31550
1914
1726
24636
17489
8980
4022
28990
20423
32377
22638
2465
9543
16200
31321
32276
9100
29402
4287
29397
15280
27764
28186
19330
29099
21441
16577
19757
17943
30591
27331
9902
27958
14456
4374
21309
30517
8372
9713
2880
19890
31469
29302
14177
10877
32323
25492
6628
27547
25137
7724
8759
26769
28352
7794
7883
11487
23802
26263
16675
15306
7074
165
10283
16734
19490
22442
25802
21684
3013
11288
11450
12145
23846
10092
12184
32399
17897
21262
16951
12384
29864
30328
21562
25551
816
8347
25570
23786
10478
24702
25636
8861
29092
28969
18687
10688
19552
23745
11788
12629
1711
23284
19287
13322
2062
28312
11373
4870
24993
1678
23990
24033
1576
9709
1029
23540
15918
22364
4718
15060
11395
28608
4696
1561
30445
25624
12754
19556
26395
13988
3115
5536
6106
16205
24764
3719
652
21313
11273
3432
213
4062
22281
21544
5783
19665
28865
13192
6177
31103
9752
29605
163
27044
27622
9669
3301
21817
3918
17232
28217
3996
8270
15901
10671
14827
27284
26095
30599
29872
28819
18240
14060
21700
7383
26429
18911
8045
7573
273
28017
4554
7815
10342
25141
14193
21750
29993
30965
5206
4633
7310
22436
9711
20381
6997
2708
32661
27269
21835
13801
1582
52
19987
31566
3849
8648
24358
26598
26121
20906
3865
32389
32518
32611
28191
12833
22128
30130
7118
25731
17717
28379
23078
15682
19429
17217
20943
27890
6421
26167
27554
12441
20225
9492
25451
10594
19573
23685
30701
23702
31981
6184
23591
28615
29691
20566
19926
30031
22505
14912
30011
23801
24479
24125
29214
23805
26568
26722
14867
26418
25393
26452
11260
32383
10865
27994
31951
146
28367
18358
24986
14293
21600
16438
6852
18846
30576
7430
17557
21671
24867
21192
4344
21437
12124
7398
20096
6332
29662
28711
24746
29626
3762
31617
3426
23171
1992
11055
17352
9286
11233
25091
16435
11661
28843
23804
12662
30834
25646
29979
17251
7440
11112
13171
12942
7737
21556
27520
19796
30311
32369
20409
1563
28916
8287
13416
31450
9101
27212
29882
5597
7140
3441
11794
11202
5541
27159
17827
15048
19628
26878
27710
12105
16245
1022
5224
20868
30163
16879
3760
16544
8165
10695
16448
7918
8518
28930
10161
21359
23685
26951
9252
1174
21205
29000
12942
12366
27653
27882
5459
1343
31410
2214
6679
24909
20667
19502
29136
6498
30709
16468
20256
28270
25376
11304
16099
21420
11034
11617
28420
27174
11347
12287
22420
21883
6273
2350
31261
19936
20629
14700
11059
4965
6893
6638
6733
9850
2507
31040
3027
27057
9734
27437
31096
4293
12799
20446
3274
220
6359
22086
10247
1545
24031
32189
28979
533
8272
23274
4967
30847
1853
9191
10860
7105
10693
18336
3209
16341
18317
5244
26264
22008
25966
12864
24159
21934
8810
29488
12062
14086
22757
16503
29797
25119
24593
9672
5928
14315
427
16454
4373
6195
30693
5281
31269
2267
1955
4226
5234
25192
2793
15146
19016
9663
32660
22870
21118
24367
28233
2149
28423
15026
15788
5308
31172
11632
17874
3946
13212
22661
14328
26376
2511
2308
11893
2019
17799
31036
30957
18270
22961
14138
30920
7825
17162
21647
8674
30774
11901
17235
29572
5574
22956
1129
32148
20447
25037
2821
17928
13801
29879
31084
8864
20729
6204
6907
23253
3573
31674
16235
9741
4858
2029
23379
23056
1018
8455
4590
23999
31402
20227
3103
13316
13723
16438
16562
13061
17062
23079
4581
15261
10382
19616
25639
1292
21473
23301
4639
20717
19231
20453
25072
7017
28190
20175
24508
7083
17581
30823
16743
10387
8312
5304
14237
21935
5676
14284
20502
23655
4571
5242
19736
9591
2721
29056
5694
1699
6536
29906
9849
2213
30633
14641
6996
18795
10132
25086
18812
20095
19954
8529
31359
23495
32105
25670
14292
8814
31168
6551
18204
23586
13892
18032
15271
9856
4970
23934
16698
13004
8117
3146
1039
7654
24538
29381
23070
1145
25123
31011
4507
10102
8465
14317
2240
13505
31045
9810
29388
2090
13984
703
28236
30878
31914
10671
20633
1438
3632
20163
19106
30961
14386
19477
19179
20630
25596
31690
16598
1277
5266
20454
9506
32631
21329
7268
27569
21738
20436
18311
17038
6345
14101
21611
16942
23619
1492
31711
29430
11707
23101
18295
19454
11385
2245
25308
3861
1183
30805
5991
9733
26462
2474
9710
25880
21353
3580
29406
22234
16810
4317
14474
29985
2613
31077
13251
29515
5498
18060
32425
32199
11710
27351
3520
4823
1228
2871
839
22675
16871
9518
19653
5170
11268
24627
16100
9861
17462
3672
9090
12740
25706
8234
28166
19597
13908
4056
2544
26154
5801
1944
30645
16403
14479
18247
11209
8371
7506
3407
25597
9071
13400
1742
26379
18917
14167
2805
25199
12913
5829
9646
23161
6134
2704
13697
24737
32475
6928
8376
1050
13139
13882
26049
12458
31970
9494
2773
28600
11037
30067
12503
16295
24497
11225
19839
30050
14758
20927
20663
23608
17893
13310
14661
2027
22776
25990
23723
3331
13842
23119
26187
4968
10063
11923
20943
30512
27452
28219
25800
27574
7066
28823
27541
21740
29023
7249
15751
19186
2558
10148
19523
31719
4584
10441
16999
24575
30803
2738
30064
29653
4154
14843
11995
27907
17061
7710
4234
7409
13866
13030
6250
30186
4020
22054
1875
26229
12419
7594
12079
32482
5492
18798
27743
5411
15235
9742
20058
23261
11662
29566
13207
6591
8028
9211
23726
2579
14813
1857
15034
30610
31923
13823
32001
10365
22770
20872
8663
15081
26916
27595
3775
27739
27281
11141
29652
32660
23485
181
32359
13486
25649
32081
7914
1896
27006
9783
26124
10175
30080
20582
15654
24766
20960
24174
32214
24982
31964
29221
11497
7409
23371
26268
23679
12932
19419
9809
31081
5859
32670
12710
2006
28058
15301
27026
4911
18809
26795
29335
21823
18223
4629
17396
22679
13851
15544
14107
6705
17246
13563
11109
28243
23349
15103
4613
11446
13446
12252
30267
26600
15032
10286
21962
13295
18888
2001
23979
16431
28825
2792
24323
18574
11660
24612
4179
8661
22865
14403
28398
25945
13309
28374
21681
32732
18524
12360
5614
10158
6536
16668
15273
32279
20154
19062
11783
24570
20833
20445
25347
10674
4465
12863
25955
29248
25598
25653
18410
424
12297
13193
22736
1688
23962
19446
10607
20299
15119
22318
15935
2477
19635
24098
31492
20160
14994
20349
8006
32062
20620
20337
26370
10112
17577
13495
9119
6302
14252
22225
24867
13528
9195
4499
27559
14644
11869
8673
18697
7785
3573
16314
31456
8956
32046
6518
7349
16553
27112
5195
12912
4356
22386
30230
15120
25952
9960
23640
23455
5616
14783
9343
13925
19500
8862
10600
16989
19574
22639
31265
14053
766
8119
28147
24505
22499
7714
14752
27938
3739
19555
27113
5227
13460
14906
26451
5269
25371
22742
26411
29516
22654
16222
28104
1561
11373
7627
17936
7128
9126
20984
4670
23149
26322
21244
23010
9395
8361
26295
14632
7349
18269
21931
5470
5665
5430
4365
31409
3321
29817
32540
1847
29836
25231
25010
1843
29349
3683
2841
9876
23298
13836
21791
23486
32519
1964
3693
28557
9652
2456
21012
18071
16341
19897
32105
20402
11384
29746
14355
15287
8612
16706
16994
25221
3400
19052
32227
31048
626
32470
25649
32251
1729
3824
24589
31787
21533
30549
15537
3838
25253
13046
8034
17525
20201
22645
16197
17902
28762
9935
20339
27117
13311
17726
20303
4891
3945
14942
13592
143
8168
24206
9914
29517
18943
19865
13546
19724
27926
7062
19569
3133
32623
20748
20936
18760
9819
29274
6886
6425
7854
5718
15190
30939
2416
20533
22156
9987
28885
28843
27769
3473
6511
25170
21597
8594
29603
9552
23005
23530
16730
11829
12373
12112
17400
11298
12399
8090
1682
31280
5109
24123
6236
16399
9187
4106
19296
1518
3265
8261
19318
16283
19759
17621
8560
4844
29378
6099
30357
23901
6414
27212
11345
15610
24324
13377
7210
8320
18047
17906
5110
8895
12825
7773
25163
13634
30019
2817
1848
24114
10901
29927
23858
3448
17506
32483
20049
19746
2960
22808
27069
20744
166
28090
28003
10671
21287
19224
6124
7789
25375
28377
22255
29390
251
22149
9573
6967
24477
31048
11870
9417
27824
3827
2035
21640
825
18500
6780
16829
11375
23655
2051
28569
25293
4028
10232
10778
2917
6107
27429
10803
6519
214
15333
17703
4162
30654
11921
11062
22298
7784
5692
31099
5051
19568
20896
8981
32477
24959
25687
30085
26377
3274
12367
15447
21930
11739
25464
18437
2663
12948
28095
23576
16560
5745
4928
18576
29591
26381
28343
12934
5090
29160
30776
20496
25694
32615
25633
7013
28790
16156
28236
16705
20739
18760
25993
20107
13158
22942
2891
24886
22229
10058
7073
24677
29682
32306
4456
32722
17058
32124
31424
4720
4636
8016
29116
28751
10048
28127
3422
29632
21803
2468
24258
20923
1032
25833
20121
20861
6696
22670
28377
10101
31574
30214
5299
30561
4708
15010
20166
16821
6410
2066
2962
16444
4593
1577
1071
30209
10506
20960
16190
30320
28196
7582
16417
10169
7614
9910
13927
1141
27673
9265
16778
8332
1682
4815
7389
30038
16175
584
18368
14592
5752
18391
32278
17714
6024
14841
5369
20718
14947
22899
4012
444
16522
2962
208
6148
16333
18870
3035
15035
20321
27154
6855
9793
2866
26029
7175
17034
24954
16300
23743
25725
24211
29140
21300
16025
27402
587
28034
17630
12276
9886
14477
2027
5509
6152
29497
19300
4062
31986
25054
23446
11815
2998
30198
26206
8158
19112
7705
23366
9326
4439
21036
5874
6404
12048
12245
23995
6302
23204
15153
27033
25189
20331
6090
3910
31292
15241
19907
16032
14233
25456
28502
25168
13971
7847
12929
25257
24381
4553
21243
20434
30515
18896
20589
30504
29042
7315
23775
26590
28781
29326
3952
10982
11869
24034
12107
12821
16344
8860
10966
17026
25765
5178
3885
24111
23247
27756
5070
28907
26616
32535
3734
17526
3312
28575
25580
32743
6022
19302
18236
13899
1694
11664
24487
18575
29828
20490
9464
7840
31616
11722
2266
31696
18603
6744
16457
29308
20736
29325
16711
15083
23734
19098
18640
29050
23758
15693
32015
32758
16104
16528
32722
13898
13146
9011
1340
22106
6531
6123
17081
5934
1629
29082
18999
25427
6482
29904
9620
22142
4945
25234
18002
15987
25632
8283
7570
8997
8692
8545
28736
6687
7999
29977
15243
26914
4809
7933
15768
15376
1538
7053
30327
29192
32151
13972
13654
17875
4163
5804
1524
21887
24552
8708
4697
19785
10462
8289
19653
14785
23434
15971
30182
17704
29747
22026
21325
25629
1298
8312
10787
13689
9896
13561
21016
6519
16981
31040
29853
17432
27429
26356
19539
20165
14573
19051
30915
3382
22935
24245
14927
10644
19642
27356
10856
19418
32110
17514
17410
20609
11870
23340
20549
21084
27678
12854
2950
3009
31167
27175
5749
21225
27553
16558
1944
13721
25737
10573
12536
30722
10483
25437
28186
31463
31914
12627
3632
19709
32405
5441
11921
27543
30420
13984
6503
30338
19212
21836
31911
23342
3326
28112
3399
15119
22367
29412
27307
4419
27875
16436
22112
23413
19868
10851
5132
18945
13954
20560
1445
15193
16211
4504
22498
1703
2717
20060
21231
22964
15384
21572
9061
11784
10554
7363
12153
6483
30726
16541
19572
32011
8229
17575
26723
22871
567
9166
31759
18220
2411
14939
22831
23989
2893
30326
10461
1785
23008
29160
11847
1976
15341
22821
8615
16021
16282
17289
14197
24187
6974
24802
10202
10297
4212
8239
19049
26479
1391
13223
6666
13998
18573
5629
13622
20187
12846
29923
11882
26068
6342
9421
16597
24662
19249
503
15700
23327
1351
25257
17313
20303
4785
32442
7112
22036
5115
28755
17370
20358
6633
12789
1508
28880
2831
15805
10786
32145
1948
12775
6513
12418
16247
7826
1027
5976
28301
24770
24662
26092
29545
11947
22119
1177
13317
14637
27427
24037
17631
1691
30
12132
1616
27328
31623
25050
11289
16420
11356
11424
25407
18059
16090
2121
2586
19135
21816
13444
11944
31631
6292
21828
18215
4120
22062
27423
22754
9027
31956
10996
331
26767
3741
30929
5450
7697
23258
2580
19157
24505
5194
29392
8385
16342
6029
8818
30935
18652
30171
5028
6187
19557
6134
13169
425
9079
3421
17322
24305
17413
23491
15497
27493
20408
25279
29077
5503
32751
10181
32197
19049
4868
7765
15080
8135
7889
16498
18500
20439
27762
2902
25726
15293
16717
13412
7866
26648
14672
10846
8962
10201
5754
14040
9708
26965
10653
21485
13175
22937
14434
2608
25911
20989
1165
27365
17330
17404
22658
31346
22281
5954
15624
7952
10971
11783
15438
26566
18790
924
22060
16280
29167
6467
2474
24828
3684
9540
6086
7565
11329
14397
25458
19971
31920
19642
4829
32355
8180
29957
22003
10867
16391
6976
30247
7793
16002
1968
4976
20484
31166
8540
12945
17267
27961
7383
158
20757
12603
3418
28604
24329
7609
3093
4392
25382
5241
27079
20603
16693
13943
7821
29740
22878
2184
27639
1878
23265
19261
25953
4283
12039
2570
21121
15114
4183
9639
8252
21085
8716
23991
21438
15110
7111
7592
13257
17803
23938
4314
7245
1007
32709
16899
12346
1075
13340
18898
23954
5149
2504
20690
26562
29240
27317
26770
27698
4124
25772
3
5403
18927
4810
30497
28313
14124
15153
5589
4609
30883
29949
27162
7028
10178
27258
20832
7604
19218
2964
12589
2103
29700
17550
8970
13178
27118
3319
6045
1944
1617
25306
13587
28955
9821
1590
29889
6162
21943
2221
17418
3428
5753
1408
11395
25187
27259
5563
18261
24228
465
21677
32739
18447
12948
2203
27053
28978
7654
17334
11636
474
9776
4425
20896
11749
6830
823
25054
20050
15406
13221
14861
4250
32532
3828
30811
12355
11938
31218
23211
28338
21878
10321
2875
15681
3924
14168
8323
19857
10278
24792
21600
31778
11329
23138
13937
18720
19946
13495
24001
21376
17433
20352
23975
2636
1661
13631
491
2107
2751
29574
5674
19845
26379
17255
15484
19445
32205
5675
5971
31040
5816
23110
19111
23445
2317
3211
6224
17525
23322
27037
7091
11717
31489
21414
26784
27938
29882
16459
4475
12660
18779
17119
22682
32454
19351
1750
4335
7253
9605
20093
29159
10470
27555
18921
25233
18781
24859
23085
3
9612
20805
5329
25338
10057
8812
7039
26816
12227
1493
7166
851
14102
26877
3173
21699
2588
3107
30600
6620
6790
25094
28087
10245
5420
7408
28072
616
12962
3315
22961
19027
30220
13171
19770
3806
20019
12261
26227
16335
19672
27093
22594
18362
26696
7214
22656
4461
31536
9654
15972
31883
30387
17112
25919
1398
31418
5286
10090
9330
18571
6430
1405
10248
17310
30892
19906
3753
29867
19697
22506
9108
17160
17603
10494
25338
22578
18805
5016
26975
25002
2392
10322
29251
9474
2945
2687
10754
6711
12493
32025
22265
65
17955
15355
7658
8169
3065
30032
26017
12507
22298
30540
7640
5372
11942
26138
27993
24061
2906
3605
2914
20785
7185
9786
18509
23963
13195
5853
2416
14412
17262
6300
15427
4844
2186
16274
1216
8342
19553
18125
11024
23785
24551
12289
3171
18779
13190
2941
4896
5329
12389
31839
31294
24941
14058
19716
24561
7335
26238
10179
27530
7584
4752
18395
2712
32178
2268
13993
2388
24396
3309
26911
2620
5885
11488
20849
8445
27342
21356
14609
5270
23509
15135
30430
3259
11783
9962
21913
11895
8782
992
16024
27670
5852
22587
31934
3138
446
9120
11178
11372
31156
5284
10031
17006
16704
14222
3844
24942
2045
606
12989
17925
22066
25103
31226
28064
22183
11546
7391
15655
29367
7995
16580
31453
29863
17015
19757
8072
9270
26974
3324
17105
4469
7822
28645
9965
473
11640
35
10109
13199
10343
24681
4019
27407
4030
26140
7095
32500
32384
9151
10569
22027
22
30639
23463
2986
29517
29456
14001
11843
7839
11527
30027
19512
22963
22057
7939
17137
28711
8244
8436
1069
8588
19965
28137
17813
25266
32682
27078
20119
17446
3873
9252
22641
8698
4289
9788
13452
196
19535
22534
11532
15337
16947
16546
21413
26908
4324
9718
12976
5409
20129
20377
5246
15831
11106
28911
21740
11637
28430
32406
28983
6932
10222
29441
18962
13422
7522
18019
19446
29925
23250
7631
29114
28103
26344
30109
21859
25552
31484
19215
17213
26096
20176
2357
811
16719
19582
15629
19515
30351
16558
21743
5757
5201
23308
28456
16150
6906
4858
31718
12944
19895
17537
13908
4468
5310
6542
14597
795
21719
4955
12694
10945
24603
18475
30607
29403
25596
10554
2699
8874
30854
25844
15257
29201
13541
14693
1505
4004
27942
19185
23179
19713
32066
21317
25564
25955
17752
15501
930
4724
15162
31975
4307
25443
13611
17944
6257
2615
20967
23935
9648
4963
8676
12359
21851
15258
30168
30688
14452
22500
30331
687
18971
1010
27022
29956
31920
2734
18460
5709
8764
15639
2560
32394
13325
11084
19111
14337
15777
29670
11031
10547
28358
7563
5424
23310
6398
11969
17458
28516
7208
30719
13952
23452
1629
17418
27812
15272
27417
25215
6546
20791
13723
16555
10289
811
31374
1187
14871
29005
3304
24209
916
28735
23059
1101
10483
435
20811
2861
252
7387
23111
5149
24766
23328
7963
32242
21643
23831
11613
4603
27203
31665
12934
24281
28886
6578
22428
13713
20740
10596
14
31968
25447
14988
28640
20175
26548
9373
7431
5254
318
8492
12311
5221
23739
27300
30747
9809
25419
13115
21956
588
7862
2084
25031
23881
13045
29958
21120
18494
4341
31662
25819
1402
18071
13313
19572
18489
4091
10292
28413
4726
3582
16703
28385
9472
17921
22414
18726
13776
20205
15354
2712
24730
20339
19705
24612
1442
12697
27665
1666
2769
12146
26515
23831
13064
7468
11397
8217
32692
5201
21728
3572
20643
25670
26108
31724
13846
27672
21320
7684
10519
16759
6462
1567
7692
18691
1174
7782
9613
9159
31162
8937
3955
5635
20603
24201
17457
19247
6146
12053
18536
6972
22281
5299
7861
13597
7243
20610
31694
21126
29496
22141
205
22772
4334
5795
28619
3053
19813
24917
3761
13449
15593
27391
11339
25137
32206
13050
31646
10407
3679
20913
14716
32582
16151
29187
20565
9612
5396
31209
28240
12501
12488
9817
16794
10089
3314
7786
20222
19641
10700
16824
5815
742
30854
13834
31618
25987
6900
30770
8183
412
19332
29749
11800
20215
370
26796
15659
20121
9535
6506
18885
29324
26975
5471
29736
13024
6962
5052
30926
29680
53
11352
5958
8679
4986
28499
23359
9602
14165
8185
31715
5655
12121
5865
17766
19670
30338
3958
16606
15695
17844
25677
3669
14132
24164
32600
9500
30048
28053
227
28259
7705
6919
25086
28167
6290
6315
5666
28075
23476
18009
28695
24074
6686
15813
19988
25227
28523
23216
20777
15127
29363
4955
9178
39
21076
13633
5133
25889
23794
23045
1062
29924
7100
10410
30576
31905
25073
14082
15807
6382
30115
8041
595
6421
13756
7859
16896
11442
24894
20066
27788
3965
25551
20252
13657
10084
19316
30557
22339
18653
19357
23146
20428
5498
29026
15238
21879
10429
27916
16743
3441
1839
5335
32235
17526
940
1270
7688
12019
3841
216
22017
29800
9657
31146
24032
2577
20531
24093
4640
8389
26872
5993
3242
10782
7500
22418
18947
14554
23555
7401
11971
16513
9878
3799
329
30792
30838
6102
11181
25910
14496
24768
23030
20357
26994
4428
18573
10059
2749
31189
22258
7258
25115
2654
12974
28004
7555
15060
11913
12899
1050
18578
6652
9783
10572
27947
11497
13201
22044
29283
23434
18705
7352
18302
9896
14507
19025
31678
15373
9807
11049
16935
31547
18889
21742
25221
12894
2022
27462
15280
10112
9944
4779
15119
16892
8667
1401
27995
26677
24601
32581
3237
25991
21195
29297
12187
27774
16034
15357
32263
2374
13413
18848
3736
6243
31963
26136
20965
5538
31723
8126
11951
22352
20226
32093
13158
2473
10933
30020
239
32403
15272
23194
21157
9613
3758
13554
18334
16354
17457
13855
20783
9506
4821
16970
27314
11218
23896
15938
32390
2659
24509
6162
7256
17505
14249
15833
25761
30701
19469
30422
19824
8045
22533
21187
9322
7042
7424
9060
29199
6459
34
13407
8767
10376
5862
13646
5628
5873
26376
2579
625
25223
23970
30059
16691
22811
16789
20935
30152
14255
9514
19543
11366
24106
6905
22119
22012
27472
12810
16622
17783
21744
32059
13924
4670
20575
10721
1749
1022
7974
27058
31284
27565
5112
13283
7409
3529
25575
8589
15053
481
6103
26965
31726
11095
12850
15948
22574
12132
23773
5652
21689
3164
13163
6725
16343
13876
32145
18702
24326
23617
28122
2336
17228
15426
14492
13511
14283
9889
5931
24666
32406
6134
2892
24534
20419
3021
30445
20422
20162
27817
23571
9574
27117
17737
22803
2567
22623
5929
13573
1461
10762
31308
4214
15640
7684
27193
3677
18072
13090
25668
2384
23236
9928
15118
10488
25589
22015
17231
27587
12590
13512
15827
30936
20551
20401
8899
20048
21323
2981
12838
8099
1310
6152
28071
30816
20835
18180
24473
30498
25500
16413
21304
13503
16787
16652
25138
11202
25850
24778
31590
13340
6222
2283
18155
26390
6913
6445
2900
32650
20695
26961
30770
2643
145
7465
31195
31490
26057
32499
31338
30930
6685
21477
13319
30687
6543
24329
30825
29330
26156
1611
4504
22368
3820
19921
8184
32436
7642
7562
6531
15657
12660
1290
20054
26109
17749
29077
5743
20931
28177
2681
3253
15703
3169
10145
31544
5399
15232
5736
23739
80
32468
8363
6000
16631
29393
2594
21762
15258
1307
30704
7128
15253
30698
30328
3481
18313
13491
4467
28395
6666
12805
12863
23681
4760
28849
14458
20820
13009
21549
208
25136
31716
23098
19985
21107
16457
30149
18567
26130
15792
4363
1926
5340
4919
31489
22852
771
26591
17395
15595
25304
21825
19819
17133
9174
27261
4436
18328
4834
23412
25695
15338
20433
12343
14246
28838
15403
2238
7568
6055
18222
18654
5620
28533
15126
16501
25985
19734
28572
9192
31837
30759
1469
26831
12300
3371
4284
23278
19604
23074
20586
32104
16606
26974
24741
3119
27232
11922
543
12735
17401
2604
24673
17676
31772
5860
30991
9144
13873
30101
2157
31882
31544
2892
7970
7708
7600
26015
17724
7635
5303
14657
20085
27412
4722
11987
17332
8885
22959
29180
1495
14002
5833
14011
3504
15906
16332
10492
27981
361
16346
31338
30333
5806
29134
645
10895
8848
11806
9460
22365
4372
28678
29212
1418
23266
21987
13809
7175
10930
221
26892
23772
30465
6088
14335
7973
25608
29004
5349
27226
494
10564
1853
22228
15165
9573
11768
22413
1939
19744
10192
20776
13978
30921
21980
8753
26425
23544
11361
165
32524
28464
1516
20661
13842
7358
11421
22727
2726
13540
3526
30398
12721
27959
19381
14971
22301
28486
8653
2467
17037
14972
20188
12451
13387
23880
31144
1266
3713
18810
17355
31894
7853
18417
32449
24298
6991
20339
14144
29342
10724
17116
2759
19711
280
23163
31610
9849
31544
15545
13869
22618
11494
2555
32447
26584
21520
24522
13993
16982
13091
5938
12758
3811
11387
16999
19894
14596
12831
11695
32398
6323
23979
26491
18194
23463
17549
5079
20021
5078
23668
3845
1856
3897
1030
9061
8225
23759
978
22169
10758
8932
7045
4581
12331
10899
28512
10716
12528
17546
27113
2361
11567
27405
26081
779
16844
17726
13431
4117
32654
28571
21435
31604
29997
11720
26965
17026
8108
27023
21879
11259
13544
8997
29200
23134
31858
13998
21059
23958
10906
6916
5655
2010
29132
32180
9840
2514
15904
24650
27966
6651
20268
6863
24052
11084
9245
26511
25148
30490
28166
23584
32488
24121
31863
29599
17708
25956
22610
3645
25611
20702
218
2554
28176
9050
32525
22705
10046
1049
17204
14165
28489
20562
184
27258
7175
23510
31799
9239
22561
9460
32727
30346
23054
32666
27098
30940
1858
31678
2419
71
22434
2812
15832
4853
3388
10625
2969
30731
5173
3623
7216
2278
7938
9697
23513
10148
21211
24154
10660
32487
6253
985
19912
28373
25808
13928
10810
19300
3768
14901
22910
20436
1007
10040
12222
27517
29443
15382
21017
19402
15676
22598
22589
18310
17616
24946
11320
3926
27482
6176
7307
18311
21641
8081
21632
28426
16661
15593
11966
14269
5624
4497
5659
13293
25562
21722
26801
32024
717
20707
4404
14327
5690
9916
19075
6587
3355
7627
16764
21144
29291
623
2325
384
8667
22500
5288
5425
13511
24935
11407
15985
15208
18074
4337
22424
5707
22313
16091
25936
1026
12718
2963
5273
14105
20946
2601
23056
2124
18869
28494
5744
6390
10897
26473
25689
31181
24730
4840
29520
10701
1576
7380
5128
370
29207
8105
23007
24106
1390
19556
30124
8714
31808
2013
11704
23488
17872
29271
5898
10953
10232
3414
29672
13284
12748
29617
23450
14790
16762
22503
3953
11791
8565
15542
8456
20093
210
7146
19914
8799
19186
28532
13236
27725
8801
20667
17244
25623
766
8759
4915
19707
20316
30523
30727
15387
19817
11794
1740
9006
22093
28750
25499
29557
15765
3421
507
27888
13201
25437
14944
28115
9978
18993
22769
22068
27096
13525
2446
21510
7587
31982
17682
11082
10921
3238
9173
20100
18095
23222
14710
23404
20187
27844
24023
20455
30930
21488
1896
2869
7965
22442
6825
28524
11473
17094
21226
14117
27759
1746
10325
21365
15881
10663
22319
26143
30886
12606
27739
11271
31464
453
31520
27626
12012
25074
24620
15693
1394
6552
13784
15283
11326
24184
23981
31251
958
857
17191
19081
6124
7515
15290
11852
8310
5000
10259
480
19484
19628
15008
14733
23386
28518
1874
16911
20040
26752
16546
22927
10686
11132
17874
29906
6075
24943
26229
1201
26376
31251
32561
12233
11800
21271
21444
21619
5427
27065
19013
26359
3028
19095
27564
32764
27983
13250
19861
12099
22710
7445
18753
26261
16382
6853
9182
4346
29278
20024
3080
10796
9720
22811
4239
27211
17595
1711
29819
22994
136
8035
1101
25034
29331
6824
20616
11326
18957
8961
29040
26862
19968
8281
14354
19015
13946
15514
28804
20115
8429
5755
6510
10606
9174
5786
13513
24953
17821
6858
5607
30290
23228
27566
20660
8899
3876
12423
11835
3897
7900
21834
19052
2168
492
5878
16156
3726
3961
10788
77
20485
23601
12255
19888
25949
22506
27831
23912
24762
28293
30225
9233
1497
12313
18881
24065
15944
17486
987
15821
7639
11526
9925
25615
2890
7235
10641
1127
24912
24901
16522
23488
7097
12530
5133
23509
25827
19835
22939
12275
6005
20797
811
32512
2128
8421
30917
3772
11459
18648
4172
11335
28926
18898
14236
32228
21194
6348
1237
8700
5239
22052
8437
16230
7189
32760
16557
27365
21223
9170
8045
1522
6420
21387
12482
31420
8608
24937
31713
31086
19099
10123
21892
6832
17816
24199
27636
2928
9313
18257
22887
9698
7657
11359
12429
7109
8066
32266
14182
5609
32336
3640
17494
27886
23806
12088
29051
24398
6575
14829
6718
26782
22584
16175
22312
7696
31884
26734
27640
13373
10615
19352
23538
4641
6032
13885
6265
5479
22633
13298
32224
27623
23048
21491
4734
9838
16027
29196
15360
26813
23655
1721
24323
23252
31234
17036
7395
16240
6850
30927
9165
21458
28533
7531
17692
23746
16210
23048
17890
1236
23856
32374
7620
28650
31990
20555
6156
10234
32083
32206
2809
18193
31151
14356
6489
664
14433
14441
12890
31703
18722
13554
17310
31159
26561
2192
20877
28620
30489
4614
27119
30354
10305
3679
9402
6391
8706
29322
10024
6938
15502
2120
23821
7763
9582
21064
23656
18035
32701
31631
10040
17485
21652
22046
16273
26997
26565
11471
16878
10567
17612
27777
31177
11051
6146
26740
9321
21016
10260
15862
22012
23895
948
6976
13541
1674
14222
28059
32599
16620
8318
15047
3875
32218
11776
10652
20430
6803
10472
32242
23271
23356
21075
3007
11927
5927
28381
25983
12922
31316
4628
18905
32429
56
15917
5247
6441
3006
11254
13910
7503
16524
20236
30935
451
391
27214
4277
28798
14489
18577
17343
25887
19378
28054
9737
1410
25356
21305
12870
26772
25780
1770
16761
16230
18758
15201
9677
5248
11767
8846
27840
5495
18393
9167
3207
6850
7259
16998
174
25033
8975
18474
6656
11583
13489
2172
1446
16306
27492
20349
20371
25696
22590
20863
25631
31309
12807
11961
21745
13714
24894
24382
25891
2808
3421
6960
8353
31173
3935
4912
722
10198
28030
3354
28795
1006
17473
14575
2272
25166
16566
21011
4652
18310
4092
24761
1298
21898
26629
12187
31669
3848
3482
18926
1989
25849
31648
5525
13291
17015
3993
23957
13416
2766
24430
24777
2809
15829
7275
14551
8701
13951
10123
11618
8921
14253
15094
18305
2972
15174
19656
14704
18399
14218
3860
28294
20720
20131
12585
22375
6447
7293
17939
18043
18103
5848
29797
28831
321
13212
21302
26138
22342
18796
6250
6098
32356
24189
31795
15552
29443
22953
30166
11169
15160
18879
13747
31982
20714
14110
128
2319
30515
13186
20437
5836
32520
7197
23533
19972
16157
16874
29355
17057
17155
27710
16347
11211
30099
27040
27323
7004
19088
8922
11449
18836
11144
25680
17791
18703
11259
20881
28717
14067
18624
14124
15845
15214
13987
11973
31117
28256
1107
18791
30928
29780
4988
13340
32358
26549
11568
2747
4502
25151
13707
19714
28409
15027
17047
10724
30336
19151
6765
5412
15032
20861
23709
23331
5453
17739
23248
9975
25806
11035
25772
11964
22447
17691
2808
31279
26772
11768
7681
30585
28621
13391
27452
21064
28188
2661
32300
16676
29887
7703
26758
15617
20138
11540
21908
22288
20245
26953
27863
8411
26934
16797
18416
23185
30032
8927
32705
23454
18156
17660
5327
27007
30822
22646
14058
28885
4012
10257
12305
21688
24643
720
30352
18509
20107
543
10859
26267
22595
82
511
31898
1615
21326
27111
14733
11193
8070
23581
14738
5623
22314
12897
7800
4716
14746
30687
10960
27953
26401
32268
4935
19732
23776
14545
31283
4321
27912
9707
18795
4577
1869
17298
24156
28577
26007
23128
15449
18676
28922
7765
14643
1595
29416
27521
22538
6372
26277
8545
18018
21553
32508
25062
12153
17211
13361
14226
23001
8246
28214
26332
17193
20726
7969
28374
11848
3250
25054
32013
22429
3849
28961
22704
17320
31810
2719
2293
23517
23256
4734
15033
19891
17974
2826
10599
24568
16063
13481
3866
12903
15121
27153
24582
7036
24203
3256
21780
6279
30989
5516
2508
1024
13310
7653
12664
1562
4244
29880
10118
29594
6991
5133
24367
3818
30919
2739
30294
24425
12200
11826
28595
4870
21499
10497
22576
7693
30631
14585
23443
3392
1079
12810
3166
15914
25053
6445
25331
29104
4023
27545
14332
27881
4434
26170
15882
7216
21869
24927
15996
27767
31231
5299
7587
20190
4475
22382
27172
6788
19794
12492
31645
16540
12729
19647
25739
1732
13998
10464
15211
15251
31285
3500
32543
6513
26600
10221
6804
19372
31150
22134
19362
18888
30155
19
28979
32022
19993
1472
1192
25736
1172
9497
17016
10947
14620
24338
17946
25206
17527
14056
7462
23786
1174
23896
5559
20187
15897
7182
19475
14215
14101
5472
15246
15876
28436
11324
22187
30934
6237
10335
27269
21441
13942
27336
20845
2012
1512
18029
14549
23015
4418
20780
32365
4830
5984
16644
26763
26318
9965
10629
15824
15848
4903
11653
9
5076
9698
30997
20051
24904
13008
6068
12931
17368
28671
31426
24004
22544
14243
17463
6274
31168
5910
10644
27015
24215
20253
794
14436
16115
10605
23354
28435
248
18286
4686
24282
6624
20030
27270
27762
6545
5113
4133
18281
5237
12856
29165
12485
24454
8663
32215
5354
21160
17404
5640
31934
1340
31828
20993
6666
14578
16544
24598
29476
26334
16753
6945
29131
8911
4143
10359
22866
18652
26208
12827
26625
10559
29223
4402
10168
9831
19467
31927
12757
31048
31226
4208
27224
4086
9102
16417
30277
14962
23439
2815
29002
6595
8888
871
9890
1353
1982
32464
20793
23119
2190
511
10001
27103
6358
15738
13284
30938
29128
11838
18187
1608
3867
14004
30878
19436
32082
17378
2525
11547
23872
21214
9422
1999
16588
27273
16168
7160
17650
23929
9328
32018
3338
26679
27490
16892
845
32683
23186
26376
661
25556
83
5711
19812
19133
472
19015
30248
14252
26009
32407
7357
21148
23800
25385
9524
21485
20773
17793
19411
22619
14143
9294
14940
12589
28604
8511
659
1198
13578
17688
8698
21217
23926
18949
29407
12913
29774
24622
11928
23015
28226
8331
25870
18719
32016
8698
3448
9981
18017
25743
5225
10076
493
1835
2829
3399
17126
31568
23471
7532
28820
11059
10111
5325
12861
17939
12691
30649
21063
9930
31531
19707
23712
2210
30009
6481
31838
32361
27425
12064
23715
24520
2749
9829
4292
8400
11684
4335
18346
18390
18348
16076
20088
30081
7853
9985
9837
13089
12168
18558
12813
31554
25704
5968
15739
12418
72
18969
26154
30367
25526
7101
9652
8660
3798
21855
1034
12390
1193
13452
13518
634
29583
437
9213
17449
18187
27363
13777
15830
1735
30374
15846
32447
9944
9038
29083
5587
11586
1630
22971
19652
20671
62
1885
6492
29884
22576
4104
14612
9893
21637
5403
10979
98
8977
23148
31572
5154
9692
12336
5851
17751
30746
13339
5737
13057
16222
11720
14910
5936
7434
2650
1791
16324
21514
15204
14600
1144
30402
32006
515
24095
12612
18265
17593
813
967
28429
17193
11640
341
14673
29399
27968
26307
26355
27495
11629
7654
31433
9066
19737
260
16207
28536
29262
29321
20369
30591
31249
7419
10060
5722
10655
28464
32336
22438
1270
10431
29480
2001
28311
2740
18685
2675
29835
136
15544
27362
28324
21840
13671
23297
20997
18740
21474
5208
24036
6947
9646
20330
1423
23237
32545
17730
15277
5809
16583
28496
711
15073
3077
31091
26375
13154
11004
6743
17727
10064
12208
17921
812
24578
3690
28328
7421
12418
14171
18375
11279
28992
29569
16240
19195
25607
2255
8675
31442
5167
27016
7007
28071
1813
29420
3128
23118
20680
32534
25386
15716
24837
20005
29165
11151
7270
2714
28681
6407
5590
27905
8172
14934
31816
17108
19002
25180
4265
23708
868
405
14354
10073
28540
10911
32323
29988
30792
16374
7245
14611
10645
12035
22414
14941
10189
23637
19682
702
29900
9518
31768
3101
30448
6721
10147
29037
30319
22458
23698
9937
1262
7807
14019
32003
847
4789
13651
29686
14794
17287
13144
8378
13887
24610
22739
10913
25802
15876
6112
9120
5785
5239
2608
16375
27386
4440
17081
12564
20152
11037
26540
10165
1448
21527
10408
16718
29311
29427
25901
25770
4326
17543
5971
20948
21969
2764
22204
26936
27148
11558
1991
28166
29462
11756
2822
18391
24115
6436
243
1939
25021
20622
30174
13202
10427
22757
2602
7937
23733
3169
27321
20616
454
22144
11685
15401
22770
23814
26417
21612
15546
14914
2815
14009
11246
11412
28035
30469
30403
24364
31159
20145
16933
12308
28432
12974
21838
6001
15281
5350
26008
5126
18144
21719
21647
16633
16310
9089
5195
30938
17434
24195
9725
10721
29680
9857
26311
16247
17549
13512
7889
17656
10350
13365
1689
9656
24362
8531
13962
11844
422
30147
13521
13034
7816
8929
5484
32635
31470
8100
24707
29775
19295
3526
13052
29834
30978
14885
19786
2462
18189
31850
1157
24593
27777
14824
18880
385
30229
4039
15255
28645
1135
26721
30215
1557
15002
32748
5251
16781
28853
7258
6723
22893
32488
31869
13536
18117
13469
17007
3358
8720
20460
23857
6664
31230
2390
13714
10819
1911
1975
8786
6044
25308
20598
26504
22755
7824
2047
17729
26108
27319
5747
22890
8755
9789
1181
22768
16592
282
9513
25637
22507
5077
24080
31334
5506
4167
9815
20731
19145
28578
3065
4414
16833
16818
22050
16895
4364
354
6045
24616
25088
4737
17808
27293
23802
19654
9831
25958
12277
14354
11534
6160
25435
24054
5219
2896
28954
21621
20203
2538
20987
26123
7875
10449
30000
31470
27098
6800
22059
10131
7774
20968
9399
1140
15220
14267
13121
13073
21036
30761
8054
13364
4788
11000
26900
29562
14796
23353
27385
11279
29305
12840
27265
2745
32766
18773
12558
12568
17416
26625
25576
32300
29993
12235
3656
16407
6535
31884
4527
13092
6614
31615
28796
29193
131
15781
9918
15209
14642
18791
1351
12445
25707
28542
17154
29108
5008
26384
14470
15032
275
29979
31210
26163
6373
8983
17115
30962
25906
18647
26861
6921
13131
28081
18479
8728
1252
17630
24066
4300
8575
18723
1579
12200
23592
15281
3622
8965
24931
2635
4797
8791
8547
24742
23514
13491
10876
26901
10906
5774
2011
102
11682
11464
30837
24838
4022
10473
4669
2412
21640
17066
9626
25013
30669
10935
29976
25740
662
6835
5470
20301
2782
9852
2400
7530
20831
12977
28373
21261
29099
13426
20204
23295
22647
7783
26426
31688
29754
7940
32503
10264
21495
5131
7275
11877
10326
22354
11939
3030
23290
18630
32616
26208
12303
14768
370
29231
9762
7479
20184
17991
2102
8742
27595
25707
26132
6640
8580
30781
26338
20722
1403
4520
10743
15351
218
24187
10734
7937
27697
10070
22009
4423
4971
5066
21880
634
13825
31164
10699
9548
22381
15370
8804
25395
29666
31858
22304
15722
27962
9391
7383
16186
17456
2788
10290
25975
29135
13630
21180
8013
29994
213
13884
19517
26958
12244
4675
23394
14197
8922
12289
28665
14716
16800
14428
12064
24727
22235
12356
6878
13380
25444
3904
7780
15741
11414
9293
12178
12850
2551
15593
10685
29942
13851
17003
17840
15609
9926
16789
21232
31286
12369
4204
5701
18925
30799
1607
29045
3924
31600
31271
14419
1162
10917
31558
22264
22476
25476
30707
11601
10475
18415
18076
17370
31485
14576
17709
15784
28243
30952
665
11181
22188
14569
9909
9528
424
5472
3149
18875
16768
17911
16754
4049
4083
1209
25105
1407
23940
28791
202
26042
24802
28267
4606
10026
31400
20252
3370
26670
326
14977
14452
23584
2367
10089
21124
7642
32150
25115
3733
2937
7298
26169
5836
3937
11369
4074
2248
31361
32012
26679
8314
21464
2304
4278
1335
16695
19293
4710
27915
27977
7610
5083
2641
3794
12888
15003
30592
30004
32413
15303
5448
15927
10692
24574
3806
6409
21460
32382
30868
14980
18638
13196
15532
26288
29739
22039
19054
13193
10373
28824
15224
26882
3989
16700
25430
8777
22109
1349
32082
5197
27046
5037
27789
7550
22189
2829
16975
723
9242
5822
32412
32274
14129
3902
16136
332
6476
31189
20428
21414
12681
11128
21272
27488
18112
4845
29355
10511
23992
28208
20386
22573
18330
28438
9357
6356
29861
4912
19912
5831
24356
13042
11273
12722
8861
3092
5429
31411
4940
19257
18296
11032
27087
22735
4756
30827
22307
27958
11129
27052
5327
12324
24087
4573
17759
26440
4464
21444
14612
30765
20977
4844
27354
16738
22018
30189
18810
3800
12508
7661
8465
11659
10138
30567
14529
25188
23699
2091
30886
18526
17640
24230
11276
23017
7257
1636
13279
10636
19293
9683
15714
3533
29553
10570
20772
17493
5552
8009
20017
20560
1956
10755
9605
6163
10844
10777
27078
1537
6078
1705
1842
12463
14879
13959
14294
20038
529
28362
2048
30505
11900
6795
32504
31704
23281
32745
16363
21013
18490
13904
14120
23877
4918
20988
10127
5656
19940
26808
11333
21868
11965
21484
685
18031
19015
21462
12436
17412
2791
30744
23212
9577
23286
29043
24380
15894
13592
12498
2325
5352
3785
30602
28360
5758
20793
15584
21014
18148
21594
3276
5032
13934
4151
17404
3841
15847
30855
19740
29360
17899
13954
17237
26826
7570
13555
7699
9111
9295
12943
18956
8844
19223
20101
21374
17273
12485
17238
1463
29700
23997
17383
9179
5974
25295
11989
7906
29716
24415
3080
27872
16017
12995
2187
25993
4930
23789
25754
18420
30066
21066
2045
19871
9782
18153
12437
28340
26532
13536
28469
15242
64
8684
26291
28527
4791
26711
318
8357
7632
1823
4081
12714
14495
15700
2217
26556
24316
29890
22036
19101
25139
16336
28171
12692
20989
28328
8738
8628
29103
32664
24189
24928
3506
28344
19173
25871
17715
10446
538
31053
7195
9582
21355
19971
26946
27750
17029
18167
29919
2649
14729
13718
23364
14505
8545
24562
1992
15514
21587
30983
23556
16821
7894
28226
22338
13163
17061
11844
21042
23035
12307
19683
8927
16022
27038
10353
15586
6848
17862
29761
8661
22265
800
19560
13835
23709
25254
14017
19838
16137
15441
13620
1289
32767
16874
19767
15320
29516
25629
10388
16668
1447
3535
13165
2563
27357
10673
23422
999
30507
9749
21667
22214
10219
27393
1690
11250
8052
30338
2057
19721
6203
4931
19139
12072
4926
23902
23879
15964
17826
2418
25994
32089
2458
8694
14582
19823
22156
11981
13746
29369
1135
31514
16676
10392
24184
27989
4020
23135
18677
9631
6611
21584
32377
22098
25148
200
10297
2781
29050
1462
21942
20687
10923
22097
6044
30513
23939
3339
16874
22553
14740
8640
6484
24700
1740
20532
28646
19012
18239
17084
29929
15522
9766
21819
15370
18086
22568
1104
16313
26637
20697
23758
25296
7258
29057
32621
13685
7208
5406
3263
321
18622
7596
3429
24738
30180
26275
10882
25981
1525
16578
19056
4888
3126
23307
26034
12088
26982
15631
10282
11910
5782
13931
12940
16439
4667
26515
4115
15596
9090
18382
13427
31959
26595
19586
5646
22816
24313
5554
14442
23687
26769
17349
15075
26442
26881
23177
16285
19017
1979
21879
16061
7528
15393
20793
6617
21813
7323
28265
940
23499
9191
20892
4111
12534
24753
25759
37
21911
17252
15616
7893
1610
32319
19408
16765
2375
11179
15016
16612
4998
11980
6634
32369
2343
598
17481
18843
7440
27042
7052
14753
5080
14337
654
20347
11748
8784
14474
29712
31951
20172
31125
9897
10255
5928
2156
28582
25814
12509
1392
27504
9527
12226
14063
430
17034
5852
9893
7356
10001
27511
14467
30040
15068
32373
7855
18079
6121
24551
20171
32313
18832
12506
23674
15568
6942
18291
23840
15046
14785
22847
14570
25895
11684
8132
3343
18140
28250
11100
853
4642
5760
22595
17110
24123
31390
6638
24068
28003
10063
4254
25067
3846
2722
7478
27318
29232
19647
26441
24949
31813
7118
2424
18205
30706
28436
22523
12496
12387
1375
30077
22879
19639
8869
10797
27662
32689
20712
12562
27799
24496
10332
28574
24689
31457
25292
19335
7505
31667
15930
4818
24818
29067
29382
10801
5650
4538
16337
30094
27325
1196
21601
12008
7117
4961
5831
8030
6578
18721
3968
28297
27247
23916
31578
31759
27877
31281
18647
30581
24916
12864
1238
10805
23327
15360
31344
10257
32719
17509
2593
22950
14171
28189
31784
5444
12711
20746
21040
14845
25930
3573
23599
252
27540
19073
5263
31001
24016
10589
1932
24746
6086
4798
18909
20891
900
24845
17046
29633
21086
17884
19533
10603
18228
31519
29051
27194
30195
5273
18470
16435
7262
1428
12477
6931
30735
11989
31812
28130
15800
2255
15792
19147
5551
15895
19093
28971
16810
18968
12030
488
20423
28680
6300
19972
32463
7707
32036
29554
14267
4342
32754
15400
16503
19302
23282
29557
3047
13906
20160
9621
19240
31982
24078
32131
9240
31026
22599
13582
12568
17547
30577
19247
11792
16592
5464
29850
30388
11639
15337
31379
14854
7433
5340
31747
1820
24275
31894
17611
5924
12511
15437
12120
30885
20002
12141
17527
8
11511
22586
3435
8534
460
10167
19518
5955
23067
31943
3668
31596
25501
7827
19782
13277
13242
13867
4589
22998
9027
2928
19900
32207
4707
2353
24147
27833
10451
19604
28498
23175
26190
17336
11883
5613
5957
8088
1468
10599
467
7475
20571
3454
24307
27114
15666
20551
29681
10025
21517
22060
24606
20809
20721
6126
29384
3509
18864
491
7529
9292
20922
22685
22047
10247
4150
18020
32348
4828
31825
30341
8671
22754
13270
24946
8675
14005
8192
11852
8342
16156
23692
19878
16588
27625
5393
12684
3573
13857
19604
18115
8268
31069
17239
4947
20818
9840
28403
7747
5243
2378
14502
1188
18471
9757
30190
24529
4819
29118
20311
24820
8337
26957
2449
17868
21685
19736
25797
2734
17362
701
1577
32202
2533
25231
8147
6064
20687
29755
19147
15635
6921
24236
18275
19916
9875
3883
6091
9505
31789
23499
10464
28488
32458
9476
32069
30759
3906
15006
3765
22366
6215
2000
22935
7559
5786
19114
18131
26300
29054
23216
26597
30298
14190
17096
14640
16389
4875
12886
24212
493
3160
2469
3650
21583
27177
1417
7631
21054
18393
20034
25992
16291
13116
28068
28166
20611
26324
28789
7170
30080
29768
14103
20074
20899
29457
14694
8883
15704
1911
16868
21362
31418
21948
25620
25894
32529
13719
12835
5464
30105
14820
30157
16359
24454
24729
28799
11933
30020
32508
26297
1797
11523
15891
31415
19073
2675
15196
6736
7319
7116
8639
1054
17292
18450
20161
10207
5940
21143
22522
26139
21000
14273
1225
29448
30841
18189
4166
24746
19076
7764
18296
5182
29575
27214
22473
10969
27731
4180
25014
4429
17282
9578
9163
21324
16395
22140
20943
26064
4627
9704
27708
28857
1542
8765
11250
23480
28135
31298
22059
8813
13540
4667
3250
13260
20782
32359
28240
24773
2055
1741
7047
7716
14365
6201
29571
7606
7702
18049
7502
685
18284
17420
12611
13637
10107
29333
5829
6568
728
28973
27185
11791
9445
19327
32528
21547
5026
11864
21138
18883
13766
17767
568
5278
7951
9793
6864
26019
30422
27815
21414
14143
11494
27660
2553
11015
28814
6738
4268
27295
7669
6101
10302
4058
5550
30890
13052
22562
12940
13097
31093
10011
20920
22440
4911
7299
8448
30090
18328
16733
10098
20857
31551
4174
15402
20719
32068
23879
24424
16123
18702
24676
10726
20034
4155
26644
18024
31812
8413
30331
10644
14816
31715
19988
31748
32026
12245
12699
27290
8221
19397
23338
20755
12668
32386
28322
29407
6589
13838
27468
13872
14872
21330
24768
5458
26748
17937
27398
14906
27859
9499
14844
30817
25479
5827
10231
6355
10565
7570
9133
11394
13313
7485
29011
22753
32058
11221
1794
21166
24959
830
2143
31503
6450
9954
9595
21217
11916
4518
24824
14413
5345
30
366
8860
17701
11004
12812
20556
944
1487
5763
7011
13118
21994
22047
26627
22842
13729
25143
24895
14140
22460
31688
30765
7632
7973
15453
22844
23673
24292
9778
19400
29429
22093
32664
12268
26563
15736
32155
3736
26595
30194
483
28643
5085
13234
28632
27554
7684
12879
23818
10297
7676
19056
8399
15281
15738
31619
1838
8971
8779
15794
11003
17364
14744
12306
15172
11258
18536
30494
12268
990
25958
24421
12694
26282
16357
6271
14532
5349
22561
7237
10304
13637
3271
5698
26300
6084
8632
24420
15285
12021
9226
25079
29597
13209
20304
31188
3896
9838
22556
9430
583
9287
16322
6030
17764
16481
5470
2616
16173
22773
18456
20973
18596
6666
28326
6682
20694
8845
10259
21040
25531
32675
31167
9117
6238
29246
20136
1020
10813
13039
31719
14216
16883
10235
28286
22487
12564
16816
26192
12997
9561
28921
25201
5550
5885
27697
8864
22752
30310
13877
25106
16207
23816
7101
12146
32395
17799
6892
1573
752
3867
26917
3282
17436
20537
2849
7458
15783
15472
13118
30916
24590
8593
23066
20405
3567
16402
17761
31678
31100
692
28899
5438
30250
22884
3562
17705
4777
15199
3274
30801
3865
5274
25785
22500
891
8801
3553
11062
19045
830
25012
1729
1018
32284
21888
27755
17690
17580
17219
16647
18134
13576
13504
15133
10791
24215
25810
12014
9183
20016
27393
23475
9439
25986
17747
7718
21131
16819
13412
11331
25467
30023
7609
15952
13427
6468
26706
18715
10646
31123
1918
11651
12246
24746
10228
313
29359
18024
13086
21704
6677
26176
7352
6867
9387
154
11930
5278
12853
19318
18130
26577
21072
22099
15350
16760
11105
25935
23481
10829
3531
1935
14267
28730
18277
27873
13478
18714
19243
16032
3958
4800
307
32729
19736
21562
21219
14507
18487
25686
18274
28916
20819
22886
17484
15914
5395
9793
18090
26758
15580
2186
10273
27496
32162
11317
17513
21751
2302
10310
4865
18695
5249
14556
2337
11073
27465
23151
22513
13437
15825
10838
23288
30579
9229
12428
19159
6291
1463
30387
2103
15665
23780
4185
4864
30181
1754
30843
459
10290
5925
26695
3483
15205
24808
2854
1479
3264
10866
13306
16443
28376
16145
30628
23009
14396
21291
20682
23385
9559
28298
12503
5616
4504
20728
8771
19664
19408
1292
24596
32372
2523
5443
1701
25183
16258
5970
16806
28430
23712
443
7012
31787
13956
32671
20810
21763
8343
14035
20904
20282
30782
13366
18100
14781
10242
29249
21199
14329
26095
11743
25097
23883
12601
32127
13542
7351
21286
24168
2147
24796
26407
11341
32564
24615
11848
14114
12368
328
12747
27438
32431
25570
30992
16224
7762
24967
22201
24038
27269
6883
4363
15100
29025
25911
27030
3586
22676
11274
18456
24786
32613
6939
3231
10576
498
9369
19694
8515
444
14230
290
20579
22374
15034
25493
31922
4538
7988
2051
29968
26093
8182
28139
27146
29988
290
4664
18676
2870
25535
17441
19767
15028
433
16718
15339
31271
26088
23868
32169
9880
29911
14306
2714
3926
22824
18325
23764
28403
10414
14889
23783
30096
21915
29017
31922
18522
16371
7784
29820
6741
31552
16649
22080
16985
7304
3453
27463
29274
9340
32251
4092
29676
23026
4948
509
3589
10389
2263
21614
30725
22491
32626
32402
32245
11832
25627
14492
14860
21650
5486
6850
1912
3572
3224
12948
4699
6022
3443
652
10515
17597
8690
8166
12990
11215
25792
25265
28413
30314
24356
23591
25337
10917
32296
1850
6052
55
25338
26479
3394
5606
4754
2543
2087
6979
18581
7388
6850
17045
29050
4321
4314
3859
4075
30989
8216
21334
4462
7393
454
29709
22084
28839
22998
17139
28817
26630
3878
1534
24254
22228
30978
32473
17692
21547
1515
1685
27338
21439
16278
4508
32216
26990
20536
12262
25260
27417
27905
23919
4773
25779
18918
14056
19967
4759
31396
26284
9463
22047
25858
24055
7215
22642
10326
11858
28755
20381
7754
5970
15613
6630
22752
7298
2774
9052
16820
14238
2303
18867
16002
31490
30127
12879
32487
14433
31261
18079
22380
32698
32160
19116
19904
2696
13332
16882
14917
26426
27521
5742
8910
30946
23799
13816
12968
7985
1212
6611
29655
6819
17834
27779
11681
247
23506
16862
3153
21986
25189
5478
30261
7172
28885
726
12777
29211
4919
27899
16855
4215
8684
1733
6399
15022
15488
29342
3316
31120
27602
27642
10535
12637
12149
12080
18280
26678
31319
5000
4522
20690
25248
2965
20743
28018
2269
32709
11780
24343
31326
14134
17941
13554
4828
17099
14948
20508
8544
7808
7118
12167
21599
31994
22574
14389
12586
29027
3295
19879
6790
27508
25212
20121
10902
14803
21994
18924
25602
1696
4761
32740
32338
586
16902
915
20891
12456
29829
4245
9566
3141
1853
26878
26285
29691
11124
20369
2447
5827
29453
29235
6566
20939
1614
22687
15887
13513
26343
11098
13450
8336
25648
26346
2011
13280
9395
20291
1392
31363
26858
14210
13891
4757
27466
29149
24322
15396
384
31706
19310
1785
25338
15040
26881
4788
14505
23627
29907
5407
23045
12196
16574
6844
23378
2704
21440
13728
20770
3816
27042
3716
27932
25673
5591
3098
22523
14860
3495
1181
27866
9593
23949
11692
14766
12343
3549
15960
26900
11015
31401
30588
31053
6323
25318
1613
25734
17728
29387
30001
7773
23915
19834
7893
2722
6740
23010
22393
20826
21876
22244
16527
13322
6356
31412
31365
18482
32641
8579
10463
15127
31291
20315
31880
709
19565
2378
14442
8277
21858
18882
25660
22380
31157
5184
8603
32516
16649
27692
22365
20335
31739
13056
10018
20888
1621
12717
24875
21389
31108
20795
27248
1594
25421
18095
18668
10359
21691
13873
19004
25414
23900
4462
30824
15189
18093
13628
20737
15307
9170
2684
29292
15937
2442
11845
13181
29709
611
25919
22856
5319
4906
24140
24371
22022
25510
2158
1360
4203
24454
32741
6378
13793
25495
22167
11102
32034
19258
15285
11052
26238
29206
18076
4942
32216
32266
26873
9417
32241
1381
19505
24193
14569
25946
7680
10065
27138
23726
4192
24155
21672
16052
4268
17821
21678
21115
31237
31430
17371
12870
18165
29255
22693
16188
1618
10412
25148
32097
5989
32301
1482
27589
29004
28800
24825
11516
31133
9970
13751
5069
11852
1206
822
26670
9935
13693
12342
30833
12415
26695
10886
19128
2626
11384
8136
686
871
9518
13174
20345
465
1746
22050
30186
13144
4845
8706
19191
28268
1597
24747
12908
1531
11529
7709
30173
5269
4529
27904
2015
719
31113
16429
1912
19685
9191
32112
6099
19363
32635
11660
24632
1157
18911
28032
18492
17693
19823
1289
17461
3509
12635
18024
17905
3894
4091
7013
9640
16456
18274
25492
5934
19899
14389
2007
32621
27174
26302
26404
15891
16589
12860
137
16264
4040
5757
32365
27427
11618
11183
1816
16797
31936
22644
30326
16326
5571
27188
25879
22902
9262
1975
8315
8391
16908
12787
30861
28033
20812
18210
1645
6358
6319
15384
20594
8528
10212
32724
28528
19207
18161
15701
6454
4119
29908
28591
13403
30033
14698
31837
22843
5937
20113
18393
25660
784
25737
30826
32086
12443
1441
23357
14546
12164
23823
8120
13649
23928
25887
23819
23313
14416
16528
5640
8300
8331
17210
12084
30625
8188
28149
2846
18903
2240
25015
16623
9055
115
3580
8515
30010
19363
7787
32055
4059
28037
27574
25539
15149
28647
29634
18763
4056
26470
7432
19824
30145
2017
18747
4908
27599
23854
31530
24350
31989
31755
5097
28706
1645
16215
27435
17957
13121
25986
18163
19256
20752
8770
30316
4834
25103
30855
5140
9147
4174
28850
13088
32566
26173
32513
31773
23487
28782
11854
31955
17670
11420
25338
12142
5786
27117
18980
31968
1209
32372
18718
16001
10087
30202
289
760
15293
7678
15167
6751
3972
4858
20634
11682
19202
13032
25300
25896
3348
6405
30918
25270
3453
1749
21365
4752
14718
24167
3905
6113
32423
4570
25952
22620
14316
11296
8587
27428
28923
22274
8183
28393
29645
612
26503
2900
21627
4299
13376
8614
28500
11548
1533
28828
3372
11687
1892
12181
8694
10339
24856
25846
22934
7291
19760
31694
26352
21770
32489
23734
18757
26915
12951
3580
31679
32021
31202
7936
17226
10477
6190
25309
3750
10300
859
15948
7354
14106
23727
3270
23852
16490
30224
24809
16174
16736
14199
9245
25243
1601
30881
22903
24386
9322
8968
2014
5762
21908
12305
3948
17175
6230
22407
28182
15155
14827
584
14224
6352
11574
21822
17515
15429
21251
26769
23681
23832
6032
32539
24722
7444
2380
21021
14127
20891
19678
17712
215
30525
4713
5758
22369
905
28687
24369
7321
2338
17844
30764
7214
25110
3588
5881
1228
21612
16567
14083
31877
25852
10771
8966
21621
19588
23475
12995
8102
17143
6792
4344
12593
5400
28189
7567
17830
14408
13599
16406
23470
20636
25372
15983
32751
23859
19339
27593
4144
32455
7693
17359
14782
3201
30706
17950
14094
27410
12031
9725
4259
23039
14702
8776
25906
11068
22327
6574
32005
6397
24718
12061
11421
11721
23981
4729
19099
29392
19411
16788
15585
22654
13197
21851
24820
3408
29748
12109
21412
14055
26807
6962
23536
16731
18842
14601
32036
14545
28735
17218
29764
24912
24421
1325
9389
208
13550
5555
14330
3988
26853
10820
29989
17082
32191
5648
4846
9489
1505
18810
2433
12842
8803
26057
10067
10162
24340
14625
27981
254
4030
14003
30252
20712
4779
16176
27944
28122
7271
19843
22483
9256
28872
23487
14149
25251
11564
5206
17526
5483
2050
9101
19435
8964
10636
15660
27797
16300
482
10874
15862
2796
16443
29800
8581
11118
20328
32269
17236
23822
31649
9042
3568
9523
9604
12271
5512
8544
9819
17046
15954
9222
18846
28781
8747
5021
32697
15554
31102
16370
11790
14587
2918
8643
16446
24779
26903
14473
24228
1708
30842
31381
28195
25737
4631
2910
15650
9402
13880
11290
468
30518
7499
6795
3517
1796
10121
21020
23154
25587
28629
25388
21408
13451
1511
21674
591
17475
5033
17378
32104
16885
29153
13974
17269
17038
28689
21329
25001
23562
21403
29688
3104
27808
21033
18082
2919
25145
2892
28841
9023
5671
17764
26626
22174
4372
29119
30409
11511
19256
15365
7456
23739
15568
10451
17722
32544
21195
1958
32179
12577
7110
15355
11811
17862
16698
8628
31218
28069
8436
4286
17774
30633
6854
17393
4378
3858
26237
10039
8009
6845
1554
20721
6124
8614
10277
10902
7849
22699
3750
3229
3885
15763
19926
20894
21442
25422
30574
9396
2596
21374
1565
3877
27280
10551
7480
2373
9503
18691
28846
4759
10578
23082
26938
5430
3054
25904
22748
6259
32522
15262
21385
1728
4198
3334
34
2765
8702
19777
30115
18416
20703
20475
30877
29130
15930
15730
11494
1832
28343
17530
3982
13351
13323
11717
19734
8092
21709
13409
18397
10162
26245
18306
25307
20949
3591
6530
25745
29135
6655
8230
1600
19505
11212
27171
858
14325
25234
28128
15670
865
15498
13694
18183
8239
8861
3094
28175
23274
21042
4161
4624
8603
6468
20446
25092
7589
6327
20751
20749
9454
236
11397
22447
17983
31891
7422
21821
29934
15808
10251
9617
6074
24897
17431
16128
32502
7216
8101
27790
1514
26564
28121
30813
25462
8044
23610
23148
28152
17695
5558
16254
22128
24557
30439
31831
7906
10459
22420
16686
20476
31213
3451
8544
12793
13188
3149
17250
3269
3050
18171
19705
13154
32044
13872
24493
24202
17704
10270
14715
6806
11238
15742
19914
19614
1068
14290
27296
4834
6732
31982
15894
1128
1345
29622
20489
5095
3578
7721
17427
6628
8438
5279
30649
18971
32273
17998
20710
6176
6814
8979
20633
20294
27061
4720
15834
25024
32462
23505
31986
13062
16015
25619
26331
24955
4579
25670
13558
21324
20300
32178
21756
2715
20090
20249
14647
1245
23068
28476
30962
10624
29686
28832
21806
3025
7988
21138
30102
1054
9470
873
29109
25623
1868
22539
31335
19066
5628
7347
14221
23024
23074
8945
11781
22322
19359
28914
16858
29295
1269
30209
10423
16370
26969
26702
24738
9216
28938
12270
32486
13823
4066
804
27473
24286
27178
6111
23456
14000
19379
3715
9016
26010
5410
31212
11031
3056
5004
10417
9737
30107
30275
5029
21791
7358
22255
5540
28765
16281
2016
20620
1971
3501
7330
25481
28719
12320
24786
22166
4464
12644
12593
24384
10078
2068
27383
25261
19480
18718
25962
22750
24110
17703
10670
30001
5905
5419
23775
14378
26055
23140
4189
20082
25059
13678
27751
24864
27317
14504
26860
15160
18110
23005
2205
26737
22374
10020
19015
12604
13554
17156
17504
6145
18096
27612
7904
15276
11124
4738
24402
17256
1608
17451
15146
14250
864
27531
25689
27762
10572
11581
1055
24782
19057
25444
22560
14239
10938
31891
9659
11679
11659
16874
30615
12451
8183
18562
22910
31774
29490
4620
1647
24295
31561
8372
15598
3644
1552
588
11679
10758
24156
5798
14355
22110
3955
5441
27106
3665
31937
5672
29690
5088
8653
8728
2614
8523
3691
3553
24883
16272
29490
9486
15967
26158
21040
26568
20050
18478
10205
24568
13666
29284
8270
20908
3697
7923
11435
19132
19466
25103
3299
21933
12205
5127
8606
21461
19302
7298
6772
17088
16804
776
21596
28883
14153
26821
31847
25903
11262
20362
19118
32473
11465
21013
27016
3863
5345
12690
23809
29469
20673
23650
32392
28904
22395
21018
24808
23403
20047
2255
12410
16873
2684
14225
25496
11938
25942
10805
20308
14513
5785
600
29802
27957
2301
2464
6260
21423
23818
31045
32605
4523
3630
23248
22808
29091
28173
26147
14226
20768
27160
186
8421
14882
20321
16944
4558
11202
173
8709
1121
22038
21195
12958
20219
19797
805
3469
28537
30779
31893
21779
5799
15791
24186
28387
2043
13732
31242
23593
8580
24893
14826
21195
8221
11828
10236
31727
29670
18812
1400
31677
14581
1317
10558
9830
10312
21889
6250
1637
5374
10629
3369
6149
18887
8817
24524
24099
23194
28340
1563
13365
16038
19465
7404
395
18058
29927
12276
12757
17096
32024
13276
5862
28279
24999
26263
6071
29241
20480
2548
20655
4973
26707
11375
2337
25510
32569
29773
8727
1115
8858
8424
25166
21216
26062
13895
17281
4244
14594
1777
9450
23389
20446
4099
1799
2641
23397
23425
13466
17078
6940
23786
31987
22829
2414
31759
25457
21290
10063
16932
26695
7335
11040
23832
20092
17946
5842
27938
822
24228
31055
20637
2615
16011
24341
25109
5032
21994
13860
23714
7957
21415
10523
23156
20410
14502
13726
8624
22013
11068
506
13179
4667
7911
13836
20819
21703
9276
23391
27814
24368
29984
2196
13469
2755
4411
23559
13881
14417
32426
2479
17058
27955
756
70
4028
16778
26688
27050
18170
971
8901
2692
30327
13692
27265
17703
6211
17720
7470
17339
9210
10745
31858
3482
24220
17303
7254
3066
23704
9355
5625
16845
27178
10489
21126
15077
19943
32494
611
30300
6551
998
5291
20531
32066
7057
17119
11833
20622
25558
1240
29742
17992
27161
256
809
32320
17849
19650
18487
26970
15325
4415
7749
13282
20593
26691
1856
10784
26731
1399
122
19244
24915
32728
30288
32260
16898
20327
6922
7388
26794
21282
9474
19125
23062
29492
14345
18225
5683
13161
32262
13478
5584
18916
13024
1137
21922
3604
10142
32141
4747
21476
205
4452
6939
1842
13346
29412
23128
7043
2401
9174
32698
9205
8829
27755
26746
10101
20225
28952
11789
1329
11950
23204
32235
32080
26470
17536
7828
12769
29257
25942
17877
13330
17437
9700
9287
29091
21747
6667
18970
5786
19207
4131
18704
14135
19689
10898
14284
22058
16090
14237
31309
6916
28537
15230
29622
19692
30623
24758
1360
26003
20871
17060
32465
20586
27442
18007
25567
10770
14345
30113
10960
5139
1477
4204
22708
28882
6284
18513
7829
7101
21084
23143
23549
29129
27053
31577
10937
15902
29522
18876
22493
24336
17313
15007
28168
14162
27347
13411
13545
16230
20654
19405
18946
19288
13153
22361
13996
22700
3503
19665
10076
30869
10319
7455
10276
10856
23187
608
2685
14927
15945
29753
22595
30786
23263
13934
30721
23347
3018
13744
26223
25737
9767
9911
10553
22480
8611
7057
24322
6831
18585
826
4265
20762
13179
18284
10187
2504
4979
31928
11913
3816
4170
22742
15499
12048
15752
25402
13636
4726
27357
5095
15224
28770
21439
21640
32252
14563
29269
6077
16830
1730
31124
31411
19717
28084
15016
9463
6137
30931
31125
23180
26213
27983
29982
29755
11964
9569
9702
12842
29274
6017
30933
7344
27405
24025
2237
26472
12756
20985
6973
2692
17126
4300
25830
1636
758
31435
22685
1384
10678
1136
1600
20482
13722
27374
19597
18191
19678
8479
25151
22631
12234
2238
31353
8626
8245
19414
2152
13694
25160
27258
26149
13967
14980
20663
25304
15734
3334
2247
31779
15462
522
23943
18110
21826
21423
300
19038
22010
10490
3121
21724
20248
8732
26771
2195
30870
31224
32065
10762
22771
24800
11726
28883
25222
29855
618
24498
31505
31165
3088
26626
8601
14846
22785
23637
9845
11308
3440
30299
10662
18710
29823
29701
21350
12761
7530
4073
31491
2910
22786
22761
12270
13092
11102
11535
22799
12608
1485
23484
24156
2978
23822
13058
4266
24217
28612
31822
17347
24218
20772
11338
20152
10045
3057
18945
26233
31624
29098
20805
1698
23408
27138
5197
23704
4765
22160
24739
26837
9326
24264
27454
19072
14653
14378
18410
26945
28900
16057
28657
29011
15999
29103
7156
21979
12660
10351
29978
19832
20401
5051
24941
32027
25909
24359
28544
17689
27858
1741
9557
25726
30257
13635
13951
26277
11542
15818
25988
3845
26085
1736
5253
14158
21350
30841
18721
21429
18885
17377
10134
4491
13021
5637
10537
17429
6069
2906
4553
5016
25419
30590
26863
8883
17041
21798
31176
7665
17846
29272
7830
27039
9894
11482
23380
25051
22740
21226
2968
24814
17975
31791
10174
32732
23954
28400
25923
17721
22009
25988
13935
13885
19345
18441
27959
32283
6551
11865
1377
8079
5540
15930
23017
25782
4143
14805
18852
291
15955
21098
3875
6703
28882
4929
20442
10640
15451
30948
9857
28206
30472
2187
11451
24370
12075
31704
18422
21855
32586
21700
15762
24229
25448
28122
21061
28659
29574
23203
30910
26958
10090
11361
21384
8224
1951
28415
3634
25554
28605
29257
20909
12444
17899
13145
22517
1180
19361
31313
25331
2854
27571
80
6819
4700
10635
12702
5746
32510
5557
24618
5610
12931
27554
31287
11408
5992
15525
6482
25869
18376
19522
32135
8077
557
424
18644
12133
24742
4732
3806
31736
1561
19160
3299
10459
13787
5780
7664
2359
2430
12228
16212
25199
14570
5761
14676
16899
10415
13805
16416
27317
12954
23153
8454
7402
23687
23881
20454
15954
29045
10563
26854
9419
12512
31939
31334
2179
2123
3339
11063
24925
2844
28345
4359
13207
7340
26513
19232
4009
159
3453
13651
18800
17777
22226
18222
10891
15698
32725
29558
9222
31028
27006
7121
17205
31266
21884
27842
28131
3283
9080
13786
10669
895
29598
4653
29352
16881
21082
29956
25930
20446
20831
28369
16263
25973
12782
15976
32058
9783
1109
619
5063
32265
24758
7942
4350
21639
7433
11229
8515
2716
9316
32323
16620
30287
21370
9133
7403
20704
32355
24678
26285
19220
923
1668
8002
15309
4172
14618
7613
7389
31184
28591
21726
18972
20593
19951
7150
14009
3956
9121
32491
3277
3671
10457
23013
27446
5974
19055
17320
13730
18228
6831
2971
10986
6711
14930
20200
13730
19061
19886
26845
10990
25422
21033
17043
27542
11834
26611
17869
7005
23749
25589
30498
25231
5079
15876
31583
28122
15417
12123
3111
8286
15445
5448
8156
11271
32573
27685
18627
1051
27887
30346
3938
24079
14296
25793
19501
13471
9110
4218
17506
286
10498
8384
3634
7946
7022
10796
33
3555
13099
8025
12207
1341
8527
9623
17208
3861
4276
8676
6937
7265
14404
4632
5652
18410
25204
1631
29942
15198
3599
20204
8566
27297
3125
12780
23649
6501
16291
15801
5876
24314
24885
2897
31625
7271
28072
1286
26999
6329
8357
1399
26675
14235
8443
25278
21947
32295
16941
14827
21556
23036
32556
3762
15057
24209
4709
4960
3576
27849
20222
11539
17056
30919
8029
2091
20734
25091
19691
20732
23136
4509
29975
25797
26201
21234
20381
3814
31518
6766
10760
9805
5424
11937
15477
7986
16955
26516
15259
25860
25406
30813
19464
4259
23021
30449
15021
20175
9556
5690
7837
2785
12732
18025
18450
12728
24530
12174
8369
8439
1798
14949
24847
5742
30514
7027
16243
13269
15740
5202
31710
27328
12413
24394
27976
25807
1955
31009
29741
15397
467
15667
30280
6172
24403
1989
18335
567
13032
21142
9407
1881
20027
32695
8777
31028
19841
18077
13741
25603
1627
30581
15158
3196
24059
2231
7495
2560
19081
8958
228
20758
965
7959
7027
16919
9965
10839
5572
4139
20961
1330
8272
5235
31109
4106
7358
24968
32615
6725
172
11045
19106
10146
21931
22048
26626
8141
31371
17567
30056
7217
2522
12936
23664
18445
2471
13881
8274
1738
18571
14714
17158
21644
3051
32431
1452
5383
29559
1619
2090
17556
13814
26785
3095
16259
6982
30612
24280
5043
22430
15634
12040
4193
11287
10596
20766
2110
28779
1514
14153
31172
27132
13
8351
4553
5144
24692
17271
15445
15739
17019
30483
14257
7957
24545
8323
24000
20494
17600
26309
6034
15112
32707
29233
12087
30884
8851
15125
29649
13127
9874
11164
25581
30750
2508
6388
21012
6495
14379
22447
14236
1490
5354
28522
10692
14737
14411
12717
9473
11276
13709
14355
8850
24399
32024
3499
11354
29832
12028
1949
25327
27075
29081
4369
10735
25849
8351
28236
28307
12361
26682
15132
15494
19333
8326
10359
5367
14064
32073
15711
15341
23366
26081
7944
28634
13053
2427
9277
16244
6347
902
14336
29120
24424
9320
20337
13423
5781
12911
30449
1134
8541
14090
14982
1209
411
11321
28033
14192
31932
7746
5471
19756
32198
5542
31726
32403
22681
23891
11441
9258
21110
31003
24964
107
5053
24677
8835
28696
26363
20770
7465
29902
26915
20227
30389
19933
3868
8937
7634
4951
9340
28318
24438
1895
10132
10434
17163
4580
9900
5384
29133
6694
655
3234
11635
13081
14923
11001
6673
19855
9266
12962
24381
25819
14372
16013
25713
22939
20241
4992
11440
28373
31673
9668
5484
7494
24758
10015
31912
12534
10173
12546
4698
25872
32289
24322
22803
29169
15000
28044
6625
16767
4162
12501
20341
15804
29415
30737
19585
28059
4225
12517
8548
21522
1018
24350
1289
17776
9526
15523
17676
9969
6740
5544
287
19599
3633
13605
13741
26908
12334
30087
22973
17550
24884
18853
5144
11418
12789
20981
19374
21380
5748
20992
5942
4405
29383
6675
20501
14990
25883
14648
19585
764
28922
2916
1254
7244
28617
30706
10376
2241
27285
29776
25963
21348
16655
7929
26480
8860
16852
1699
21184
22782
6130
29113
15725
14438
12712
14859
27735
15175
1134
4293
22349
6207
21045
16029
14453
9199
21488
13393
10990
1289
27987
32593
7347
28330
19931
30392
6083
21739
8974
13441
9855
20403
16388
12024
22355
8143
24102
1646
9112
2628
23350
23345
15801
32227
6288
16316
2709
14111
24495
6954
18981
22044
28658
4081
13151
6920
6560
15052
1882
15534
2603
24057
24498
3400
11697
19621
15406
24981
18888
10917
5024
28204
13691
21606
27661
3856
21136
807
15886
11652
11277
357
10102
14369
24058
919
12597
24869
10855
31004
11389
5902
24497
26994
27427
27496
29698
12712
22343
23523
31255
13846
11831
12712
21318
23627
25233
27373
17087
24903
27048
25287
17938
24555
30761
11072
22257
7085
29183
19882
31287
25488
4467
25907
16426
8532
2456
18361
6653
26857
10214
12511
10394
7210
14629
9056
26782
30408
13709
29859
24484
5764
30763
13968
11974
21410
1414
29603
11873
32154
9603
28990
30489
20496
21638
27716
31773
13318
20442
995
6828
8529
16723
18097
17113
13385
20017
5627
7563
19397
3400
21337
21447
17223
10334
3206
23346
7539
11477
6511
27601
12998
20362
24714
788
14468
10236
13673
6163
13298
9905
1423
25879
11718
19157
18306
27228
14812
23333
24610
3605
10026
9739
29240
32177
27638
3338
19538
13405
8774
24413
26831
19146
10393
18395
13366
29744
15060
21022
3532
19603
6015
19172
13925
23621
1329
32693
8570
29868
19529
8647
23676
19013
30943
20510
104
28649
30971
3319
24988
5967
27396
8807
29161
15059
12411
14912
2281
5237
6377
11572
1682
1573
14613
19773
1036
22334
17019
12092
1728
27472
28410
14304
27058
22050
21709
28617
28944
28919
14012
25325
15371
21777
9363
3899
2277
24436
32724
9855
32587
8684
14505
10118
29926
25937
22300
4738
24621
8458
9354
15535
28029
3024
2389
1847
27243
10676
29402
32084
31577
31588
21923
7604
20295
12970
8157
21281
17900
4149
12300
24673
15365
20124
9213
17243
29166
16032
5116
21372
16495
30898
3656
8025
4056
18357
26308
19862
17744
12548
12015
1286
6762
15799
27158
8211
4857
26914
20937
12129
1318
22687
16011
4014
26559
16526
2253
5885
23250
6809
30238
7411
7803
4413
1692
25217
27642
17541
13998
7363
25864
19481
2293
10024
3436
6776
27775
8404
713
9602
21310
31042
26298
30777
3257
12334
12064
4552
14594
19634
20667
13765
26600
20399
30712
4531
14445
9582
17418
23499
3195
23175
14396
20220
9426
6146
22406
10288
14661
10941
7774
2257
24870
6669
20176
25227
24575
4520
17105
20564
10882
8899
14545
170
14275
8311
20111
5404
29349
7017
7729
6924
24466
16554
12692
435
19056
8156
16353
12646
4304
7319
26977
10263
23656
3851
26002
16158
25027
22502
22394
32314
30519
27512
15419
8146
6168
6164
10216
10881
10283
3002
17559
17362
2909
23796
18359
8264
26037
6910
20900
13474
6024
10537
27513
3164
18924
27009
5926
27001
8046
31406
9666
4480
23816
3352
18466
27589
8013
4943
3498
21737
28647
20905
17763
19364
20291
4397
30030
23234
1675
31151
23544
25708
21973
22333
12367
12969
21146
20154
5044
28965
2665
17865
27217
29744
15836
493
3501
28937
18380
17134
3453
2909
1217
23678
29374
23563
20140
4892
14592
21802
24793
16441
29189
10061
14367
409
18314
3077
17242
30717
20325
6568
30747
22783
26064
1105
8093
22589
517
28712
28667
11193
14603
14564
17825
12160
25295
21134
4352
27786
5494
10119
19591
1762
27378
6092
3790
22278
17619
32121
3348
12945
608
23180
8683
10263
23783
5100
11314
12881
24145
23978
23108
9850
9721
15494
13679
25080
28607
16565
424
31551
4440
24033
17788
31219
25064
1138
3658
23116
16338
24588
17584
24511
10446
24408
9539
31451
6205
26888
12675
18033
8122
25109
11534
24567
28146
26955
31507
7982
14261
27656
28682
28931
14157
30785
27554
22963
13838
28613
20219
25139
21550
198
8982
29903
727
1941
906
27921
25723
15789
8568
24292
1896
23027
29376
22777
11932
1596
24949
9834
7386
19984
3983
21406
5629
27310
736
31340
2701
4175
19786
6531
8592
8367
1326
31497
5282
26314
8743
28290
4680
16355
4601
23028
6786
21963
6596
26184
2463
20064
22398
19188
17749
5204
30623
31959
16401
7472
29470
17508
18060
20632
27037
32515
19359
29904
27617
4020
9816
17535
19076
17142
30285
4531
15598
10727
8752
6694
29825
12460
9380
28864
28692
29715
6991
8284
9123
6775
19505
27599
18500
13285
5428
20262
26717
25980
31236
9776
31765
25626
17440
7229
10760
565
26930
18724
63
21766
11164
8075
14687
13549
10579
4194
25120
7441
19696
1969
29441
11847
21764
9876
12859
22837
26028
24195
29171
29623
22630
20951
32435
15745
15907
7562
21019
6150
18334
28735
24020
30105
2027
4738
710
17362
17747
17488
2187
21812
19551
5082
10531
3596
31027
4486
1257
22684
27421
1335
4805
9337
5742
2254
24740
30002
10377
11249
14373
17458
29241
1291
31637
14824
19528
21395
20254
549
10829
6034
25147
16325
20421
16991
28015
25489
23397
25773
14391
27236
7343
32200
15165
18061
26564
20508
13006
30837
23417
24311
13710
6786
19884
31120
9067
25658
20953
30535
207
26796
3560
2350
4634
5131
20809
17609
19279
11421
8771
19474
26637
23251
13705
14016
16322
31930
1039
8393
10779
18578
29467
550
1983
699
17055
13270
17212
19161
13766
17957
24129
17456
10701
3118
24335
7504
3860
159
12842
15095
30837
26556
21588
2611
13524
21159
22715
15815
9975
26590
8050
31440
20376
5381
20510
14504
15801
3558
27890
22539
22840
15542
4573
13688
15267
1945
13313
15066
2893
3945
30056
13416
3234
19379
24818
27850
23991
10243
8850
21629
4134
1634
4026
14456
5400
19228
5140
19472
12195
21959
22131
2585
24919
2944
10761
12622
1299
22136
8154
24563
3101
16048
19568
4792
4466
0
5585
2785
14171
16734
7598
24484
833
20829
7133
16082
11202
3060
15626
8378
3333
19841
22953
29515
14154
5901
6446
120
19397
18386
21889
5089
7084
4090
21164
9135
15759
170
7895
191
3304
23871
11895
20996
18419
4568
2242
24358
16319
29460
6246
28271
20101
11037
29818
14824
2106
30693
13749
16319
22880
7855
11230
29164
2081
14546
1923
2324
19358
15801
19438
32430
28037
28207
7509
29284
10721
1241
16209
32444
16695
20484
22417
16631
28878
6306
18640
6202
17742
31374
14852
24555
31629
4632
7641
10590
25509
8893
20061
14513
31306
6966
4349
18676
11354
6837
5808
23437
30902
23403
19570
5851
25681
9805
4084
30746
29830
13336
7314
23687
9135
8082
17541
9668
1011
19731
19034
32125
1119
27461
28322
31820
3128
28968
1516
14298
24720
15705
10992
31816
2072
14995
24845
13517
8501
11638
15094
18336
24150
3975
22952
26904
7300
7033
22431
10769
18491
28331
29769
17811
1144
25585
5051
29102
18451
2967
26275
14248
25935
25763
20093
5979
12208
15195
21002
31192
13324
20743
13822
14160
14053
12536
3577
13365
27894
22217
22969
22940
8716
2533
654
27878
16919
4681
19726
2719
30849
10892
4873
18598
22974
21276
22976
17294
19237
27338
6225
6981
7422
12425
17014
8947
2780
4722
27503
18469
5677
28172
5437
29995
28431
9675
17
29374
24421
12246
3588
3303
27690
525
3848
32540
8454
32587
2335
27563
14879
18920
20683
25180
8242
8067
1477
14929
27362
8702
18417
17202
23888
12745
14482
4487
4331
15716
7099
27237
17034
10783
11782
4685
30136
14885
647
849
25166
5048
32003
20088
24648
19902
15454
11364
17873
9597
2387
306
27552
16803
7528
22434
19335
9865
22048
6008
27977
16312
10354
31522
5549
8877
26746
2202
27600
28377
14703
4494
2239
28396
14805
32447
9541
24403
16371
27303
23042
32255
14984
20318
9661
18281
2490
19390
11772
1235
25679
17350
28113
4048
7455
24636
18166
28422
23753
12694
10524
12339
9126
31259
17281
9070
10235
25414
29889
23472
25715
8811
27886
6290
27340
20636
13794
32088
20176
31182
5588
14639
15751
10040
42
1203
5291
26876
2190
6324
3676
8969
3140
570
21781
8512
1467
30662
5087
14038
15970
5083
22212
27897
21180
6333
20359
1206
15543
8569
21138
20506
22586
25637
8240
9879
5629
26985
19964
30890
20637
23871
25754
18107
30704
23798
1444
32581
1686
26237
11751
2102
30160
19678
26576
30617
9109
22025
545
16242
24291
26067
7912
20713
3668
23102
11954
31403
9457
31995
11260
1678
22858
11821
10986
23156
21191
11376
4412
8305
16697
7706
2685
14896
4788
16321
3197
914
15265
23549
2
10393
17679
28782
25019
4741
5450
9217
28533
12348
9903
29296
13713
7663
8382
12552
4278
28667
1905
20655
30659
9485
29900
293
8712
906
4278
6538
23989
26158
15111
27169
10898
15347
7138
23379
27889
16180
3653
32247
19682
10258
6366
28880
5541
24087
26913
16215
10597
27929
1175
7611
23843
16737
9337
9767
20720
28429
28541
31555
6239
2227
1520
29693
18234
18759
5125
13449
13940
5439
24173
22694
5471
5876
32039
4900
6943
31308
14490
26275
27743
2966
15585
23453
2370
15797
5990
22439
22428
23425
12978
31219
7523
26730
17539
8474
32608
29791
25119
32280
22570
26350
12009
22680
31573
1452
22834
26739
14567
14807
22865
26739
13579
22842
9974
18012
26634
30289
22715
5165
23158
31662
25084
7843
29097
5787
25321
19711
24686
13569
16089
11785
4093
6792
27874
22101
5421
20736
13990
29637
1509
30720
22895
14927
17107
14284
15743
3584
2401
23420
14241
3649
25061
22107
2308
26202
15896
14478
4425
1844
23498
22262
26331
11875
16340
10839
18815
24163
23885
10681
9004
11298
15617
9230
2844
1471
14622
23830
32547
22162
8497
29056
18240
11372
23121
18002
14194
16928
20378
1930
17356
4930
18142
31237
6860
23854
28054
9377
14825
12620
12831
5279
12395
31891
15651
16715
1151
10316
8021
21214
28299
14361
1889
20643
24255
2357
5154
31321
237
5885
5910
20697
12954
26800
23312
4600
8021
3187
17197
11183
30535
17304
22025
27257
29708
17439
2355
26365
8129
13181
24798
30445
4702
16029
14297
9518
6470
29477
17345
30009
32029
15866
10613
30145
23002
13062
13770
26262
15645
569
3712
30153
32450
15821
28533
22545
1974
21967
18457
16493
31497
27867
19746
31499
30021
27175
21121
12137
22015
27842
404
3514
18347
1054
16285
27531
31157
20941
22643
5030
16589
30856
16759
19766
4482
31861
2250
24109
2322
30890
17597
3299
30848
19949
6025
25855
9704
11965
6977
17307
14352
11415
18948
28323
63
10866
13943
15230
5714
22668
10354
2289
31500
7528
29178
4160
13486
4119
4208
20886
6599
26552
28167
8102
15950
1083
22396
3731
14062
29802
31233
18957
9889
7465
32122
5822
19072
26108
3819
740
30682
3787
28465
2623
16515
4834
23025
12589
12654
15676
22735
23316
24446
20993
22240
24576
13978
29005
2145
9613
16128
5939
31401
16136
19675
23810
24668
22737
19991
24518
28130
29443
10868
28690
23063
12119
27097
28413
22340
13894
5356
31851
6223
30574
991
23182
13870
18743
3980
10924
2465
11190
22725
26402
19745
13010
6629
16041
6931
23461
13995
13528
7234
20773
32329
11242
31372
25603
21431
15298
27612
14803
12365
31276
26968
30574
13457
6246
26331
27284
15182
31199
7845
30422
8934
10302
17745
18867
16616
18598
14856
6658
13285
30264
1781
30352
1920
9690
17912
26633
24261
30519
15775
27164
6332
5895
19026
32730
9021
5777
26573
26463
28677
23662
28372
12469
16394
4751
23329
15349
14604
13698
11682
25263
31085
10480
16097
20620
7746
30059
5572
20274
28586
4966
5750
2408
10079
26501
7589
2427
1418
21528
23534
30432
10204
994
1429
22298
22234
21022
10874
21983
15736
29636
19016
22646
16106
17928
30960
24675
24247
26147
10070
326
28431
30295
25673
28161
31070
13357
10681
24857
5409
17410
2596
25695
8441
21953
21074
15311
4605
1778
29506
30648
19797
9716
18532
29213
16389
14982
3593
15195
10502
30605
7191
14861
18843
31249
14593
557
28642
31112
6390
10108
4009
19799
23897
3875
23940
27542
10354
1178
8220
17683
6499
5577
11210
8858
17501
31341
15461
26484
31507
2750
8536
23854
31087
2383
28663
27804
19076
17461
12307
26652
31173
20843
14027
19231
25716
27253
9126
4838
16221
11076
13279
5258
9411
14426
24576
29759
16027
4142
30642
8665
24824
3026
12244
32400
10439
21203
22218
4096
29372
18017
8984
25716
16012
10159
20527
3171
21085
32157
32134
19771
12922
32149
1005
29022
16716
31666
13599
22890
7046
9768
14742
12990
1183
4064
163
30522
30597
20066
30397
6725
12176
12024
30234
1813
15796
18192
9596
21547
32252
25571
14670
20508
307
7508
19183
19351
16100
4123
14926
17572
9094
802
19895
22314
20208
31791
1004
5812
5907
1988
19576
13684
8935
14404
6720
7305
12710
8278
1115
22909
25145
19598
26915
1298
3823
75
18316
1854
4469
14811
17077
23668
771
16870
957
16421
19667
18953
28120
24711
7383
24257
22690
32661
4779
12427
17587
9559
14537
30793
15987
18275
7676
31464
25391
2468
8983
28736
15469
31834
20710
20795
25981
31586
19045
20794
12113
4792
12080
1716
13967
3130
571
1824
8163
2734
26819
31254
28314
22023
21892
26545
10605
15588
29741
17975
16794
12122
26897
2812
28730
30451
14623
17027
32206
12278
28180
29671
10267
26601
19183
21369
6712
1365
9381
2219
10981
23753
13079
2861
21790
5921
28225
23381
7920
19720
19380
6596
25228
31676
28742
16967
11674
14098
10760
3579
10959
15545
18040
16565
18882
19650
6392
26016
6395
27488
17791
16168
1613
28653
9103
28183
31079
1326
19815
5118
31909
32472
12153
29911
26668
10323
11294
23528
17205
28861
10121
18411
20393
6194
4089
8811
29679
16971
13875
1649
30465
4580
2608
23136
17094
12835
4115
16670
8348
28854
8542
9844
9267
19803
20068
27320
14498
8870
29698
29097
948
19455
22922
6298
4995
27882
27392
22483
2633
15755
25481
4916
15474
105
31776
24091
29942
1394
29323
13960
21477
24127
31885
31615
31556
10138
31582
8878
32279
3133
856
29008
17855
25821
3059
15441
24966
6503
23539
29619
29817
10122
1504
32048
13686
29301
2231
8737
13701
16354
26847
5278
24683
1619
21854
20455
27517
28827
11597
22530
9907
15009
31113
7334
25597
19297
11948
856
26842
12339
19260
23764
7718
23888
9762
18862
29235
22418
349
21049
8476
11131
13559
13736
22358
21881
1592
13427
25224
32616
32539
23037
25757
14169
23038
2419
15639
914
21917
20983
7334
30678
1345
19966
30457
12262
28981
4598
18132
21319
7034
28205
22627
1606
15547
2030
3534
27706
19843
3565
21005
7945
12206
3044
11774
16365
3102
8575
13236
1400
14511
8310
13330
27350
14956
22008
29337
25683
14339
848
19327
15644
28790
18883
1
586
2580
3511
7418
7964
19880
5403
12211
3716
8688
25858
15613
17894
23376
8849
11901
15644
13256
31516
10824
14269
32548
22412
2224
13215
28530
24324
23645
8346
32185
3268
16543
17807
19176
23885
25090
30377
3341
22213
29987
227
23751
28830
4035
28363
30462
7795
6170
2693
18129
562
15981
16658
19408
2432
13539
19155
12396
31321
6549
15688
9387
13047
18148
27166
20769
8438
32271
12137
30235
13237
8197
7470
2845
19967
26743
5156
29327
31467
24370
16827
5555
27136
29612
7518
31962
30365
30428
19189
14296
16024
26447
1711
10933
3110
17273
32254
4773
5883
22089
14819
22330
24754
12800
32363
31705
12398
19778
17274
17771
29122
30317
10951
26708
31438
4395
5928
21161
32171
21059
18704
26269
10506
28085
9301
14653
15383
27397
823
10590
4516
5079
15007
25299
26243
12476
13220
8675
24371
2124
15955
19194
4288
21621
432
10910
4324
8722
11512
29093
20850
20159
20009
16805
19188
6380
29124
23981
14995
30257
28626
21298
30520
9185
2597
12108
8689
9698
16352
5155
13718
10172
31290
17059
14764
29679
30334
27768
7305
30090
4438
25142
30905
30713
22346
29143
18849
6431
32388
2411
21346
8613
11734
29195
16897
14225
13566
14095
17348
7962
6696
3457
8927
32186
8372
20433
8783
21382
11578
25033
8711
7867
10955
4292
20042
23961
21882
17435
24152
25204
3611
4577
9804
11784
6987
3024
69
17421
31665
22658
20676
11787
11651
27877
10837
8304
3915
31209
21618
30176
15851
25211
14756
29900
5086
19895
235
4934
11714
10585
22112
11539
6163
12405
10009
24578
2618
19049
21581
637
21190
22031
8632
26718
22777
13623
25409
27140
22406
11348
11739
24997
13465
27253
4009
4837
6936
19831
4965
12456
14632
13945
4866
29989
18420
657
7568
61
16554
31677
29793
28682
25285
22045
25450
26554
28562
3423
30955
30878
16109
13946
24659
8574
4428
6559
25694
22576
17152
10348
23680
20840
17591
9316
2438
31442
32068
2460
9595
23390
30883
4534
10952
19932
2103
25363
5792
18888
14423
16453
10907
11879
16137
19395
29089
17427
18445
13281
3082
26578
16926
23295
1795
5422
4468
20480
17204
16961
19341
11006
11936
16912
24621
8763
21964
8474
21412
27483
4131
12336
28239
15569
19353
12678
1377
920
15247
23563
16611
8483
28406
10486
762
17814
4536
8097
21609
14902
23891
5019
31318
12318
31943
2297
6481
26421
26547
13036
2450
16732
30907
16537
16514
5612
17196
27684
29566
22879
27619
14
22487
27981
2411
18114
9245
11419
20325
6250
13981
2031
2349
31495
1320
18022
10170
2241
14870
16010
26310
4219
8843
7038
19759
9387
20985
636
3230
3177
7910
11394
1126
19142
23792
18503
27567
12382
30734
14452
26323
11057
21784
529
3080
18606
7050
32573
6976
7697
19589
10787
27981
2799
19222
5161
24137
2575
14779
23914
14133
1148
20771
16487
23264
23256
5174
1529
14858
6387
1365
30091
21194
1949
16611
5509
16173
4280
8452
20491
5920
10641
20132
20456
10640
14192
25532
10693
20687
8813
720
9631
26170
2694
1981
15480
6425
21231
13745
7756
11462
30633
1659
21574
25106
24918
32517
21300
4068
11084
11550
4665
12067
4072
12925
31169
24022
28452
259
16058
7562
9068
11329
32258
20724
6318
29754
11291
15576
22961
28010
11558
4138
1959
27143
10511
14194
28677
2182
28677
32629
13458
2913
813
19217
14782
24088
5527
24681
20278
27510
6513
4418
18101
10517
11642
17069
27933
31780
32442
6119
6598
23400
29297
17533
18454
21121
11341
18867
28498
19055
17631
8999
3251
15188
17488
9906
5053
11131
13648
7055
14540
8090
25680
19647
18928
24660
7921
6827
2554
14594
1980
20492
16855
5043
21011
15880
31773
5745
31335
25501
7908
9671
20140
9283
22487
28800
23306
20941
3723
26800
3798
3473
20751
19961
11712
17608
28356
11527
24910
19512
13678
30813
32393
24336
1164
7764
21494
1299
10981
16480
5063
9208
16996
28566
11859
16401
32293
4715
12484
12332
7888
22463
31759
18615
294
23322
26666
16935
31449
24117
10105
24218
31137
15292
32393
4794
6284
30546
9216
13797
8086
3798
23764
32140
8569
28900
10428
18393
11206
15519
4836
31125
15669
11950
31461
29512
30265
24453
27124
24994
14296
14054
18521
27929
9402
14503
1828
3284
14464
3765
4635
200
26967
29785
7670
14113
1996
26298
9935
8419
20706
16036
13012
14801
26209
6023
11583
18318
8562
10179
28040
5122
29545
28194
16088
9983
18658
22694
31682
17188
8975
18566
4654
10754
23376
6003
917
27518
17668
543
13684
17526
8608
7168
9722
20648
6910
12370
22788
5071
14327
13403
4428
7694
32563
12018
10717
20370
15424
14658
9163
32628
6882
31948
15392
2524
3242
21163
7705
2412
11466
26652
1427
16348
5672
3133
26048
29153
24497
2837
26654
14932
13040
14805
22442
6288
12511
6237
19537
15900
6397
11266
10919
24458
26272
30607
19419
3230
22669
13449
25067
21427
5830
12728
27668
13403
27299
31458
20365
9542
15652
11738
26740
12645
20358
8378
9993
28750
25108
15724
3354
24035
15680
13935
8126
21806
20722
30935
8518
12944
24096
32662
10097
24859
24223
27643
25055
22332
7993
1912
9416
18077
16383
4776
3054
841
3808
1424
18896
26130
28795
9510
30497
11824
19250
4623
30328
9770
10368
13485
16457
4090
140
10841
11028
7276
25598
6125
988
29127
30737
1414
2779
1455
30953
10120
10356
20042
13864
14562
28265
3746
15804
19091
14670
16970
10490
11373
1598
27717
16369
21272
20684
19747
26360
24411
3388
17517
2698
10903
4852
24899
32084
31892
2861
26180
31883
20096
14318
17582
20099
16181
10043
21190
12158
7355
9866
16763
194
9998
2678
5446
28142
28705
7863
9812
31885
32034
21074
27623
14828
3328
29709
5882
31529
10283
4902
16420
25485
23963
22596
11454
9499
20755
27310
28488
12137
32423
13755
26377
16559
22396
8842
25334
3358
7119
6642
27605
28787
5688
25276
31138
24011
7216
12304
6194
441
30674
29742
16150
19094
7902
19295
24770
19224
23299
4906
29935
11046
18270
458
573
6891
18238
20960
27421
31786
23082
22118
494
13777
28965
2788
10342
26064
10544
29670
32308
25899
3857
25517
25315
21070
20563
30501
20226
5538
32142
24343
18562
5213
16872
18848
30303
1438
13276
32738
6019
7609
9018
3065
24807
975
2159
31536
1787
17827
30983
4213
30280
15784
17776
31499
32595
8031
9217
25983
31173
7647
3386
28893
8906
24757
11598
28707
15031
15087
3806
30710
9711
22644
25352
5780
5383
21911
2720
18442
30760
29931
17597
31399
16821
26456
9848
14256
15406
23150
16368
17493
30549
16634
4754
20196
4239
2519
15511
31805
23180
14599
32205
27014
10282
5890
31131
30240
16023
27214
23103
27097
12982
28496
14683
19299
13765
610
29104
31493
5436
12326
15913
26000
29176
8217
18971
25493
29336
3435
5835
6357
29992
16910
23089
26617
1021
18445
15099
20099
4575
17695
3541
15621
16750
13436
30696
16272
15294
29423
6816
2672
23109
20780
11443
16150
10231
8293
9311
32086
32175
27928
22259
5331
15825
23595
12688
27319
29485
24122
28465
26535
22311
11568
28649
502
789
18452
5484
14360
20713
24870
18641
3930
12048
29227
3478
27345
27546
27397
17893
20112
15002
11910
3093
25374
31696
20870
17780
19752
901
20531
21060
11634
27319
11689
32515
23827
10870
12739
6896
14818
1678
14640
22474
5932
2918
19401
22235
9896
9000
27937
1845
28076
1570
23390
14652
6816
2669
12360
2916
20148
5836
6304
5180
12238
15574
5555
28076
22214
15960
32047
1402
28118
501
11060
22291
4940
15119
6830
29321
21634
18667
22499
29912
21776
4367
328
21869
30272
22767
19097
11497
4803
25289
13864
22818
8866
20942
30838
8810
23415
6530
14848
17941
8412
31845
11099
2613
22820
24019
8067
16040
31305
27433
8305
20309
25382
24617
12779
19378
21734
27296
13984
1930
8381
28997
11124
14589
24022
16869
11545
14280
15244
27325
31711
16838
17372
17192
29133
26807
8730
26490
7920
3393
16868
11307
32755
2868
23125
19512
752
31506
14714
22214
20102
11471
25610
8200
32556
16341
23889
14692
20164
31819
11118
13521
23156
20887
27582
14212
31409
7713
2968
8139
24988
9306
31035
16953
29586
20734
24836
515
3582
13974
19173
18602
12402
25152
11282
8410
15351
28082
16637
30867
15521
29309
17285
20102
29030
17039
20842
20162
1583
2556
5893
8847
13360
15870
4662
30618
15477
32058
413
595
28862
17732
21517
32660
16013
8550
11325
31107
28797
13981
19649
21433
6613
20709
57
25252
24669
21942
20937
4649
6257
16335
10697
24462
26451
2098
8893
10904
24518
8304
10887
8688
19672
25126
17371
20171
7935
6088
31732
970
12135
669
26757
13087
19851
523
16883
28658
19203
16405
28097
7939
31132
1826
3404
6800
20398
9472
25784
19833
9898
32552
11818
2466
18419
15428
11575
7577
15343
9966
5789
28025
3933
11707
8241
4878
745
9336
19737
18745
22781
10931
19003
9878
13787
23422
28405
27485
17897
10863
13839
26246
7755
4587
17134
13873
2999
30372
18186
26436
17285
25697
23458
14422
11014
2046
9134
972
10519
2739
18965
5441
13814
12953
12320
28204
7508
27753
24622
15804
9899
8839
6314
4103
6097
1344
827
30820
17870
10320
27706
15125
10219
6568
3689
14890
8459
21870
18146
10657
29502
15172
17741
20178
4500
26829
3158
20235
17455
7533
22111
20855
21148
2897
12913
30788
10340
14768
28025
29956
10205
23632
7089
15444
8006
17483
22108
7356
5139
19987
438
15575
22662
28852
12075
17588
8063
21081
28615
13947
661
1554
10990
14932
11877
22228
19789
24964
10538
17346
25616
9433
26511
4522
30805
8777
9153
5587
16097
24022
10951
7670
28690
2485
5142
6538
23573
6574
5984
26692
3929
9670
29870
29151
6980
24604
8878
27417
22308
8721
14158
27646
11624
21675
16009
15208
18704
14396
29569
29639
14178
20286
4047
25886
20959
28802
9495
22606
1141
17546
13535
6039
17398
12851
31393
24668
18633
32406
7198
8742
25056
9265
13302
12012
29673
9538
27254
16530
30921
23924
4273
30639
4934
5821
29138
14227
2819
25991
20144
905
17586
4110
14243
16729
2693
1289
14487
1297
14565
9612
2910
18949
9063
26157
17483
15637
17916
2918
11516
31790
5736
1338
16759
28436
2549
11803
889
7518
9064
28940
6154
9666
7476
6915
25429
14994
1006
23441
5815
18311
21761
14532
25878
9406
30115
31309
20852
31488
5639
20446
19395
15686
21716
14038
4091
23420
14039
25376
31595
4742
18164
12120
19532
32129
29283
22576
32668
19531
29977
1811
16682
17221
27267
28680
8685
26711
22138
1752
2201
309
14964
3955
4212
18145
2807
3472
19046
29298
6484
22420
5200
1811
17809
20661
31391
32078
3239
3679
22561
13195
18158
27862
10263
18387
10965
22302
16011
16090
26582
17944
23268
7229
28073
15085
18615
20488
13240
14511
736
7547
5332
318
3282
24334
4902
6505
30251
19378
6248
22614
15500
8538
1621
1572
32679
22714
11101
19918
15257
17998
28574
1619
32123
19615
19984
5908
17971
962
28159
31613
3984
31265
28863
10727
10135
29310
18331
25021
22039
17204
9742
9438
132
15040
25654
24643
16385
11649
25989
2018
7615
4284
22458
10706
27014
18147
24079
15535
24209
279
31924
11584
2719
23019
22653
28503
11079
3435
7896
5625
30092
29277
10753
14015
31665
6342
13689
7292
9551
12720
14004
3360
28068
9259
11793
9949
23598
29586
1040
6280
27512
23311
18112
14657
21045
16993
23414
17238
25227
28637
30916
13925
29617
7091
31913
9409
2492
18547
29446
28695
12214
1232
24657
14674
14321
31395
9357
1979
22170
28467
2682
27493
19089
6323
22281
7880
2168
27916
27922
27564
7179
19933
22857
22345
13231
13760
23151
22956
2637
19152
14789
9308
9056
31336
1990
15422
3405
557
4373
27318
7668
2638
8117
18959
23940
13578
23672
28957
5011
18291
25786
544
10862
20338
26702
8428
23725
27404
25529
5191
24843
5347
19102
5779
2165
6656
13946
6573
609
7375
28050
532
15201
18795
22057
7502
2552
7964
10741
22407
7596
29471
32212
29820
25692
4261
29116
20375
22996
6685
7408
26459
30111
4022
2682
14339
11036
7968
22997
10598
12245
8339
22506
5150
31755
25875
9278
8681
14742
14834
13929
3407
5356
17814
22474
1158
9343
8573
25977
13202
23116
21885
28285
14768
13232
6225
575
3573
7038
31057
17215
5939
12880
22401
4614
31516
28954
18893
25692
26794
23045
23699
7354
25022
11130
18530
30210
18439
18812
1538
22382
12581
20796
25524
9414
17934
2791
32698
24279
12721
11715
19482
10272
25306
10874
32672
462
9558
28598
6178
21739
22103
23789
20999
7122
14362
22399
14602
16358
10438
13822
13884
32643
16536
30156
16200
28725
6973
28396
2811
28968
20607
31250
28420
8672
24612
15612
19192
12586
5395
4357
9369
6227
9145
14328
22871
5783
1963
21282
2327
220
25741
20651
7732
14753
28210
17190
5827
25905
7172
22374
29468
11804
11175
23699
28054
11751
14041
4734
24465
19971
24733
12850
30650
13564
23960
25804
9610
5107
23483
7308
24080
26702
3362
1067
7665
1454
23100
30831
19629
31777
32557
16382
25891
11930
6256
30064
1880
11678
25281
22439
22388
10815
12858
29795
19981
5454
25788
24849
23976
16077
21392
30180
4477
2467
2126
16167
2427
1939
14590
6354
30604
4463
20350
10331
538
12169
36
10446
12242
26219
13219
15648
16552
15304
18483
15553
6171
1970
28140
11888
7354
26124
8819
25939
12519
23619
4057
29767
10459
1849
21184
27509
25066
25986
27584
5158
24328
4563
24585
7896
3725
439
19785
30608
7477
7300
29904
13427
31339
16014
498
21136
29127
31898
4012
13569
32213
15254
12683
6706
14360
28807
970
31616
2638
7362
1722
2822
1270
23135
18791
17331
32528
3307
10105
16288
25380
2653
7768
18593
19845
20555
32148
22299
24535
6494
30339
29461
28111
26372
20268
11153
26426
21348
15459
6172
9025
16279
10038
6308
28907
12821
24968
18314
4323
31085
3580
20984
31868
26426
16149
10869
7666
14162
4507
18870
24051
30528
17984
29111
10845
501
7811
9995
23114
25530
213
21617
4938
14953
10234
19623
5103
26077
25011
7811
1935
7335
8346
28479
18245
14594
25933
20245
11321
21002
17102
15371
22305
29992
554
18193
4360
5073
10585
3913
10574
31088
26982
1958
29937
23968
14288
15032
21258
26271
5935
198
23195
12287
21274
23582
5511
10655
13129
28585
27874
25306
27127
17346
10859
5630
16778
19784
13143
2048
19830
27378
24657
4206
8799
19683
5822
23972
22910
31359
1861
18755
25413
27260
13711
20703
27974
24892
11595
1784
24401
2394
2166
4140
13276
31363
10969
170
12200
8839
22227
11754
15522
17583
32600
18588
27656
850
31546
21214
25548
10147
32167
18097
15165
7117
30708
174
2788
19266
18584
17141
13228
23887
23420
25703
8519
32245
8050
21
3020
10484
29954
14583
31909
11048
31341
26082
6824
19992
22764
14772
388
25037
30521
15314
10335
6368
13648
9428
7101
27351
5495
29566
3748
28850
30332
19954
1790
28608
17214
805
10558
1719
15214
16528
26438
12548
14743
20520
5768
5216
6748
29327
12652
19620
10498
10636
18418
10718
13614
1721
25497
5284
13807
21115
25215
3240
7678
7991
3529
30093
17733
7363
28485
9721
2975
16411
10830
27884
6367
4950
23537
336
24083
16856
17998
4049
15370
13512
19264
23278
29459
21445
31296
8528
16392
15828
13702
15963
19083
3741
12914
14596
18576
984
22827
13538
31516
5890
18310
31111
26699
24404
31529
1040
30360
20469
26352
22267
19801
9839
30607
31801
7817
7520
19321
28036
15818
14194
8705
22259
10410
13964
17855
26572
25638
4938
30262
9625
21357
2219
5299
30078
27622
2058
6264
20425
27251
10576
3610
20939
28152
27495
9768
8679
6935
22770
5901
23016
11582
25915
22072
27543
6372
5484
27770
13198
8975
18947
27055
11847
4634
15488
15264
888
23477
1376
27688
23459
29741
15951
2710
13288
8942
5274
17491
9247
70
24547
28869
19235
107
4376
5234
21872
12224
3494
8041
20977
1108
19177
27358
18707
26795
15847
14868
18974
25538
29503
17024
25285
589
25436
32555
13564
25923
22254
21336
7945
6556
28571
16487
10718
7514
10481
13049
12710
13766
26016
11093
31902
31484
23782
17674
13350
15529
31818
25046
29720
9236
4493
31687
25688
14171
20702
25248
4268
8703
2893
26750
29390
26275
10626
16827
25280
24081
16047
7187
24928
10110
18371
12549
28988
28175
27361
22396
29095
10140
19216
22703
12301
12467
17460
3142
9091
27104
9021
32702
1698
14891
11934
11534
17302
6883
4864
1163
26226
4250
2104
19977
2502
13681
17015
9539
29044
14486
961
5501
18367
30474
24993
6247
12453
4520
4890
31813
10095
9315
23264
30029
23174
719
25033
24144
31112
7651
5502
27805
10651
30461
24438
23331
5122
17446
18469
20693
17134
10647
23152
1619
16534
11389
23397
28358
11401
17146
10793
26635
15171
9580
23601
13845
21503
17649
27061
19852
16589
2859
32354
12730
9444
18240
16976
27048
11577
27685
12083
20612
12113
1053
17877
17734
10835
32124
14276
32148
24161
13489
22855
32738
28200
24451
28567
2269
16054
15771
12108
24586
2444
12867
32534
24490
21749
11117
21165
13282
18070
31223
12811
5400
1093
32557
16600
416
5919
21392
23078
15000
1236
19158
5214
2064
4934
31025
16762
2159
27219
7636
16245
3857
2030
5812
11520
22069
14965
16779
22135
2071
5438
28195
28435
25433
4980
17873
27233
32423
23841
19519
2547
28571
25227
23919
29525
22750
16836
19709
25154
9105
10877
2725
19224
26603
13339
28676
394
18723
23053
7075
14229
18576
4700
32049
26805
21519
12931
30480
1368
5029
5762
14612
29331
14949
15918
14471
12820
24212
21707
26992
18008
7436
22236
7444
10014
3038
19002
10686
23067
16443
15460
16316
1007
27541
31510
4010
1368
21505
15133
9715
30885
11232
8553
8084
9070
3262
25188
7203
12419
6522
27522
4368
17954
2983
19225
25132
19565
12339
19060
25447
30746
5958
28195
10206
28013
31597
20628
16917
3939
9208
2792
22912
20273
18081
8191
14665
4076
11374
7637
15437
29322
7640
26898
14952
7689
23084
26332
23282
22510
7730
30960
28809
241
32269
32753
16913
18935
5730
22527
25850
13632
22716
908
3265
14306
30511
30827
29626
3958
13116
17194
16652
8209
5109
29858
4093
28278
18273
3532
31856
2697
13090
24023
22699
32263
30805
1655
28766
4981
28346
6783
31969
2390
23317
2738
11966
1441
25812
21718
28783
23922
3825
10507
18025
1280
14362
31067
28761
15311
26128
10130
12205
18727
24653
17744
22358
23748
24041
6748
2252
26575
19134
25915
16979
525
26571
2562
8830
12119
19158
9064
1265
6474
341
10783
23658
4415
23183
9829
28163
28285
7423
8150
20913
7342
11001
16260
23569
28304
23184
22601
21860
2285
1206
18780
8663
31181
4005
28451
16137
20458
30846
5704
15047
18020
8240
9487
1818
22710
24476
28391
20355
21225
9975
26175
13189
12808
11375
8346
2660
26835
28177
24806
5165
23735
2794
7177
15350
12030
14188
11198
20327
9796
20756
9119
20345
19498
21834
31874
15998
4942
16265
2569
3938
6522
4799
28277
6704
23067
4599
187
14807
25845
27701
22746
30511
27926
24481
30315
25911
17416
6120
13690
4769
5451
19424
1428
13456
30210
24171
5921
28320
7405
1693
29429
23591
22167
17185
12321
16058
2513
7384
15375
30195
24670
31940
26830
9330
26608
6437
13738
9762
16212
15841
1536
15293
9193
29737
14928
3987
29526
19802
24468
30599
30076
21793
26832
6234
682
28387
9963
20012
23056
8796
29373
32319
15479
7046
15721
13823
7983
25020
31469
15167
2888
2591
6903
29126
32005
26937
1019
14858
22413
2016
17538
11579
16612
24413
28357
23171
31258
8398
21114
27021
1986
3017
2286
17988
16038
6210
1876
14813
2233
30639
11100
5399
30285
12649
30216
20417
28550
24150
26812
16765
6671
18373
14484
22469
18187
28057
19449
27947
32079
14250
13943
9701
29646
22120
9929
30088
4180
5826
31542
12820
15992
11590
28705
22577
13004
15497
7387
25784
28246
6857
12987
26485
5700
6865
12913
13100
29659
23581
2967
20185
12465
26175
23177
3132
8988
4993
14455
26517
16106
3788
20920
5293
32338
26824
13921
23829
22315
2117
6423
13234
4188
31194
28705
8570
2964
25291
11457
28536
22331
6960
31941
12822
7336
13140
19033
6555
16020
26716
28191
11251
15310
19497
18306
19375
10801
9343
12103
12364
24020
17766
30820
13240
4224
27344
29462
6418
7527
21885
9774
12465
9490
12060
12971
32105
11676
31155
5518
16137
4894
3648
15338
1576
23658
28321
7483
13602
18428
28337
20472
4701
9517
30900
19564
20433
19882
28917
20929
11207
21285
31917
8542
3808
13642
12327
1139
19290
13301
26658
20433
24975
4514
21111
23040
28094
23077
27131
6027
8974
411
27047
20895
30672
28576
31478
10964
26373
19138
9103
26187
27424
6198
13860
9465
5645
970
19098
3394
27249
25627
362
4298
23092
20232
5703
17544
3645
21094
1537
32540
23420
9461
19369
12642
2350
25491
30966
11591
19548
11952
11751
20187
7333
15362
13226
15272
17982
12410
16061
11331
23863
22134
7251
29728
30208
1080
20217
15274
18219
18071
24185
8339
6259
9204
24318
12393
8958
2928
29562
29035
18143
17500
20293
28058
14815
29170
31495
29715
4989
32578
24791
1179
23091
1902
25508
6524
30203
3610
1492
17296
11282
7199
25388
19611
2044
5247
496
21469
21960
21918
16203
6376
4501
31407
23280
26800
28757
20844
26114
24801
26065
22538
6450
32117
19438
22380
22055
9349
3886
28055
22562
9311
1145
7270
22498
22490
19486
12414
9925
25830
26133
5253
1329
18791
23431
25743
14386
10820
8591
21977
8804
6330
6467
18106
25620
16887
20718
2774
18082
15588
27296
18325
30505
27202
19433
29908
21602
6904
31457
21978
21446
28843
19563
32397
16883
11408
18363
14565
25169
24702
25366
24226
12789
13896
32217
31546
20934
16713
15293
18966
23518
3648
9561
25853
10291
25951
12777
14033
17526
29342
7757
1657
9019
18517
13653
11806
18011
28682
27963
21146
26774
32135
32369
12077
27261
22576
22429
18802
1680
11924
4835
8594
4259
18498
20578
12984
17542
10718
6657
22469
26596
16244
13419
26692
17260
267
344
8608
14127
17790
22287
12436
28233
14215
28968
28388
30148
8477
24215
10571
15033
256
4326
436
13240
7826
28866
16813
14698
4072
7097
12568
21109
26145
12098
17699
30368
29686
17662
15227
3384
25235
1085
30141
10930
2213
27844
10542
20881
14261
16078
13995
14987
29620
9296
16099
26599
18647
32641
18115
2089
13221
666
50
27633
20302
29914
2815
4897
15934
18638
16919
5438
242
26575
26876
26905
12042
22220
19826
20398
18080
6218
12668
26188
1497
28584
4486
9206
697
27048
6884
17930
30012
20011
26235
28704
26530
24380
19390
821
16650
2384
24541
28681
24130
26828
30008
2245
11486
18632
12058
5601
31879
32531
32164
12869
31382
18807
5639
12974
3042
4158
15095
7252
30933
12788
26972
28362
8134
15471
15690
17701
8578
14093
9011
4704
15404
25149
10587
31999
18504
4161
1421
7667
3090
31538
8973
9918
22804
15428
19661
13015
10231
18507
18403
18512
9882
5502
29243
19382
27745
20091
14729
27449
18640
13964
32386
17676
24664
9001
14412
19727
2928
11966
27699
13740
11240
2222
19869
24574
27770
1687
6720
5945
7843
23256
1682
6982
10929
5200
20097
16045
17948
19305
15973
7096
25625
8277
18483
9430
5229
28312
30963
5181
17535
22983
25204
32467
5810
6031
19774
3663
17393
6904
18120
9883
15244
1259
24555
31357
30018
32243
12183
21367
10655
23872
28101
4332
25736
16625
15020
8835
9748
31635
26168
465
1437
31460
19384
28466
2839
3037
5591
30199
12961
8176
32461
31687
20058
30607
24790
24383
14966
21997
10979
27100
6033
8712
3472
6427
32578
6375
29783
734
26356
29984
7939
22802
9457
12190
28519
20623
19392
15777
16207
28479
20401
28678
21175
1411
10934
22473
14907
22226
29300
21448
14799
13732
5274
11210
1968
5774
11634
23743
30619
24238
11446
31306
26172
29001
15524
18812
30953
16563
8020
30947
1424
26223
30282
6595
14062
1688
10312
16035
16642
639
22885
25355
14786
16022
10595
141
27148
32653
11326
29954
10975
8890
20737
7702
8907
13758
10973
19975
30630
12646
20604
32169
18561
23503
17811
24494
986
5582
8887
14628
28180
6030
28529
9023
27684
24699
25236
6745
26252
24159
31950
32311
22669
4043
12670
26510
24472
9657
4549
30405
24327
26735
11744
32765
3082
25511
8373
14415
30180
7660
31147
18516
24151
24391
30911
26603
30300
19227
20693
26422
21272
20814
25675
18662
12044
15017
12244
20921
19340
21634
22404
12608
1650
32664
2599
10214
30739
9790
11991
20014
11634
23996
4302
24892
21172
14066
32120
14487
25044
574
2252
18733
10648
2720
27613
22936
16580
3100
12716
19359
14733
26976
9793
7936
10576
25767
15354
4461
22660
24541
23330
32724
12014
26628
20421
27875
12307
4054
18883
20684
7155
23980
8996
5701
2036
20638
24747
26835
1053
16620
8366
14409
8324
8093
27685
5515
26378
22885
7680
19608
7493
24780
21694
24520
25278
9101
8763
18514
32605
28476
28105
8208
30241
2348
15491
6279
12308
32144
21470
25378
21375
27104
27265
28350
7002
18047
23383
7787
17158
29594
3810
23921
23103
3411
3794
13458
5452
19231
30678
17551
28024
28268
15794
18926
9670
1160
30098
3577
2017
32702
6813
26890
27986
27586
206
14854
26869
16719
27135
30504
9390
7438
28999
15360
18264
23994
16518
30907
30462
28034
17470
9892
19278
15022
20901
9707
17482
9094
29432
10405
6465
22895
19985
20245
29694
32600
22844
22826
27711
1876
21063
4424
22377
5000
11224
21580
16505
24136
25859
23242
7230
28029
32540
10136
3526
5450
1482
16273
20246
3567
23901
3731
4637
8429
19298
7626
28139
12651
28020
32561
11295
9176
4693
4693
2718
26834
10557
1629
17803
12102
15217
15687
32115
473
9240
29812
19911
21383
31306
22119
10128
16266
24939
22986
17502
126
13239
4529
17793
25282
15133
21283
21372
13857
27729
21463
20919
690
22557
9787
31348
1276
18168
14010
30468
13662
13017
11839
18491
24239
4941
24053
4897
2081
12232
6226
9706
13931
27704
6995
18729
18471
17376
28681
12608
29048
26212
25428
9243
6897
11040
31727
10014
10162
20158
4524
18779
26324
12040
27137
24073
13320
30970
32196
15153
2938
32028
19507
20651
5372
7695
24375
11081
27232
3429
25834
14418
7461
19126
598
23858
16215
6383
17280
14191
29616
24046
19621
6367
18691
8268
12483
5145
25819
6010
4443
11561
16735
528
27509
648
632
13921
13798
587
9782
8531
13518
32666
5232
10094
9828
15460
20907
7218
11510
15185
22845
17326
6699
28152
25267
4686
32652
4947
5743
7925
10306
23151
30102
31563
24609
7528
31017
26201
11238
18581
11377
3411
22205
16896
18081
20148
30983
25881
1975
13200
23641
26283
23715
4902
24776
13582
3755
5302
18276
10399
526
914
1538
6253
18407
10614
2111
10037
1877
8988
449
23697
473
25356
13760
24172
14079
22194
22469
24249
27457
25010
27058
4452
5672
9088
15107
16009
31668
15147
27987
17637
29950
32121
8738
8330
11292
20793
13781
18902
20293
9685
11262
165
32565
14375
12510
22470
31955
6541
21545
5292
23058
11584
24840
14182
12821
4065
30564
16082
11414
7509
19042
32013
20616
2259
10282
4141
27131
15163
12013
21299
1857
27562
21286
23355
20815
9803
6944
21750
17253
13680
13240
22106
1522
8417
16996
30872
28850
14195
6260
20047
30745
22237
11160
2559
2548
26056
30627
26816
7502
13349
11662
13620
31120
13763
21440
30394
30957
19233
15244
8420
18941
3201
28668
22316
29864
19261
461
6370
9798
15710
21690
26985
2308
1899
20990
18595
10890
6271
9236
4010
13787
3230
24513
1473
1148
2377
15956
16778
19160
18512
19757
10873
25571
17640
13948
11912
32766
16125
1867
44
15131
2250
5823
28808
24097
21158
29338
14817
20370
26913
29957
20051
30571
6479
26509
32450
6731
12132
22379
3603
28632
17281
32520
1179
30814
18638
26816
22487
21946
4809
12006
14942
11127
17630
32009
10261
18998
24631
13942
674
10835
25557
26110
21027
31173
13024
23290
32287
16710
13627
6028
4796
25781
26204
29735
26163
696
18011
7249
12930
30629
24904
18599
30561
1955
24770
23074
14454
29708
23493
15002
27596
22
22724
9864
11394
10419
13816
17424
1472
5045
27639
11071
27119
31286
24200
17297
10794
4663
12214
6838
495
15239
18723
6293
2843
29671
3999
13458
11797
22123
29945
4108
25161
10787
23573
6698
21208
17403
831
8408
15245
16352
26815
29452
4628
21796
23982
30798
20326
18980
15112
24951
28040
19240
27906
22201
28021
10378
18589
18143
31065
16411
24443
15318
30463
5570
17905
22637
7821
24422
32607
25433
26991
2062
1212
892
28049
28231
6517
4455
30929
25031
25208
8733
180
9295
29579
12057
14935
29142
18147
32659
28329
21475
21234
14080
24280
17467
12928
11480
19721
25276
4861
29083
32076
17033
23830
9494
17103
4711
19334
483
27986
9319
25647
16943
10970
6342
1897
16831
12714
12305
2458
309
18031
2188
2823
28304
29371
19157
489
5875
32692
2501
10948
9639
2318
22935
21236
21602
15414
25164
12680
12490
6096
29005
16980
23349
16228
20051
22338
8883
14164
22404
21481
8782
7442
10463
18273
17296
12175
21209
22613
19014
15351
25672
14169
19844
17051
19329
2942
16873
26671
21181
3364
31012
1845
15298
17168
15031
30137
16063
5567
23035
21311
28791
11513
28005
29434
21409
19369
2823
13886
6543
7659
11866
27448
22031
11623
11066
989
10895
28638
21042
14624
11396
9218
10746
28264
2828
28811
25150
26945
14289
31111
25505
12625
5937
24561
8450
11407
31645
24454
3582
19375
28735
32468
24246
23264
5856
1428
29906
19130
7432
11577
7622
1394
3175
16329
1619
9297
31347
6380
1873
6500
23379
15683
12205
8564
31740
31738
12206
4664
26522
20129
2428
22730
15409
27447
10978
15448
12932
15496
21587
14620
23862
13498
28971
1934
25391
11810
17720
9176
14657
20060
4985
27018
7947
8090
8741
6031
25374
21564
16367
20576
12895
26785
11913
27255
30381
5949
5735
9479
2243
21228
26565
5354
14687
15238
19691
24026
30116
16564
4528
3045
2748
26370
9277
8475
19651
25397
4883
11146
9440
32734
11344
30572
19125
303
8749
12702
11514
31502
22732
3668
19812
19816
16689
18444
5068
15048
25998
2752
23693
19752
2755
8032
17966
32007
2853
27519
577
20155
20094
6477
11658
23049
854
31685
29540
28659
32113
807
97
21201
23961
21929
2097
13475
26270
24681
25285
28582
9114
29863
1203
11557
17273
17713
22237
28306
19897
22558
12622
11477
5231
16575
32100
484
1931
13779
17204
4244
19804
22522
9770
7855
17495
15469
5360
5446
21012
4075
12433
23368
9113
26103
11999
15956
17115
2112
15378
24012
9602
23137
8113
19499
6381
9674
10422
23192
12150
25086
9453
17083
4855
19712
26525
8911
24717
26631
9066
32760
29083
11385
7034
17111
13842
3351
28631
25180
1008
6005
2324
12508
7
18862
26420
32612
1024
28757
22471
2892
9631
8367
22358
27151
17225
8991
8705
26458
14787
25057
14183
2402
10044
12283
21958
12155
24462
31857
12387
32487
30145
17849
25901
4587
32464
24942
30109
7464
29104
27721
18144
32553
18575
30284
27960
28217
18266
16192
18080
14455
2945
5986
10415
18988
18686
14426
9662
28251
22676
10860
11597
32154
31572
2546
2979
28449
30566
16650
3253
33
29190
2444
17993
25943
10957
19263
19803
15072
31794
10828
23232
9807
17744
23026
8969
24317
8426
1916
26026
4256
3500
29040
30556
19487
27571
32522
19391
31397
29520
27624
16964
1781
2313
23559
14922
12541
4833
27630
12935
16301
13018
4393
30634
1289
2743
24313
9790
26749
27910
842
978
27505
8030
4069
29527
23582
4582
25575
2249
10912
12310
18802
18
5196
11970
7074
6955
6467
31572
2243
11140
28743
12377
17601
19110
27854
13119
16351
1559
2901
24412
13740
637
6135
25139
10292
23047
9022
11507
7027
14857
14649
8001
9487
998
3791
20279
9286
30003
6482
4781
13860
6937
17496
11703
14842
5371
14790
19054
31245
27225
28717
7668
19595
30709
29530
24242
16579
14388
6952
28644
11412
27334
9369
26200
11814
24457
24869
19058
30169
26795
28754
15220
27771
14352
14213
22524
2494
11251
3096
4047
28393
20175
17324
17108
6605
3712
7873
20836
17403
28325
16772
449
16948
14922
12007
24291
30753
30916
31223
29819
13380
10715
8555
3122
2095
3375
18808
20529
28916
30932
18413
30439
25564
832
13947
23558
4956
1127
32596
10959
68
12836
6137
32144
11066
23515
24140
5739
31335
2397
19437
5464
10096
267
29635
20333
18856
31039
32217
11102
20612
30951
5484
10048
591
11123
32066
27538
21278
11250
15933
3965
10247
2935
9263
29275
23182
5826
31984
20087
4192
7964
19886
26899
15172
19075
29317
944
21838
12039
23631
29321
11605
15732
24766
31841
22440
16177
20648
26494
5885
27496
18593
22518
20906
22375
28623
25385
26392
17991
6394
31887
31092
7115
31203
8116
32679
30346
27863
23424
13193
13649
28803
8892
12369
27587
23050
1490
21841
2626
27989
14804
16608
15635
20395
4288
30615
18108
2177
18179
3008
22961
1171
19003
22795
13616
20275
23873
10371
2410
30177
15719
20673
26339
18973
11518
9823
15643
30073
1820
20656
11374
5106
16540
22190
12089
18560
31333
30772
24126
32748
2288
10094
21578
21986
5380
13965
29973
20551
14788
3519
7017
25804
17388
32094
29318
31940
30296
103
32454
27443
30662
815
6525
2343
19932
593
25635
27723
2413
5611
30389
27577
2040
15626
19800
26384
28273
32098
14656
966
16708
11075
22736
21696
15768
28104
23298
8224
22480
21330
4618
14175
856
2612
6454
5531
10142
4528
4633
14386
26206
30499
15592
25999
5923
29564
28708
22084
7179
31986
13177
29785
29642
8439
487
9444
11505
14951
30495
20442
7793
22534
27696
6693
2394
26409
18274
1527
2025
30387
866
27997
28098
9795
12704
2839
32122
5548
31734
1447
5976
26790
27018
12456
17757
12995
27381
30817
18561
24484
29093
11162
2880
27500
5759
6062
7509
32629
5065
10978
7366
18242
5704
4341
12320
4533
10661
32249
30212
4738
17430
7009
3554
22500
13626
19290
7685
18575
31812
13919
31440
15845
18779
22279
21319
3692
11841
30754
1745
7296
16947
22789
2107
15685
15633
27682
29185
3040
19903
25564
12233
31975
12235
409
24881
17941
17488
23320
22986
28227
12826
2565
25188
6547
20746
31178
8077
26095
25788
18345
16724
27570
27240
26887
24659
13988
32262
3083
11244
19244
6838
26216
19922
3009
14942
26231
9931
4770
6293
31369
18613
21447
7360
25211
20935
6935
12154
16267
3354
15067
32570
22121
31848
32371
30767
14226
12051
13639
29551
16857
2665
27137
24913
13126
26406
6650
29463
15396
10298
241
2001
18518
11981
19715
24702
29418
20353
20183
24435
22513
11511
31258
22273
14477
7060
18987
11090
9547
29317
24343
19348
8883
28160
26311
18009
31774
1741
9848
32062
14536
25350
14444
15307
26406
17435
20959
13723
12922
5656
9533
12221
30372
1067
13458
22873
17979
13921
10306
6039
5852
7344
32250
18620
1986
27450
9190
17047
30359
11216
21541
4123
22154
2229
17530
12877
32162
13477
32324
26721
23634
5142
29360
17183
21325
3006
7981
1932
7067
6229
22048
9415
29933
5020
32729
16689
3630
19102
26566
8912
23642
18742
27111
30454
21395
32465
5250
15645
13938
8309
4632
22806
28571
27651
28567
4195
10644
12473
4817
30433
6359
16634
29997
3754
11301
12626
30365
7993
5918
2229
23760
1999
27407
17927
21160
4374
12811
24290
31726
516
16445
7059
28997
31747
12156
29797
14428
25167
14624
21539
3176
20639
25108
25560
2770
25863
11565
17369
6188
24861
18362
22021
4458
26203
25693
32076
7503
20932
14361
30318
12837
31434
19883
11781
9137
22896
8990
14278
19814
22444
17818
19204
11481
21007
24445
26741
117
2983
27820
3385
15984
6437
2348
5912
30717
1851
3564
15884
31940
16456
28645
18175
21135
30007
5477
21461
21830
3492
5544
29869
4893
25409
5801
24164
14604
19577
15671
27227
9088
14931
25419
17275
26448
28056
2201
25718
26354
1848
12645
19279
18415
30698
10136
1564
23700
4883
21011
32011
21994
18665
5699
7587
20969
19416
30710
19276
6633
9509
27501
14610
9561
31953
3506
4262
13491
6336
14124
2725
6319
22298
7280
23581
31160
10226
29018
7502
13212
18981
16989
3501
6535
20357
30743
22831
13874
11319
14632
17091
23640
21850
7749
22560
7018
13033
27784
4802
27779
26851
18954
2607
11166
15273
8372
7039
12551
5031
9042
10779
7951
25654
10473
24005
14340
31169
21067
473
20576
29479
11752
27090
12609
27233
19943
32527
32537
4197
1142
23512
30887
16458
14942
6044
8742
19884
5082
10364
12484
4690
22441
32270
19029
32526
19554
14682
27977
13285
8
9769
5339
25456
11742
22912
28044
1410
13948
6503
11728
7436
24099
29166
26375
5437
17742
7026
25262
31213
20361
5661
24535
3899
27782
7852
17622
3189
30574
24693
6462
32313
8309
2216
23564
5082
5297
7893
2593
23557
22572
18094
26870
13477
1592
20239
27019
29187
27650
12859
14240
306
12650
27497
18728
2474
1042
17791
507
21043
30901
1821
16331
27909
5819
8157
25177
28461
16906
15065
9192
14130
30494
23150
22002
1785
3420
24896
22043
29926
29603
11390
20323
30788
6949
9064
7071
5351
1141
24590
22826
27151
8928
21850
2264
10384
2561
5712
18475
13360
6544
8853
31690
29777
7035
23598
32302
6096
2104
2699
9887
20524
25945
3780
15455
18411
29281
11554
10789
22585
6102
4065
1484
16851
19607
26420
16461
27939
25968
19082
4587
30124
748
16144
30381
1193
4458
1911
20241
16113
3955
8439
30975
18974
3659
4500
29948
11502
8390
27552
27552
3818
11357
10881
10058
6981
20609
19636
22034
2822
22576
20242
10239
6762
27077
27986
7547
28035
26900
19408
6659
10278
16310
28300
3875
15620
32674
8566
21410
14359
5117
13801
31482
2112
29748
14709
16650
3118
3399
2529
24079
26241
21864
27248
22225
23855
15812
32356
7450
18471
30369
19649
5228
21301
14761
12627
20211
5926
3717
24306
5817
20012
15790
22277
5913
10116
25984
31301
14966
32341
26001
5828
4141
30684
5184
5933
20167
19654
29329
14157
18036
16861
21048
25042
22453
5095
8691
6995
16984
23243
21533
7825
24745
10230
4993
3581
8935
25597
14956
24186
24309
12164
16390
24419
18514
19294
4065
976
9291
19446
32723
20757
3695
7149
22529
5772
24900
4612
8509
21141
5944
7741
11666
26842
14298
21053
3868
3544
9546
18677
28957
2971
24046
12673
1870
17352
1639
336
1907
4833
20420
4486
24882
30917
3573
11166
10277
10870
4738
18772
25646
28959
8061
3010
15371
31318
1717
11721
11818
32158
18732
30130
19390
23344
19147
27157
10770
6139
28245
19962
32285
23273
11674
10303
5720
20324
493
23098
9932
4377
12503
2462
7023
1275
20749
24995
25776
17291
7072
28513
29265
30807
23924
7549
20597
23233
7411
4872
6906
9218
18434
31140
15112
9839
32308
28393
8938
27130
19262
9479
31773
29179
26028
30380
31655
4145
17874
29224
20650
26883
10500
8143
24889
3340
21770
1950
18794
19415
12238
14882
20653
9191
32600
24726
18780
29691
26108
6220
3731
20880
28370
7502
5185
10406
15975
2116
15743
2247
15282
9112
27937
17222
17738
7129
1163
16069
18134
3933
17607
9209
17092
16683
17876
18354
9278
29463
30784
30229
27993
11055
25849
812
5520
26710
8032
17570
11378
2607
7583
22727
5271
28733
27452
24282
27352
5192
27119
1160
28095
9218
5297
3248
31037
24042
30998
13161
27291
13681
23260
4934
179
603
13764
28633
3168
16233
4512
2421
1331
7221
23726
24120
22120
26205
16420
31817
30744
3555
8972
18783
10416
18644
20306
25475
23201
6696
27932
32534
10841
16362
18521
26133
28787
19609
5277
31900
17450
28621
9004
28329
532
12829
16213
27427
11021
10305
9473
4123
12144
24948
17803
27729
31374
5404
20178
14842
21080
21421
10381
14016
24415
16075
23519
15627
28927
3247
6444
639
20950
23243
20522
8134
16507
5041
3643
17807
24685
27697
5882
17110
14154
15297
27411
16486
2626
13347
12633
21917
12234
15425
13842
23152
10645
29276
29845
6830
6848
6501
24344
20105
28237
30123
22723
31826
16850
23735
5641
10116
26738
31860
22327
28932
6669
7572
12621
3239
8884
25902
22798
12277
9824
22956
9299
24109
19683
12004
13732
13705
27166
7557
1545
8642
30325
18869
16670
6103
27520
31992
10086
16139
22787
14164
27361
11052
17953
23475
14817
3099
13004
31624
27673
30345
19840
1461
1527
10751
12593
23725
1588
30753
16258
6101
12713
12595
27447
29745
20836
14812
1773
14396
5883
11818
27656
3863
6944
13783
3566
7910
10870
28107
19827
24184
21667
2785
8339
28198
29095
6638
25191
30717
4460
256
24402
23327
2461
9699
29052
9830
5564
24042
16769
9803
15727
2795
32618
2566
29979
2444
10204
25591
11444
21693
10639
2373
16596
646
32514
5317
522
32259
4205
4381
18036
8877
29176
3625
14736
7386
21034
9629
24143
13192
11428
13036
30571
24406
5391
17001
18939
21203
11859
31660
28229
22523
8713
2872
8915
9983
11316
20315
21961
6725
3883
19541
22645
25520
986
11196
28968
10017
31274
19230
16196
7742
15806
7657
9623
10610
21216
26248
12007
29236
8123
2767
8398
653
13770
1945
12489
30164
20368
18351
3979
9917
22154
25068
16023
32402
1378
671
25613
18879
31333
1073
4292
13716
20023
31496
11418
23367
709
14506
32008
31800
24188
2598
31226
21369
1977
13744
25821
8334
29824
31627
22009
20337
624
7724
13313
25050
19190
13724
18920
32188
1986
21022
28407
17683
7031
12818
29981
23261
4775
3865
20870
14694
12542
18042
13166
15817
24253
24772
32056
3252
2666
15541
21434
13419
21190
24923
14300
12304
3328
15225
24161
12321
31528
18988
14852
19522
18150
32462
27591
573
5228
21531
3464
9799
16809
24722
2773
10373
9664
26654
31745
21454
25784
12534
14199
27059
11125
8130
3407
16316
26599
24319
24863
16885
20865
5540
5652
32425
21997
28934
321
8046
15870
1529
22070
29537
7910
19768
16853
28339
27561
16135
10081
17253
15057
21014
13272
30543
5220
25001
15235
7015
23571
16118
5579
2112
11188
29134
27470
17361
12786
27776
10802
29816
26947
14075
5305
1343
15131
21810
7702
24413
25440
27845
2432
23808
10269
28125
32644
22857
14714
17239
3487
408
19948
20006
17420
19467
20137
12274
26075
14145
10335
10501
24387
14180
5157
3432
30265
29798
27826
5449
26945
15754
25548
3232
28805
22055
11268
9747
21796
32681
27297
29974
4812
25816
1498
21334
14219
19037
9032
13656
30178
10369
27290
12893
7452
4665
24715
17290
27613
3424
28177
32325
28926
16451
26583
19938
28312
6242
10734
28799
29535
20085
7104
15148
7730
27566
12357
26960
16368
13374
13945
31560
20364
6938
3597
26704
25700
8959
5212
10151
10958
20659
23970
21742
1780
4751
3688
29649
23011
16698
26947
5866
7390
7607
25790
28130
18168
28834
23957
32474
12514
11958
14628
3849
27393
18067
3102
32422
14787
31678
6530
7176
11316
29418
15819
12812
204
21366
6760
21943
19595
8758
5483
14108
6217
14710
389
31104
26695
572
562
22205
25097
21198
49
4580
1128
5748
16951
32038
9699
8831
32228
5877
11574
23690
29942
614
14382
5632
29373
24282
9403
16607
15823
17117
12359
25019
20988
24142
8518
25349
30340
1985
12046
11661
1160
14625
7145
10822
29119
16282
13673
4425
29546
8885
12028
10781
19850
1733
2752
24886
8784
3715
1177
22203
21973
32757
13184
19085
23051
12436
21790
2436
30452
31917
30617
16380
25361
19976
30126
21904
16414
30152
30976
13861
20476
23954
30383
11307
30191
21489
23085
12319
22537
30713
21069
20820
13542
2091
29853
7156
16794
6297
10998
8257
9192
29771
8017
32545
23733
11744
6620
8154
14011
9080
1358
29466
3458
31186
3447
26426
140
21170
3099
29123
26320
17030
14336
21042
5739
18760
19014
29176
21649
21158
3575
1477
457
353
3551
21510
22106
18931
21662
17581
17152
8308
29435
7728
18916
15806
16507
5076
25547
16336
2611
2347
17806
10608
9178
11995
6602
1301
3874
23714
728
12035
11592
19607
30976
2744
12010
7091
22761
10119
13850
13199
13908
6275
24240
367
18186
926
8420
7808
31251
11282
16924
19806
3881
31744
18434
28889
17005
20823
8666
24569
24664
4600
31763
15168
22003
19224
29211
10030
4427
24549
4728
4107
17951
2924
26901
23264
27357
14778
985
10183
461
31809
9598
2404
651
7550
6817
21940
30650
6105
25877
29701
9463
29645
12669
19526
18700
20808
19226
15233
20582
8277
481
12710
3018
19704
14033
23690
16195
25177
643
1071
7519
26917
10755
31814
666
1330
21982
20210
1307
5730
16252
1231
11422
24777
18608
11827
26290
18
12686
4532
2852
10782
24701
9194
1211
1263
28813
11382
29221
5061
31242
15426
21298
32646
18769
22795
5696
15971
30690
541
6647
24249
7095
29278
30518
31029
212
17294
10060
3644
8480
22221
23148
21130
20083
9822
4699
12057
17136
25770
21868
30788
2965
3208
3502
8236
272
18107
26724
26715
17108
18620
18869
22183
26733
4283
10405
29017
23824
8928
26436
1679
6519
11222
31525
735
12268
11402
31250
6973
24227
4912
24318
19999
7244
25992
6971
32735
21225
24671
18414
13920
15581
12376
3007
14324
6214
10220
2261
4477
9357
5808
26369
18387
7740
9686
20025
14438
11535
24055
25929
27941
30797
14864
10437
26526
21848
27594
11842
10086
17539
13566
10181
28603
12325
31352
15228
4200
8684
29691
940
13801
25203
7558
19179
1232
14102
19926
22671
1127
12805
5676
24934
7319
18583
20304
28840
11016
9185
30678
23849
29578
24456
18336
7891
28596
10963
7332
6228
16842
4
9455
10516
20196
26089
27114
7018
17485
28590
8413
17167
3114
28405
25777
24531
30044
3112
15610
6286
4775
14606
5685
8794
5395
12701
3917
26623
9618
32528
16485
17839
484
12601
24273
11508
24760
16919
25189
17638
24852
22443
4083
23201
2294
22536
3343
13814
5948
938
24853
9825
11457
2568
1902
23611
4297
19564
30478
25137
5279
17155
17217
19189
23164
14384
14760
26419
939
20006
8574
6087
2539
694
32
4141
18453
9573
1741
7481
30206
29634
3498
17416
7071
20471
16393
19766
16243
17821
24042
4177
21537
20693
14018
5006
10587
7060
16764
21435
25606
9534
30142
18549
16795
2167
19053
30875
10957
21302
32115
13059
22892
9498
2240
16235
5513
2050
26766
7090
19931
14040
5866
6472
3937
18093
24688
28387
8265
26123
30294
4723
16913
9862
25004
28505
24300
1173
15329
19667
9831
8608
20618
30907
23884
25690
3167
2674
25798
29521
23942
21015
15559
15812
26901
18428
1447
1716
14802
4186
17678
9789
19517
26435
29203
29991
7120
2265
3237
5817
5509
27070
17450
5325
5017
21451
29031
554
18063
15109
26528
5901
12153
24268
24832
31753
3955
2902
2619
14097
28784
3932
29041
28372
11065
14867
23638
30793
3762
30046
18832
25226
3167
20546
8544
29925
3624
3482
22917
21296
22873
2828
4189
15454
8941
5179
25422
5968
14604
30270
1124
16877
26066
26450
21307
22133
28498
5835
32032
23314
22747
31057
26739
4017
18810
9544
28495
19983
15295
21392
11630
12311
23236
22639
25926
28779
12396
10443
16504
14657
2281
16285
28523
21872
12161
30626
27700
30666
26769
11604
25786
3245
19666
15640
4119
18901
27099
12729
29505
28788
19431
14101
22761
30085
21721
9494
163
1117
1149
14052
18760
3971
5649
16985
23192
25537
5892
950
4644
29051
23293
20884
14188
16448
28959
19741
15172
16543
32396
25211
1660
28732
8743
11665
7103
1059
17823
5865
4284
3419
32681
15598
8836
19391
27532
32092
26931
8969
6627
13044
28371
26160
32414
31604
11645
27892
75
6598
14529
10166
3220
18552
5705
9614
22024
4204
2488
16536
7966
30673
22488
25742
13942
7505
17653
9116
2147
5004
21124
3439
27047
4294
9
31888
32637
18140
4919
19952
26845
30589
11096
14020
3323
6294
9199
11410
13073
7438
2716
5004
18270
13748
11329
10014
29038
7798
32099
20675
24477
19411
25043
24860
27607
3219
6029
24387
32161
29621
18656
25181
19805
7849
2511
10606
27849
11199
17592
25970
14538
29920
23091
27049
6248
25212
30781
13874
11545
27331
27798
4315
22594
4376
30311
8248
14843
31170
23336
15602
3347
26085
17089
28002
1107
11185
7919
16222
3335
32474
8682
29779
6843
7496
2117
13204
24643
13327
14869
14066
6654
4257
1877
9613
19803
29251
905
4330
8603
4029
17570
18501
13785
9558
2338
30248
6216
7935
2432
15420
17085
13007
30926
16736
16493
32687
30873
26104
24823
1111
1041
4743
7333
633
5737
21633
3566
8763
4225
15706
9280
27115
8643
14307
29693
24046
14411
18390
18372
23802
15434
26543
22257
3206
6828
30910
17767
27006
25336
31099
20621
20794
31864
30233
19862
5809
13979
26462
23814
30698
14487
29617
30577
1972
5202
18037
14214
24471
131
29077
1357
11786
32276
3424
1709
29926
27852
2712
31025
3099
21290
27333
22796
15522
23956
21199
31066
1971
22705
11212
29096
28215
11027
17943
1207
19584
4633
12962
25725
7736
9747
18061
30573
16023
27048
31991
760
30937
26741
11028
24404
31984
10487
14975
6268
3190
30123
24018
8312
29669
16755
29557
30430
9226
11068
2739
27033
32695
25822
16147
21225
12729
323
24037
30891
7945
28108
2587
28891
18759
6896
21082
12119
13667
6183
27985
8421
10910
9990
4170
30584
23985
2475
5118
2991
23627
4187
23470
30623
19649
10858
12911
20178
22017
32347
4806
6031
17353
19785
3188
26972
15126
9606
15507
21698
4830
10369
3042
30800
9473
26605
10078
26339
11134
7711
26386
17188
32226
17848
5935
13393
17159
21637
22367
6209
27386
7587
1111
5794
1341
7911
24491
31110
18223
15740
27111
28446
22216
13774
8923
6340
11657
17063
9270
2879
10163
16280
19031
9283
5048
19099
24415
22840
21999
10486
31883
25404
29835
29539
5569
27755
8142
19821
25448
8798
2682
11293
7805
20977
9865
28630
17123
28746
6685
21886
19451
13591
186
734
8053
10774
19635
12876
6758
21467
23778
16775
29850
22478
6812
10210
28203
17267
13284
6053
31570
22766
17887
20144
25214
1222
2953
23137
163
24809
25765
21176
10197
26864
18682
20665
19477
17317
31676
9234
29291
17858
4937
3070
5685
4604
10518
30569
30910
31296
17896
4181
3858
1597
24135
5756
529
17186
29487
19767
29891
16553
11018
158
1259
24404
30427
26097
14815
21494
6076
23351
21910
1142
6282
18980
15363
8656
4063
12864
25761
9052
15936
7750
2640
1875
23704
2250
3423
31887
12005
29727
15338
22930
12082
14712
29798
1226
25797
21325
22138
12820
15257
9985
30224
6526
28687
4545
17581
2897
25312
15535
9469
1359
26966
31808
23731
11577
28092
16098
22672
21652
29715
20195
30400
27053
22278
27534
19309
31195
20768
32151
5007
10500
9789
27321
18945
16994
318
19613
4826
18055
23041
3838
28922
6815
30609
14603
31203
15606
25241
26124
31691
8890
23583
12617
18927
8961
11374
6439
9001
4877
24148
7573
26309
30671
14990
7590
2961
28843
6017
14463
3379
16251
20779
13684
17343
4566
32088
14190
22921
28562
12313
16272
21304
29319
25714
17178
24092
11158
23891
22669
22722
22763
4809
16400
18885
20862
32630
19218
14566
18912
25151
26417
7775
22068
18500
20570
23669
19835
29461
11826
30541
29206
28451
8373
32512
901
28276
29
24561
7541
15259
21510
3423
2042
22760
17871
14902
23833
8156
4675
5163
10121
29919
15993
13575
24250
25397
5112
15939
25623
13615
10271
21206
25993
23710
29381
25419
18748
16269
14364
22
1701
15664
18907
9768
4292
32535
25500
14785
13734
27303
9858
9094
5935
18123
30752
17363
8470
27111
18582
12370
8241
1038
1021
28621
24307
22900
13062
10304
27443
294
3805
29491
26926
31736
3156
19526
6096
14271
8765
19982
27183
21185
20247
12575
23129
13162
8686
16746
22863
18497
19068
15818
81
1050
29844
21977
26460
27276
29377
14856
17650
16549
31786
29167
15129
13789
440
27873
30118
6473
24187
196
32187
28433
26442
19231
26255
31268
7594
10357
14189
3626
2546
13778
14080
15803
172
4259
31693
14542
22333
18634
26113
28532
19401
14578
26221
19654
9297
14624
14031
7707
18718
24459
26451
31359
24163
17326
25945
15969
8478
30619
24441
28556
2879
11154
10948
7513
780
12242
3405
4386
6596
18607
4585
25337
7554
2277
18738
18074
613
9772
7122
9375
26350
31757
4606
21491
14249
12531
13376
1929
13840
12677
27002
17486
26284
30259
30248
29532
10877
18191
229
25712
1948
29151
16433
21662
25887
9840
13681
19779
15933
27949
6455
28476
4275
27631
23748
32341
2661
27927
25803
16644
14921
23771
24952
2136
18561
12509
26545
29740
31175
28162
12188
18336
526
16513
7265
25034
27238
23098
28977
11944
3617
2890
22407
9305
29492
18652
6829
8333
480
5697
15491
14907
24465
1092
18300
23442
28934
15031
489
14385
18354
16466
26234
29594
32354
29886
1537
3044
18721
28908
13946
23729
15448
16811
13129
20064
3898
12410
4802
1412
23903
3738
13550
9876
11183
13928
3980
484
13442
14058
31575
15315
16134
23976
26247
17734
1504
4797
4250
14422
28950
15149
13140
27974
10028
5497
15621
23480
14733
17521
10
7200
28717
31818
31638
7544
30829
1520
8627
25398
31551
3229
16003
24443
24202
27051
25804
15757
13776
25255
947
12423
9742
3494
2504
6735
16611
20444
14659
7881
6901
10858
4493
30538
8593
18808
29187
6736
29585
2436
23030
2928
16771
26361
27126
26511
30983
3076
2640
341
16249
28835
23253
8671
32720
16639
20445
16820
4038
32251
8332
19963
12346
3085
27220
19947
27858
9293
11707
31874
7908
23499
2143
10874
6039
13606
20535
31865
13637
28762
29723
22920
26660
3290
17799
7622
27174
12767
3996
25949
11805
28927
8039
950
18979
5889
8550
31465
24889
32496
30792
1912
20526
7022
28917
5180
8643
10827
30670
10911
3596
18006
13110
13068
2329
19315
10065
6564
9430
16622
18187
11059
18992
15887
5725
15970
3449
31983
16844
32046
8718
3977
20274
25240
12599
27412
19392
16542
6222
15761
6980
25195
21028
16800
19624
7883
4000
1175
6075
28385
17321
21205
26677
23836
9798
15956
6645
24679
29444
29566
19084
30624
26265
20546
25599
6476
16326
29030
17609
19337
18306
10783
10528
30787
9300
6623
14713
20907
32001
21614
25166
23269
11879
20540
22815
26881
6313
3830
29367
12333
18316
13399
11952
12585
31265
32577
7225
6907
19877
22796
31767
29923
4005
28446
17386
9361
31589
2747
26290
9366
26243
6943
1681
32537
8408
9674
29651
24779
2975
4380
7467
22557
11225
32033
21823
5296
15344
7854
4455
15116
154
20653
1458
8342
25856
20405
16939
956
8736
21470
13658
5235
30063
31955
14349
24803
10947
17448
1624
31328
32113
27118
18906
26269
5298
3973
6466
12572
8012
29874
4370
12521
21102
2801
27043
22152
20443
21261
11881
5676
14154
14573
31353
16938
26381
25009
24136
27052
12274
8190
21174
4010
103
661
23883
19990
19169
12587
18880
14679
11134
2933
7361
6137
4329
16002
9201
17059
27774
17485
18223
16457
11694
403
32536
29346
3237
30178
5324
26333
26667
12787
3829
7824
15048
2105
28678
25841
27436
11194
10689
1096
31693
12574
27132
28580
24018
9733
9380
13517
27440
12958
32514
19067
19475
31094
61
3781
19327
10637
11041
2524
24375
30383
25886
18681
26334
27649
20116
26004
26204
19675
28750
3287
16259
30677
25164
6994
12019
37
20421
8432
4154
28968
31852
24874
11584
28734
12019
9082
7395
12507
9421
26643
29918
28379
29497
21711
21231
25366
31100
28265
313
26165
18541
29164
14823
13764
9015
25195
19986
3976
32091
7923
13284
5906
6644
5310
16382
14740
12351
25001
3608
1012
14682
31464
23783
7967
19276
11257
24900
26272
9542
470
21642
19825
20777
30319
16960
1296
32327
28759
22776
6870
31086
27326
17014
32645
26147
22943
18197
11552
7467
7738
16487
24319
21584
8133
7964
4130
29537
23647
2085
13254
14971
1605
19737
23606
7559
328
17367
17380
30980
21631
16749
27832
1031
25657
15416
18856
9087
2101
22861
9865
702
21014
26904
16932
5429
6161
5955
20109
25983
6121
20953
19376
21922
17949
11180
28717
13457
7520
15860
5222
19701
585
19768
21461
20780
3916
13682
22692
18578
23785
24942
1399
25088
6691
20851
29069
20371
2356
29989
27399
4015
13439
23722
29575
18243
28614
1292
27389
4430
31133
17374
23742
26530
20766
5667
8919
2280
5087
22123
21408
32740
30753
7743
11668
12282
14154
22207
30047
2801
31894
15498
31289
21496
11273
23262
13427
5094
5544
16897
12879
8902
26856
31967
18197
27283
31847
2548
12387
18240
15834
23404
9669
10235
24134
8841
1669
21939
3700
27206
6597
728
24479
17722
5322
2146
7279
4798
23451
29716
11819
8018
12235
19458
25130
9277
16787
11089
9098
27252
22308
7230
32037
5309
32314
21345
30657
21780
31733
12339
10375
4430
28389
9935
951
15100
22371
30453
18329
24210
31272
21588
5047
11721
20760
25609
73
2369
32351
13155
18929
19819
30143
3049
26024
26278
20520
18590
4344
28840
32138
4227
12909
25888
18663
6750
7750
7577
25260
23994
4975
11426
25921
21807
1204
21036
2015
13795
559
3891
29602
16465
22274
7329
28383
3657
12108
18799
21175
568
23125
1037
32492
15274
32012
4868
16372
13581
18612
16602
23372
28344
2522
32565
13839
19244
9098
17732
18887
153
19138
11611
23427
17316
5671
5597
10538
3943
13815
18783
270
11961
26687
29194
30660
27312
32078
23617
12340
613
105
19588
27116
20471
22720
27797
18874
16083
30369
5081
4217
30514
24812
28416
13355
25315
14023
19177
3912
28490
31122
1727
6742
12457
13086
29033
25530
19102
19481
5665
14798
16877
9933
15458
15155
7040
21003
7944
16745
27820
26721
7859
22940
16566
28563
29548
16321
30614
19529
8587
4066
506
7686
13783
8630
7822
5977
3312
17013
31867
9815
10730
16618
26413
328
24635
32714
24410
27553
21719
580
17728
18227
6809
9945
30766
17825
28133
1134
3909
19991
21388
7584
3968
27449
7919
24151
17138
21850
9064
6046
5455
27887
5349
28082
6574
14659
23510
27736
7565
16236
24650
13684
27926
17789
4180
32216
11425
22013
9652
19546
27513
6040
28339
12073
21475
19733
7759
23393
7260
4488
26520
27356
7715
9417
26714
11340
13559
23588
9980
14726
19490
2898
10152
18465
15542
31144
23725
26688
24855
14223
30241
9644
441
26676
21706
16166
32555
21377
9279
26619
23893
21579
24650
18392
5118
30413
18833
11488
18577
23381
3445
9212
21792
12605
9531
27506
16553
24093
12393
29626
3224
9535
20083
25229
31630
25427
15255
19518
13665
12900
13574
5965
27748
2571
26692
15930
26600
12259
29137
25495
6146
3132
12041
27745
5775
14100
26441
5264
14710
20803
4179
12781
6701
32245
12788
6436
13951
4189
11492
22810
3724
16808
26861
16512
25617
816
11855
25001
32489
16627
11876
2200
6868
10307
32640
22366
25208
18111
4123
31907
7077
5505
21810
14466
26845
17561
14314
9114
17428
23226
1655
27745
5812
32052
27708
32444
4836
29730
13619
18893
12810
16101
24720
6156
31886
19665
18081
11674
32482
11813
22009
8402
4031
20801
11213
8480
19377
8211
2974
8214
27093
4563
31256
4284
19937
1264
32571
12584
31590
30026
21432
4687
20050
25249
32158
21019
7353
31565
8245
15294
9685
24368
810
16965
29259
3818
5357
2416
2479
23371
27736
28865
8523
26894
3473
21715
10268
7364
30257
31469
21534
782
13478
23255
5322
2319
3798
15084
3804
6433
31748
21105
1369
28615
30200
26149
21457
15588
25946
4889
24033
25898
11616
15298
6141
30676
6825
19277
3436
11416
14696
17202
1940
32215
22212
18188
14968
13080
12671
6824
6783
28596
7638
18012
16247
6610
8361
21914
30937
11670
17884
25540
30543
20630
13821
27458
12147
14734
20263
2771
23002
16468
17702
13600
13393
10766
3291
32407
26726
1442
5858
32118
15147
11374
7539
28710
27190
15162
2438
7627
23020
5994
13115
9497
30976
21624
376
11625
32054
3490
11476
11788
23917
2016
10676
16351
11484
12313
32179
11551
15260
18838
1096
13183
8294
24759
26275
11384
3999
21989
19159
4065
9105
5319
32318
1215
31228
19385
7961
29790
19149
14202
2424
21409
23597
22308
2906
5782
30653
7266
9236
589
17696
27613
21239
20715
11707
503
14637
23546
11704
4028
4836
16643
13905
9237
19375
13407
1355
13631
12840
30282
5568
24188
3803
7737
3618
9737
8799
12398
20349
24399
20166
12745
2556
32093
28728
11745
31407
27030
10458
25427
13963
12967
9204
2650
9907
10173
5204
27040
6646
13300
29165
11604
3992
3602
15044
13437
8021
4213
15117
18574
8867
19786
8336
29498
824
13056
23890
26249
21196
21756
7538
11052
4128
11407
21585
2318
15679
26149
9461
24107
11011
3775
10672
22437
7644
13731
24316
16660
12237
22097
13738
24094
5047
7866
4156
585
7642
26029
12175
23308
13721
26002
21181
8236
5245
3930
3649
7750
30333
2486
7772
20391
8061
12423
14520
30564
23060
10390
8524
29352
21394
23430
1663
13384
31042
28679
26768
7837
15084
4684
4149
12178
22174
8382
22658
13052
4524
4338
20493
28458
758
8408
30032
32701
21097
10294
4686
21178
4553
7765
31610
31710
4781
10235
13780
21042
24011
16792
18517
3039
12149
22980
15501
19522
7524
28649
4747
22595
18869
2877
11261
25827
18225
7668
29336
13333
4817
10419
15802
29647
18049
12871
15182
4960
26917
26519
24561
772
32730
30679
8786
4534
17534
255
1503
23877
9586
8316
14494
2218
29342
31781
18520
11417
23478
22384
13053
13910
9148
2278
22084
10442
11719
25556
658
29654
18178
27204
13597
21991
20983
23339
15697
31691
14094
28900
20851
21187
15952
25565
22148
16601
13937
1425
24424
14195
3342
1974
10055
21545
15411
17335
2868
980
12576
5732
18188
23527
4173
9193
31137
7683
31403
6140
13336
6597
14381
13915
6288
24803
27527
20342
19461
375
13110
28008
16243
15002
23488
19756
5182
24373
1853
30734
8145
23316
28182
4447
21125
3644
7437
11373
1477
29311
21629
16051
30065
16205
27875
588
26751
32717
25758
23726
19688
20268
31475
7572
19138
12086
31828
10812
4777
11555
9186
26835
27492
18611
13872
46
17094
20861
14666
16314
17873
11907
28150
17334
17442
17419
28217
10655
25225
27562
5405
26860
24823
12962
5042
9212
30621
21102
22355
1357
3922
6042
9514
31982
22837
10968
3831
29239
2452
28753
9484
15799
14861
28985
2460
32622
14067
934
18742
9532
15348
9378
7309
13722
25592
14462
30586
12936
20555
9578
2372
10438
19199
31811
4638
16199
26764
9132
12785
23267
27834
14688
5212
10828
30401
7623
7674
11843
14510
24007
32483
4620
15880
28380
20085
26655
1460
29035
5204
7968
29462
27987
25263
17169
23161
15558
26053
24263
11441
6487
3240
4506
1534
32595
12097
11617
9268
23381
21909
28830
2073
13845
1094
12533
17935
21121
12893
2531
18931
29199
19526
25516
4676
13137
26652
26261
9864
16074
3880
11860
19691
13824
16548
20933
17194
6354
4548
4830
32431
5388
3831
19173
14334
29753
17002
26336
17743
7096
973
2126
2172
21266
30043
7700
29726
17547
21012
2490
27635
27639
29005
9431
1156
26575
9067
15050
26116
24708
19436
19115
22138
31251
23719
9602
12067
986
5716
15542
16657
23210
12878
13512
27929
12573
22936
4160
29420
12842
3358
1768
15236
12790
25406
23865
8898
24813
16007
20499
1109
13586
25025
26801
4061
32147
1325
19675
10320
21665
20750
24413
21149
25470
24935
17593
30608
11480
14087
8217
31990
20821
14787
7303
31233
623
12291
5728
2798
6018
20352
30982
2020
31011
19275
9430
8992
22196
786
29018
12879
23093
14239
8127
10043
20061
26785
20873
31658
27370
16303
22405
5251
15157
11402
27903
24627
21257
5794
13110
13391
17845
18396
269
11899
4960
29843
23299
7306
157
1245
10085
12263
3136
783
29379
51
30575
21379
22688
8495
5116
6552
25709
20445
19698
28155
32441
31458
7533
18981
15010
10799
27055
19749
6031
2528
28273
15776
2849
7268
14967
27926
26470
22495
26215
24678
29008
13004
32475
24981
15206
25575
21685
24267
6330
22858
10163
15006
15387
10966
24387
29075
22411
3028
17816
14562
20468
32732
30973
31354
22806
22262
1897
21061
3524
13568
26708
28845
22608
10320
18634
1631
16196
5018
23998
7503
27218
28435
12448
764
29582
9430
6706
10229
22747
3207
24471
6300
8611
18999
9644
29482
3276
5256
11932
32499
23271
9746
5551
18668
2218
24069
32099
26986
3488
21519
25534
22316
29471
25472
4322
27548
22395
29100
21474
31826
12665
29584
468
11738
26630
30393
27432
25527
4649
12642
15160
29095
29495
24029
30239
29225
1862
25908
2255
26173
13283
7439
8030
619
28936
7384
13729
19718
32328
28190
5628
29106
30797
7223
14968
28196
25220
26410
17430
31785
30999
7628
31844
23786
24348
25384
5453
26990
32012
25380
6965
3168
9078
14946
19782
2323
17908
5477
20484
13251
25183
19189
28200
32542
26687
30148
23467
770
13445
20817
12065
24713
30077
24077
1352
10051
2814
4285
737
8130
14052
4383
10430
8028
12735
19408
11805
18732
30669
23405
21812
24666
25126
3320
28173
3996
24631
894
31636
18941
25969
16119
12015
10462
24386
2670
11533
27450
18245
5474
21122
31278
9654
15467
27026
5816
6184
17697
1675
5311
12410
4409
32345
18259
16391
3313
11092
567
25373
23727
29788
21660
24753
3556
18984
24880
12880
20279
3803
30551
18521
29664
7128
20920
24170
18001
23000
7676
29720
28188
7994
12754
15843
27921
18586
4407
8808
30630
16292
10740
6105
11421
25642
26728
30123
28640
2933
2439
3726
27824
2521
20003
9890
766
31372
29547
6632
9241
14777
5297
18167
25226
17615
23152
4592
14652
29983
6797
5043
19937
18598
19933
18771
12944
11559
32488
22472
27315
382
5612
14308
14112
16688
9765
24201
28038
3654
8268
13592
24331
3420
3678
30252
4659
18421
15518
17033
21508
2321
29661
591
25704
26626
10489
26228
16850
30075
17828
7792
22564
16106
28262
5690
5841
7175
27109
20596
12862
31405
3429
12514
5231
7402
21131
19233
16607
32082
31334
2454
12207
19864
25008
16548
25603
17247
27216
546
16810
10061
7716
17676
26109
23137
28414
13688
2057
17799
14316
16588
9200
26474
25533
12847
30092
29834
23744
29501
1622
15758
10703
17663
21126
20443
23692
1306
18812
1125
13547
21318
11615
28869
7665
11010
5636
28301
26555
17799
6929
11480
25281
22522
26978
37
16476
485
18347
25701
23686
32744
20063
25938
21729
30380
22225
24835
4348
27161
26010
22717
8145
13513
5178
17421
3730
5052
15874
6675
7333
6733
29745
1313
28909
8804
32093
29829
13387
3310
25620
162
13668
26250
22724
21830
31141
17541
27352
5687
24453
28169
23844
29199
13834
9617
6531
22346
28047
9888
1982
32670
17860
11187
19376
17803
7414
4212
11944
30770
17553
25648
14351
8554
32483
139
14667
29201
2594
30835
20706
18592
23729
29522
10467
1538
30367
18568
29826
9383
27761
28440
28930
17876
3873
5537
28120
10557
21862
30353
8205
17109
27190
15509
17636
25317
1161
2900
22461
9307
27745
92
24377
5477
20743
16476
5535
20031
21655
25749
28798
27210
28862
23691
19348
5981
6339
6144
15087
12127
15556
3362
18514
4118
4675
28420
8154
9530
17889
10315
28641
22734
31336
28202
35
23984
14607
32656
17439
2158
14074
25759
27841
10843
5121
16993
15677
8930
30386
5814
10046
6939
10649
28817
29248
8092
7615
30820
29242
3218
30320
23769
4481
16
577
30659
12777
18086
17746
16212
10541
30262
30929
22416
23697
11011
9151
22529
16325
6923
12535
6573
15117
29591
9836
8517
15519
13584
25010
31135
31052
276
32192
4710
8291
3785
17908
30481
1747
14705
23127
29201
3471
23871
26915
28751
18231
30313
8578
14549
8436
13951
17305
19659
4772
1019
29125
934
6711
6169
10020
14236
1624
12009
30552
5723
21584
32162
31623
27130
9512
25401
4262
28208
3598
1842
19192
1476
18427
23223
17105
25668
658
12263
7840
32762
24138
23408
32300
24604
20943
5216
11038
6979
32422
1592
12992
6686
14608
18754
19716
29288
18226
13605
13512
28183
7026
16823
21848
4823
3620
27154
28981
15798
23142
17898
9749
10017
25160
19742
29226
25359
32305
31116
7847
12668
23422
15146
13185
13081
11883
29267
22642
22082
15159
25694
18244
4144
31363
24181
13132
13936
23804
31396
18997
3219
29241
15153
12799
23080
30438
28716
10310
7399
3619
6982
9928
11055
10791
17895
12578
23219
26665
32122
12250
32624
25472
27148
31906
22242
17417
13077
987
13175
3017
9877
8025
31812
26579
22115
3686
21750
2156
8130
12041
524
17518
20790
23688
23876
3050
25238
5931
28243
28177
29537
22851
31705
13909
853
15723
10388
25803
6462
23054
28884
1492
19469
30249
7215
11516
25129
31570
30581
5922
31498
18682
27367
14298
30467
19695
16547
13839
4447
1316
12131
7149
24752
20149
32103
15869
12644
9766
20400
7570
28313
15596
31087
19045
3379
2094
24509
1916
11563
11468
17804
14160
25897
27809
5086
21294
27734
30981
29237
29150
5739
20118
17226
8579
22031
32313
23041
6338
14687
1883
31389
806
5326
10109
31792
27843
20527
17135
7766
4378
2576
19163
26403
4413
1354
17542
7514
21812
5334
21971
13024
7326
31202
31497
13168
667
26660
18901
2959
30954
9327
26003
15299
32335
29060
2249
19456
5176
16170
18420
4963
14239
20353
29064
10275
24882
18067
12082
3012
20658
22572
19552
26509
10137
2028
17923
27965
5887
12186
1939
12282
9406
16315
31060
2442
19413
28259
17369
24517
31754
18508
27846
24138
15572
22565
12506
30834
30583
22572
16172
18306
11377
8703
14772
6437
6165
20655
7950
16921
2678
18711
379
2344
30342
7276
12073
15962
31871
30997
12212
21097
29570
7612
15084
629
13950
677
3289
27641
14420
11582
15100
7422
9017
25080
28376
29838
1883
10326
10673
26476
23751
21827
30100
32002
23690
4009
10135
6299
29974
831
5986
25298
24040
13731
28654
26442
3688
12712
32141
15008
7185
31985
7467
15518
17361
3007
12499
19122
8883
9991
15733
30366
25019
30920
5606
5488
22801
12955
14120
15029
28259
652
14828
29674
12932
18984
32085
22579
601
19415
28415
16464
12021
17004
5184
15052
28931
5883
14509
4215
11108
10474
26080
27927
16666
23627
2169
91
613
25193
26211
11024
29995
28833
19033
3223
31901
22900
2216
1175
9240
15322
16694
31983
4425
15576
707
4079
24981
32596
13167
24263
30392
20009
25212
11327
30380
11383
26454
4009
716
16444
29136
21524
27193
19241
28593
22467
23421
9646
27503
32734
22894
28760
18490
5222
30549
28508
32572
6254
8272
17524
16928
29321
28149
31465
9937
31103
21048
6641
16516
14660
6287
12604
18936
1066
596
5066
17660
9301
618
13567
13107
16751
23587
23545
19476
20126
10593
8481
21556
5299
3068
27136
31176
11429
3684
22357
23141
32317
30600
22884
5643
5906
5622
24208
4962
28088
17987
20524
22851
25909
14509
20879
8570
9396
14847
30054
2251
6014
949
23887
51
10533
22369
30627
25455
4610
26957
20370
22723
18402
24162
9078
24052
26365
24904
13665
9878
10024
4815
2552
12174
12619
22926
2437
11215
26900
21706
14151
11879
32493
30361
29453
13759
24108
2374
30979
31774
19338
9208
5067
12656
18391
21135
13519
582
2796
29903
26326
4125
10976
6336
20182
16099
17279
21588
12041
31671
12791
25163
8259
24817
14549
1620
30083
23394
8240
31861
32200
13533
9764
30636
6182
10229
21379
29655
19992
24841
2246
24273
26648
4222
22346
23774
12397
29260
31417
11337
22597
28348
1733
27723
13059
14448
7453
19247
15322
2979
16281
24500
6555
29362
4792
12723
5323
13275
9293
13825
13305
19525
2677
16791
29262
7233
28364
14320
17510
10448
23009
30899
24414
5733
21223
20626
30255
16620
10157
29042
24890
5386
28880
13772
25636
3751
9775
13139
1507
170
22431
24791
12057
2563
24032
21353
673
23535
6096
22208
9320
13687
2015
25819
25215
14394
26051
16616
29806
31341
30829
14693
17610
31264
19515
21893
30986
21955
6511
29141
11158
28136
28384
4127
3105
21579
29935
24206
23097
11279
23741
14868
28188
24394
20379
12297
17358
19908
29378
17173
15464
22780
21317
30543
2483
29036
20035
27046
30709
2318
18785
30337
2571
3871
20343
13218
7096
22819
25994
16720
32317
7465
11259
14005
17194
24912
8189
11653
10611
1162
4428
12512
24774
17568
8221
4986
5916
25975
22352
28921
1167
23953
14061
24222
26987
11222
17102
3880
12935
14997
27033
28149
14294
29638
22514
30059
18745
27282
3054
17558
32151
15893
15562
14354
30768
6498
27357
2604
6190
29895
11211
15940
18045
31827
1788
23414
21981
16278
30284
14969
10550
3752
24324
27334
5163
10349
5898
29437
10737
7702
19028
28805
28258
4075
21666
23155
7501
10056
25453
27566
31761
29158
29722
30800
26986
604
628
12879
8074
31206
31577
8540
23660
24420
18355
21003
25701
26534
939
53
4860
4838
13849
16539
28155
17302
7230
28107
28358
12893
23989
23624
30188
25436
15527
6629
7420
181
5695
15474
23194
15950
18269
922
11473
10962
18831
21004
15787
4601
7229
16857
13823
21514
20003
22557
12939
22174
15108
7138
3906
29350
20893
5185
31975
943
30169
29130
5339
31845
21315
26407
24372
9302
13248
29947
32526
25337
11902
11536
31014
15343
17192
12466
18597
24712
13660
28246
13881
31369
15454
25216
9578
5165
23310
24547
19500
16745
29719
8905
2224
28276
28266
13237
18816
30599
32235
23879
15307
28130
25705
14689
13309
11791
16084
6536
1171
11114
12970
20109
14126
5345
4019
4972
23526
14073
14830
8052
25312
16145
28619
9128
13347
17387
16538
14182
31143
14184
18244
30790
20399
9619
32057
24901
20313
25825
14761
7459
10100
7096
12535
22537
14225
16173
2155
21615
24925
28434
21031
18237
1070
21296
1372
16176
22235
24017
18109
7040
5073
6018
5428
21952
11107
22550
11988
8965
28770
4334
16912
12362
29422
3192
16170
32275
32139
18166
24046
8017
26744
17537
11167
24454
14140
2125
13618
5161
13441
4398
8634
7500
37
32603
20772
22908
17295
18291
21284
4329
63
5821
19055
7111
11433
19636
4139
18419
4932
11715
11171
16858
10206
13133
29248
1175
18226
7408
25525
5467
5308
9995
5753
3602
27340
2685
18554
15171
4314
10672
26640
20792
11289
3799
10543
31840
7758
8051
31458
20721
18147
10524
28916
24017
23095
11134
30192
26295
17209
930
22861
2446
17205
23663
3554
21274
17390
2160
11424
1757
4076
10455
3967
7740
25879
17858
6329
17118
5509
15294
31287
18517
10897
8841
4424
26880
15917
4381
10905
18991
32377
25321
16994
2953
3988
25186
5341
26027
16305
31930
4860
7186
16750
25327
3931
17979
24674
15368
14196
13320
25589
19612
11538
29030
5237
14227
21512
11565
5734
15408
10274
1864
4121
5456
12124
2581
19840
24044
23634
21262
22080
7909
29944
11946
10760
27137
20875
11134
5921
9776
1991
26792
24391
28949
22107
9069
7864
14785
25754
18465
10634
30914
10867
2631
21313
10588
5283
18426
21665
26646
14633
15500
17345
23161
12282
18028
21089
17428
25591
17485
18045
27843
28700
19844
24867
15409
23802
18866
10113
11932
21095
11172
16962
1752
4468
21367
26395
24983
19103
23552
160
3559
9290
22379
2141
20220
1388
16161
18210
27440
30855
6896
28574
11336
15066
9062
18223
13561
19415
25469
20729
20395
4311
7550
12086
6780
24845
30495
11980
13448
3512
12526
12581
20584
15005
27891
26683
20472
6837
18577
6386
19805
25891
19886
22443
13639
5736
32532
29462
22132
20954
1046
327
2678
30547
14198
17165
23477
16678
7558
20863
19639
32343
1422
18903
9375
15627
23150
27524
25844
31037
26244
23674
19620
9139
3792
1997
3145
5424
18774
19070
4010
16876
21188
25237
133
16705
26453
21615
26252
32167
757
14938
2221
8418
27814
12895
29590
4218
4386
24159
18809
3692
28866
10850
16140
21023
9374
19755
27093
11673
16118
14096
17316
4851
2769
25352
1889
3594
28387
15878
19207
1656
30644
6277
31473
24003
19711
22116
6741
15827
5720
20725
27918
11178
4882
8017
28318
12879
26976
14574
14963
14859
28858
9843
18793
24536
31619
13514
10385
24855
25576
24183
3377
28545
24587
24361
27147
352
24929
9615
27106
29183
856
5997
29499
1631
19774
23535
6497
10795
19294
8253
7851
30958
17260
2639
27649
26500
2083
19971
8605
8655
12332
6253
9487
28843
13378
17774
20612
15395
14484
5000
10055
32229
1386
18928
13192
14323
29452
1253
29021
17308
19680
7233
27398
3243
28626
22606
27253
3294
10232
26842
25614
7065
4470
21134
32427
26076
160
18043
23779
8819
13663
6134
2956
22124
24022
17574
14718
15822
11333
17115
7322
11400
1069
2593
10251
31656
693
2582
30668
22221
26188
888
5482
32223
6544
30594
31244
20221
25966
8569
29104
11447
3723
11906
17335
5246
25059
10166
17572
31064
29873
17016
13601
14041
7054
2822
4675
12366
23772
7503
15118
28731
25189
24581
3900
23560
11840
30194
27450
20471
5877
22927
9588
14169
20192
22227
28882
29954
31451
22345
18562
12282
7191
13413
18681
22645
20811
1048
6708
30981
13073
5026
20292
10255
20364
1192
24329
11644
2383
16518
6718
12464
23930
13798
17077
704
21798
5266
10212
22751
9732
31622
27809
2842
17984
19786
23082
11078
30636
7806
25704
2102
3610
29366
17269
28977
29961
15241
18011
19874
14469
19941
17183
23826
5448
16805
18430
13140
21541
28518
29174
17663
29863
150
3208
6178
27381
17869
24253
27954
29944
18273
18791
29767
19136
17461
6825
25224
11812
4817
15033
31716
7593
6328
5605
25860
11942
19445
26580
20861
21157
29432
19471
25161
3083
5792
14271
18552
22012
23193
16569
35
17273
12264
21943
14242
6603
5572
19432
14078
27173
23720
26028
23465
28293
8102
13976
31853
11739
26622
2241
18851
11117
12015
10039
32165
9594
12749
12751
29062
10013
19540
24102
27136
29045
19772
18914
12461
3
30989
16955
19834
11347
12085
9403
29786
13535
25944
15681
31543
11056
27879
17740
27694
3398
14068
26742
2043
3642
2629
29247
19634
21026
24487
2316
21681
8501
22660
6768
8658
22064
952
23721
10469
3064
25761
2414
12637
20096
28789
13800
23881
21229
30169
27646
28038
31480
8879
26837
5683
10132
7215
9367
30566
7889
23865
1908
3613
2305
20201
28647
12664
18713
20333
28219
28709
13402
6931
22861
25115
27952
19366
8339
17035
25946
25083
32605
26131
19275
3527
30043
24886
26320
10163
10336
29449
10484
4531
4965
2094
29473
29075
9937
27142
22919
31187
15864
28195
25793
13492
3553
14844
5814
1427
29004
28389
14014
21622
13811
21054
10503
6117
20241
17898
21814
12539
4385
9475
24657
19900
23272
22731
15836
17833
20405
14822
23618
9362
1768
4551
28791
22444
21681
20585
9436
12515
4122
19007
12131
13425
31304
4717
4851
25776
11005
17720
4110
44
9826
22203
2225
26109
4
14812
23419
5204
12060
29567
31250
30035
30739
28154
16067
28194
3909
8392
17768
25663
22790
24705
19343
11541
27362
27401
23512
7121
12841
1032
18591
8561
25516
13723
14811
13085
6337
2378
21062
27323
15757
19769
12223
5566
13442
14754
19180
9790
21286
2690
31267
14926
7190
24979
7051
11658
23115
1147
10878
26863
413
19267
17458
25840
30853
21258
24473
4549
12071
18683
15493
6663
10128
24956
19984
13178
21308
20392
9275
29226
27099
20736
6357
20921
7508
8541
17311
26871
20235
27434
31149
31667
10848
1999
23567
24273
18552
9328
14769
25245
16703
7896
18560
14175
19885
11952
31182
48
24393
12021
28152
2059
20716
7081
19270
19751
5320
6088
31762
22148
936
3965
6189
1988
12665
19094
32126
26429
27402
822
23532
2636
16656
21705
14463
7148
17517
5949
11201
12679
22450
31344
24427
25100
14818
30180
3901
21313
11897
24762
4398
12635
26284
17886
10437
17612
4083
18559
10695
6748
11205
11458
11794
29051
5282
22711
25289
25813
21591
24972
12465
296
12158
30976
17371
15954
2628
20251
13956
3759
2671
15388
25401
30881
6815
18100
8767
28272
13011
23153
30257
22613
2608
17021
27627
1233
5630
15496
12711
29507
31220
14339
10598
11450
19893
5519
31378
7944
23450
31413
26337
11800
15538
3543
26236
28545
30215
11878
20321
17498
31523
32086
3077
17745
14803
18895
9534
13559
4907
13862
9057
27742
26058
10507
2727
30182
3424
24324
30422
19028
31597
12314
6685
25636
19787
24017
9023
7457
878
32094
20212
2610
15851
21013
10380
18807
8759
11297
15829
30356
20017
8055
19007
14669
31843
9997
7486
8788
15749
2118
16368
19038
27459
2737
7680
26492
14401
22516
13770
19625
347
6147
5055
1951
17457
7574
7435
4336
24291
14041
28022
16977
32025
30309
19592
1849
22087
2159
32241
31659
8495
26687
28968
27983
24743
2532
5201
29384
28060
19495
20068
3394
25175
18109
25740
2122
19199
18625
20173
3043
16223
7009
16362
5334
18922
23767
25734
18249
16380
1947
7561
20371
28515
31190
14789
17743
17694
4378
29402
17583
20836
11857
12630
12820
19689
13812
23585
23515
860
24702
14105
28281
18228
28447
5369
28362
21164
6324
24703
11942
14860
17143
16590
28598
21291
23539
23825
10373
13874
26556
865
8154
15266
5724
14057
21062
7065
30224
26951
22009
4689
5557
25398
12505
11753
11133
8298
21718
10600
5094
8892
13943
30975
15597
135
12729
27534
20862
12882
12570
1386
14640
25519
19185
30814
16431
19298
18688
23791
31609
20166
20044
4324
15694
29805
3885
24326
11745
27143
20385
21541
23636
8581
7141
25947
23523
18814
28487
19349
16736
9425
15670
14414
5343
1420
4251
18334
2994
28428
13676
21364
7832
9062
8317
3103
20529
8198
2458
31252
14261
19862
27604
19691
9190
26402
24600
7082
27203
23673
1542
31302
13951
13270
28415
2151
28209
11967
16256
23916
31949
13870
31407
30127
7123
20975
11316
1290
27462
12105
25674
21146
28256
31456
14870
450
16516
4570
18487
27763
5748
20033
22430
29355
24516
29352
11424
25404
7311
30994
10825
25039
15208
18703
16372
28200
5011
6440
21784
28844
20342
32637
10085
28704
23370
30125
20240
21683
11286
21494
23915
23615
29406
1950
18872
9164
4119
2193
8255
27222
23391
21067
10142
28880
4971
25592
28769
7016
2625
3034
722
14349
24999
492
7954
3630
27611
5573
17257
7109
1156
29630
27867
9109
30185
17751
17916
28847
15969
12503
14341
29499
18954
31795
4646
6773
29886
22321
15134
4086
26691
4301
8458
14389
10946
15324
23418
7245
29051
1775
13258
8449
2998
19322
1968
12029
31229
6198
14865
12382
1416
15043
9753
1909
27641
3218
18570
25288
29514
1794
4948
4698
31235
25289
8039
16941
22448
18070
12485
15876
8594
18677
16603
8813
10133
18802
785
7935
15746
25857
6048
11745
9334
2461
24739
25740
10387
27952
11634
16849
18165
27571
12331
7453
28647
4246
29073
6908
14679
20322
14106
19164
5512
12189
3907
21012
25095
28654
30759
18468
25312
25729
21584
10302
32273
5293
8653
31750
19263
23508
10116
9111
19368
4491
3274
24262
24153
31995
3889
31658
17569
6023
19105
20060
19141
25264
18347
22011
26869
21813
17433
13043
28799
9086
27082
21119
6467
26426
26557
29549
871
27208
8555
26658
332
6355
26714
14813
15808
24258
29679
4416
4725
29775
2948
2060
8881
24053
5818
18476
3656
9104
2064
7157
20680
704
21941
21420
8435
8334
29851
9288
25714
32338
2509
25466
3015
13780
17922
17643
27268
16561
8050
31941
24506
20224
24040
27508
25269
28982
11545
13998
18406
6471
10548
29616
21025
14094
6586
18123
25609
29679
20112
7200
26056
20923
21331
23976
13059
12499
27883
19063
9484
401
5475
21313
3418
9443
27127
8221
13367
16441
16239
9097
12217
2210
20652
24238
9971
18737
15233
15078
21868
10406
16324
7292
25297
29258
29860
4787
25318
26139
26684
18697
4546
21545
23913
7612
8252
1856
7129
398
9377
17095
1637
1221
936
22504
27553
13687
26023
5618
17585
13060
3078
6651
22110
6884
6900
16841
26729
12963
11098
17907
1822
29481
14605
16195
813
22847
16712
7007
9142
8015
9561
17576
16035
17515
9626
355
11066
1169
2211
19991
17138
9774
17086
14133
25734
16608
12700
30206
11593
24960
16454
21666
23737
12128
1877
7589
5718
30417
15718
6791
30133
15593
3017
26020
10448
16515
7033
4953
1184
3206
28241
30312
18414
32619
22652
926
102
27641
11822
6323
17901
14163
31121
10865
16436
6197
19715
7704
10893
23419
1406
20994
18942
20963
4439
6531
2452
19219
3884
12307
12538
16862
22808
26543
26954
7619
20520
5756
1059
11702
31763
1966
14588
16420
21285
29608
19640
31793
15997
17252
22394
24644
11896
8982
7354
2501
21357
10252
10649
10789
20123
3545
11633
19743
28511
20146
16561
21566
20651
6936
3560
19360
27315
29880
4383
31737
27881
28815
24940
24026
29740
25681
14532
21044
28988
780
11793
17432
21362
11528
21892
6080
19374
30451
15149
2771
15248
11322
27593
27109
9451
20666
32731
16189
11638
26008
23806
24284
2757
30061
8569
29627
27256
11175
28180
29267
10931
31532
554
5218
30414
6208
24064
16877
7245
18856
24405
2945
11282
21775
3130
6591
15313
2730
36
13848
23493
13336
12096
20692
5281
27276
29702
10329
458
6189
6929
30122
23491
10429
24878
16942
1768
11641
6067
19123
31328
30785
25362
5042
4941
29177
18349
4820
10309
12335
30956
4534
28934
3582
7821
11753
5733
19506
1084
6718
32392
31916
26468
1344
10581
15625
22340
18689
12586
1150
23365
18458
17359
2310
21387
7149
10153
32704
18378
30765
8496
15506
6235
26529
19619
29971
17807
17956
16378
10920
16707
7153
2332
32749
32436
15901
23634
32086
13461
22629
1787
2326
1375
17450
31362
5695
489
20666
910
20267
14904
24785
376
16156
20632
352
12802
16159
17131
23948
25926
10806
24130
13306
11756
7349
4266
12618
24992
17133
3401
21473
32195
31496
30377
15596
17505
20020
851
4769
9572
1284
20640
22472
18439
23314
22476
23675
18573
5610
14668
11306
32306
803
21089
7394
23906
8655
20718
25550
18985
31510
14727
21246
28395
28189
5066
9319
27477
29485
12530
30251
28563
6673
16553
23579
6083
18367
10270
10874
7082
30523
20312
24068
9894
441
22730
17711
27620
12802
30503
20145
19155
10008
21879
8514
6105
18973
17771
24739
23876
23409
10221
17375
10371
23323
17404
24785
14230
20586
32695
20710
6851
13531
12215
4901
7819
1598
28834
20332
4572
17429
16125
24316
15496
23613
16706
15927
6646
19152
30771
19369
11288
29001
18797
30790
31388
26857
6208
19698
4711
21594
24766
26951
6463
29843
2322
24466
18887
1275
23828
4638
27569
8913
26650
30134
7215
17355
8464
23909
31402
32765
7371
13184
3511
13053
15002
17382
29767
14405
32542
31623
14109
18136
4444
16675
20102
12329
3601
19284
12356
1592
9541
6095
31179
27902
13859
26599
2736
6923
23816
26195
9054
19822
10202
23088
23563
13013
25755
2890
2026
4597
15934
15255
22690
12076
7097
23044
22016
13669
30043
21108
32232
9789
5216
7942
8338
5476
28867
32407
19699
13125
8531
29833
24952
27369
4617
30146
5370
5912
29849
26359
3055
4802
8007
20522
19933
10398
19964
26993
12053
9745
31129
25850
669
5457
14731
6732
10350
25290
25504
30415
19423
29121
24088
22415
26210
25655
22528
12349
23150
6672
23483
9079
15036
11124
28642
28744
4534
25206
14926
22771
15661
30707
22898
26348
12874
6077
26606
12328
15815
28665
24162
406
5214
20422
18304
4846
18306
6432
31334
10153
29262
2563
20266
16720
12987
8403
438
18170
17173
8187
14038
17937
18352
29909
22415
12372
9431
1482
14003
15138
28933
11194
13490
17397
22360
23197
21939
24109
32322
15723
32227
28175
18050
18746
18445
29965
30290
2982
10860
29511
9442
14454
23997
595
31238
14973
14999
3385
5675
19389
255
18882
13968
22739
15928
22259
27059
13199
17624
9428
26633
22754
27425
2422
25841
19965
909
10035
27627
22711
17323
2104
7685
5935
3370
4929
25495
15027
19763
15780
26160
27105
26109
7825
26320
3596
22171
18328
17496
4066
5400
1643
17982
18251
20165
29670
32645
8852
722
29772
24045
18636
11036
3284
14695
15214
26438
12900
30667
15169
24075
30108
6349
29821
18642
12310
15918
13871
23939
5868
1071
14558
2714
22139
15947
14447
14714
7015
27685
25926
2819
11488
31424
28846
16998
31779
9710
14459
21048
19779
3595
21998
16326
23849
21994
5080
20649
10457
23824
4098
13978
14840
27168
3021
11655
7307
22935
12310
16358
25090
9401
18524
9545
21877
21708
14629
28466
17709
13955
13725
30761
1382
25021
30849
18701
4179
26992
1083
26792
26467
18399
11855
18821
6595
23316
31221
18950
5156
1418
1543
31409
7614
18218
4638
7883
9877
25208
24313
6952
19195
25103
28190
18241
12374
4683
25795
21639
7971
17221
5614
16375
32315
26372
30684
495
4949
24561
2208
28736
11469
5004
26124
1668
6308
5470
7380
2226
3271
32302
29425
13295
25748
17272
12612
29095
22426
8987
12412
16605
3488
30546
11577
18879
13289
1765
10097
20350
30647
9633
20756
29788
2574
14597
20459
1031
4282
30014
22214
14373
10388
26198
22998
11056
23808
6568
25176
28036
14522
31639
17779
28854
21459
15743
16996
15656
758
22508
19416
9690
3056
32010
153
28291
879
3933
5997
6113
14346
28850
16956
17997
20098
15702
19568
30354
29512
18309
30881
29951
17727
26405
24946
19131
24002
29109
25014
5465
6633
28288
18392
31916
2312
23318
22649
15069
9337
5116
25690
27322
13468
13731
30077
4177
1819
2455
22407
4030
23155
21497
32617
1601
8880
5423
5695
14740
2935
5082
11128
4475
23370
17160
21048
20380
7176
22700
11770
31121
11443
10315
12922
10556
8310
5623
6866
14170
3815
13697
23523
29787
14729
27115
5622
25458
10901
6428
18851
11240
12538
18391
21491
13493
23970
12782
30145
7761
26103
12979
27238
3784
4006
4528
20885
1037
2466
1944
28803
8336
22125
3965
3659
9746
11155
22594
28562
4792
27255
27220
13670
5215
5713
21909
9068
17968
27512
31641
4411
27764
31709
18965
2819
8873
29912
31124
25970
12245
29224
9324
18648
29978
565
18929
30601
10891
16279
4584
21379
24126
9180
25663
26448
27042
30598
10491
30254
20755
852
17521
22382
16812
26307
9145
8474
8541
14291
28000
26074
25917
20494
10845
2584
8737
27335
31558
29795
2925
30880
11716
7441
21546
19535
17989
16681
9817
1185
20976
15488
9351
22462
5342
20257
10658
9136
26759
20978
15115
26655
24186
7829
24812
3422
31570
11917
22732
7340
7653
13730
22113
19891
26302
15238
18085
3413
13262
30904
18732
25000
1118
31401
21428
20287
22856
21278
13310
9132
25959
22229
25564
18754
8780
12139
25484
2080
7474
17533
3652
22635
4148
16398
7438
10714
7102
12840
19414
17528
13378
6086
21697
9893
6188
18674
13761
1118
25111
4651
29799
19391
2881
32009
21496
21190
29244
3108
12738
4698
14823
28209
31664
4748
5277
27758
29981
27676
20396
6209
15846
831
13065
31771
20419
24479
2370
21411
26071
17828
25523
3857
645
29938
28413
9687
1926
12339
27572
31879
5176
29206
8024
25073
7737
29591
20871
26507
30773
26498
10608
6423
15100
3890
32651
22399
17624
3231
30600
23300
17181
5528
30341
8343
31233
27724
18819
18055
16046
16655
4123
7261
22422
24923
16237
27141
14087
22549
20826
12846
17407
25362
29683
29682
9537
25050
19760
12218
17064
8620
9958
13148
28860
10946
5875
29063
31363
29397
30651
26721
32154
6372
17625
23406
19587
3634
12302
25780
19265
20622
637
8477
31266
6614
7707
31772
8925
10430
13153
24211
23516
1742
32580
17653
21979
28586
9574
168
10162
15766
31374
10413
3183
32569
21334
32130
18344
6817
11043
17479
9232
8584
14170
23841
16455
15062
15057
6364
7671
17767
11652
4564
10012
6157
3210
3093
7587
729
26183
8385
10551
30102
30434
14514
30552
28567
26873
6753
8621
7347
3732
3846
20123
17293
9816
25345
16406
26905
254
17785
17591
19803
6915
19267
16143
9586
32416
6405
14140
14038
508
30875
10937
14302
13729
23993
3707
6533
5932
7634
14137
7789
23625
24377
7179
25380
27103
903
10038
15271
19336
4412
2374
2596
16196
24745
16990
29444
10606
4109
21965
4649
1263
766
23521
5492
9137
28938
26112
24715
21335
18335
26868
7641
14891
25384
8583
24790
87
25465
10064
15752
6489
8045
8652
31050
16817
31693
21425
14540
1244
10612
28798
20315
24454
3761
28759
4962
20988
24557
22032
23601
30432
11150
7048
3326
29216
23835
14392
20777
19496
31648
30219
28101
3415
10068
2160
19539
11696
6777
6574
8912
11475
12676
17017
23795
26155
15998
8130
10928
30056
11178
31443
22528
16176
12648
14234
20964
29201
9049
32069
31911
5051
6340
19728
16228
28268
29752
31579
26825
29355
3699
16128
20762
24889
2179
19171
23929
20805
2347
9675
18532
26335
27016
13424
21375
19887
5364
10709
18068
19431
8235
20951
24536
374
23469
27142
6512
10111
25955
31925
26675
25609
32132
29261
22450
1528
8890
19687
10101
15676
14721
16921
19848
9032
17104
9999
567
10181
26108
25310
14613
13704
20953
23318
11075
9154
14626
3734
22254
18295
28187
21157
6170
14642
24948
26174
16030
8950
2161
20394
17776
10871
28232
14421
3875
19338
29899
15066
19374
14043
2118
22368
27503
2270
19115
553
17264
27912
31212
104
18152
318
5545
1875
31237
3470
2059
20858
488
25629
22000
7767
30194
32096
6728
20518
22078
9359
20670
7159
19310
18519
13212
1
5035
17360
12520
29753
16615
13230
15059
2339
11365
11195
30549
26856
17276
24709
4881
28330
4504
6483
15230
18452
11137
32350
1096
21813
24544
5950
15348
14990
20735
3491
29636
22889
23504
2117
16090
8813
28721
12830
27807
30320
15982
16854
16998
2444
24071
5503
30797
31861
20916
13954
32100
8201
3239
23001
18194
5929
23825
12415
12212
19144
24551
7205
10374
25665
25062
7207
17095
16878
20949
1726
21528
6646
10250
25207
14886
16230
26415
29668
392
15748
6726
21393
29675
15712
29675
8249
20844
27051
29401
8506
14661
17612
12208
27975
1452
9521
14326
26973
7928
19427
6747
13304
2566
18782
2113
20614
13787
9375
12411
10012
19594
30846
14165
11368
2904
31550
28629
17895
26143
9315
14913
15959
31216
25795
11233
24176
4860
9440
25606
32207
18869
32117
12876
8243
31536
24143
29211
29419
8398
5982
16244
16015
19227
30732
26858
8431
17398
30925
17134
9033
7155
8952
16464
191
9981
10965
29699
12551
11328
28663
24609
2917
19782
22476
13870
5590
26719
13938
27809
21646
31303
14796
19872
11685
17155
2774
25356
13582
12812
6453
25533
29896
23983
17683
1551
1368
2484
23337
23453
2678
318
5917
6732
26631
18418
8207
30348
17227
26203
13167
29402
9304
21901
29201
18569
19399
19977
899
19907
4269
32225
926
31947
23245
27165
28251
132
3339
32604
32232
27191
29732
5567
12027
29841
3485
27650
24423
30699
15097
24044
15085
29647
13615
23018
27220
20919
21595
23031
14523
17687
32692
25534
9007
27806
22974
21507
1657
6329
31937
31039
24377
23386
23417
16778
20537
17655
6671
32702
25339
29397
29512
3034
13972
21126
32253
17060
4285
16049
26315
10387
1320
22801
29195
13291
10000
17856
23044
554
30996
11190
23904
31907
3909
7820
4573
12393
6014
21894
20293
23918
15348
21457
18080
236
5133
26121
6568
24324
6006
6399
1661
20390
18288
3512
31642
21168
618
20153
10248
12122
13781
2689
23505
8913
25140
22360
19640
25122
9586
25671
4903
29530
16249
15208
29545
8683
17664
31072
18201
4690
29860
7721
6875
14583
25147
23317
21578
14421
27749
527
29745
27226
12387
31268
18685
6417
28717
23875
9586
10878
7870
9025
28574
17354
1715
32288
7179
10144
16148
19345
26937
21462
25202
16311
28491
8784
15410
11566
22529
28961
24616
3660
21222
5620
24680
13223
6603
8363
5464
15319
6515
12613
11274
14461
4752
25861
28361
9348
18158
7888
31730
4006
1775
11992
24326
9010
13111
7543
16380
25613
1704
7517
7388
22007
15505
26862
16777
25616
26402
3814
29150
12955
2596
29247
31229
15873
19943
340
6372
27417
24187
26694
31042
27814
19234
17055
11400
8738
31238
4149
23618
21434
1064
29010
9640
28569
3481
28177
21360
11369
28140
19723
27111
13591
15595
15667
14656
16855
6025
22271
27180
17001
12568
14537
14507
32154
1212
17012
20769
18957
15136
13394
940
17467
6247
13637
16821
9657
1638
1061
6597
8634
3856
22626
9626
27348
23345
13803
7803
17927
2400
14414
3016
20219
28974
6432
16341
20873
9892
30111
5880
23677
20973
6038
11489
29082
12111
17793
31786
30431
19296
24050
7215
19721
20342
16947
4384
12121
29279
21549
25173
16535
24914
2952
27361
26967
13606
26132
6249
27515
18370
14184
3127
20217
32213
7113
21130
3039
22727
4685
9264
5524
25839
575
26199
11104
22534
12230
23713
4654
29659
25538
16758
7057
329
19191
14494
7686
30566
20589
20495
17017
8958
30486
771
19210
25152
30386
29518
14096
18614
8176
19695
26718
16251
19414
2021
11718
30120
23138
31812
22236
13583
1138
31879
13564
28460
1249
27176
11663
5720
23795
30830
16777
5952
14323
4487
11830
1686
12826
4566
2871
22278
1715
19854
2504
11116
27005
5248
14660
6468
3921
10289
29930
28513
10756
22576
24289
21731
23439
14502
3194
21603
25709
10031
18358
10096
4421
4584
2568
22079
11209
13514
5211
32670
29406
16694
18519
23850
24061
9168
9952
22466
12249
23697
6112
16443
7234
7448
24391
85
1353
8513
25424
22510
5029
30201
10245
31350
11861
8785
9221
8355
5511
26321
21125
25190
9401
1806
9877
27933
30
20862
17316
27146
12611
22924
8007
10500
30450
6120
28726
25452
19543
25889
3735
11107
27489
629
10624
23354
20075
9448
30135
6442
29980
13971
14780
17222
28811
16959
23305
22445
31399
15666
20632
11524
7383
9033
7846
3876
10717
6471
16311
5135
3840
2413
7898
15657
16490
28235
1838
14501
17615
16341
11429
22333
9295
14009
12808
2598
16030
23024
20539
32067
19554
2707
707
8601
4060
497
23941
15363
30923
30174
28624
19494
16269
22350
22686
24488
15240
24354
28695
9629
30920
23873
10839
22082
20713
32235
6001
17134
2872
31050
9396
8773
18453
24906
813
27823
15260
427
22380
23817
31620
1621
5771
27034
25670
23531
13421
18760
22914
32418
1860
22795
26015
11092
1110
30115
31923
9936
14848
7558
26274
3957
11003
28445
5257
27903
28382
22319
25949
29344
15332
926
7631
10067
15856
28241
6003
26733
24270
5233
27426
31348
25532
11736
6813
7221
1065
30918
32114
20497
23996
28118
29988
20376
27032
28721
11398
23897
22239
19970
26216
26871
28276
9514
8053
14720
25606
52
1884
4603
14410
16267
5422
1088
4231
8938
15111
26125
10072
1813
31985
7253
15022
11207
28421
12507
6932
5611
24276
26112
16439
25102
11269
15577
1701
6933
5183
8581
31445
26923
30281
12734
21864
11518
20591
20909
3246
23339
32296
771
8044
11254
30967
12869
31964
29503
8335
28263
11766
13490
20026
16029
9198
18493
14203
2670
20478
8903
25586
18442
26725
5919
14977
25821
32432
9010
27053
7268
19256
7554
12103
12608
20972
22227
17227
15497
17488
1063
27144
1892
17606
1261
29057
8920
28429
22902
7700
12765
18951
23976
19033
6582
1727
7158
15949
3201
12458
19600
432
8717
13101
21718
11691
29419
22624
23315
438
27080
9490
17000
16313
16122
13837
8966
4977
21080
666
4768
2326
22351
10312
20769
22331
1842
9194
11674
32757
19922
7135
14206
3391
9295
8086
4113
27805
3629
80
28702
11776
27818
10024
13800
10730
7247
3153
3940
21202
4294
13216
5285
13770
25323
21066
26264
28255
1317
494
9713
4545
4599
9430
22117
21796
26834
24442
538
29541
3374
19269
12636
5617
31705
18076
2705
17635
27278
1565
11887
8812
9673
19236
9324
30072
218
25492
27510
18318
3128
22228
741
6648
1561
25623
32686
30245
14655
13793
473
23883
15893
28359
7733
23376
20986
29558
4170
16619
14557
5622
18575
18695
23818
1584
10973
11624
8515
11182
4388
28304
6419
19619
26205
21220
7007
9771
28095
24843
25406
22995
2614
22935
13067
21596
6673
29671
11704
4540
15098
25163
23140
25190
2604
24938
1584
5579
13536
22241
30799
11809
27912
17197
11357
355
5696
2763
1778
27545
16130
23197
14454
30297
14873
11152
16951
6542
27736
10620
20920
31096
8843
332
26189
17908
942
23134
29924
7934
29533
32557
32294
8820
30860
31021
19135
1820
31864
9206
16889
26857
30173
31653
3728
10874
21610
10879
1474
4068
16498
6616
1189
30385
740
2612
14269
20265
10621
30379
206
15056
15164
18322
28399
29743
4375
6231
31968
25559
9964
5293
2461
1700
30906
12521
16179
2367
16401
16812
23507
15590
9671
14019
4389
18800
15341
32075
28126
16523
21505
19737
1429
30281
1381
25945
19155
17115
30736
31860
20329
4508
18308
26424
24326
24913
4608
15155
10248
6574
2038
28767
26259
23069
4031
17925
17888
9660
20878
28379
27608
4260
16291
18543
25314
21105
28353
8649
22009
25087
21217
21836
21249
32369
13352
14814
1883
18808
28695
12105
10935
22226
23298
18912
3113
21776
21955
24933
30080
13213
27567
1834
22739
27132
3273
10103
31836
17489
14390
23084
6281
22819
10993
9895
7249
3168
26304
16104
3013
17313
9575
30195
11495
12208
3099
30070
30398
20296
13113
30380
30378
3867
22072
641
8182
11033
16349
31991
14764
13552
18093
32712
24237
25551
28072
18509
17408
4464
32052
15518
14699
2133
10328
19451
6208
1874
4650
11883
5242
7755
18315
18338
9224
18495
273
12584
28777
26245
16709
12216
1657
342
8975
6119
14475
29068
27758
26118
26295
22441
14700
3400
8566
1051
21330
16936
23148
13503
2072
17413
6020
19363
5663
27151
23618
25360
35
30567
15701
25288
23915
31362
21100
31372
31298
15311
31307
9697
23723
32665
9502
7444
337
7982
6413
22396
25789
15681
25872
767
11467
6541
30213
5335
1631
18363
512
22422
2900
19846
15842
6760
17589
27677
4397
26009
7472
6344
15382
22615
22471
26831
9180
5048
24265
29848
14681
22271
32513
30223
11735
12571
25389
9802
27172
27504
25522
7790
31721
4570
32397
16332
27959
15343
2957
26448
14947
31621
191
28700
23060
5237
23338
18800
2970
24990
32701
9165
24449
2860
10374
31066
11878
29210
12837
30086
29194
29941
23935
32751
13477
29155
22967
28291
2685
10725
10842
8932
18870
26969
15833
5905
29804
6595
18493
7492
2303
8396
13846
22294
11438
12427
19380
10217
25704
27908
17562
9863
20446
2798
1840
20999
6877
19386
16568
3569
6363
31440
32131
10658
16080
20508
4453
30449
28487
23497
25702
13330
19636
24396
30650
19643
1544
14245
14068
13958
20867
15585
26998
27799
2505
15076
22572
20094
8505
26469
31610
26206
24442
31034
17778
23119
7510
17622
23627
3330
29388
528
22798
12708
2912
7974
24211
22276
5302
17665
7340
11767
31583
28858
5024
3836
27123
18014
11227
796
15968
238
30179
21524
27009
9130
9870
26550
27891
20623
9075
27277
27428
26655
13214
3520
32172
22112
10376
23608
17889
12583
4934
27397
27557
2966
23040
26878
32387
8932
16805
20904
27899
18524
16349
18266
1561
11433
10559
22686
14669
28752
4037
13529
2166
7550
25980
5167
24640
28420
14208
22177
19120
2208
5416
7800
12285
1150
30590
27111
6562
31230
15602
28652
11185
25016
3407
17527
18538
31422
14829
1998
4620
5408
28201
9520
16107
26038
17426
25784
29635
18201
4453
21637
6220
3059
188
19736
23054
18041
19202
5373
20855
10549
9514
26542
32043
25865
13856
25524
1947
10353
10496
9231
2777
9224
12167
2264
18091
14414
2247
29477
31966
12456
24606
30765
26588
12200
6248
20397
32641
12431
22388
394
43
16912
26037
5815
26640
24151
13882
20825
24277
1098
10976
12329
15196
30223
26823
16666
7133
16590
20738
1853
17464
29112
29075
30689
13961
7240
662
21246
14845
5576
17340
23252
17381
2584
19963
11983
30473
19883
11652
19886
11583
4306
22518
740
16188
22589
21201
17214
32425
24254
7725
15559
5754
17489
14252
7657
17787
11866
18861
22484
10027
15661
23234
24612
32462
31443
4453
13757
14526
9996
24550
11514
5634
1168
11432
18184
13857
2970
19085
6284
29496
9639
21935
908
17483
22139
18513
18572
6617
30310
23573
13047
26803
25029
2927
25793
22286
16843
18265
1355
16342
21122
13640
22407
69
18956
2399
31580
17333
17711
20707
24140
16818
23825
16624
8020
8788
19007
23914
27155
31947
14580
3125
3375
9276
12953
26793
20469
14028
16520
27456
19263
8954
11285
14738
18843
5937
32719
12932
29353
3997
11779
2748
17861
30271
130
3416
10214
2364
13732
21727
2246
31611
28301
4215
25412
878
21167
10585
7430
19504
3216
23683
2402
31953
974
7340
4991
18926
30816
20605
21431
17796
25374
16638
5184
24837
16260
19535
2316
21932
8883
12440
16109
26382
17336
834
1533
13299
22801
10344
23357
2403
28525
24200
5500
27652
7604
12927
22907
19363
14919
28596
6478
5392
30089
24723
8965
5679
32158
29501
652
26700
3955
5757
15056
21679
6398
25343
6691
26480
20679
25788
11746
9357
26279
6329
6485
4922
12751
29425
21462
4984
13
143
4662
12777
27211
31329
24412
28131
21081
23434
10287
9667
28140
20599
16055
7556
742
4628
6270
21392
14551
319
19517
6101
9156
5757
4788
6428
27688
31211
20186
23702
14393
22392
24886
21432
14956
17234
19085
1097
2363
17054
25021
30394
9254
19564
8425
24245
18936
22250
19926
12792
1099
17623
405
8548
3150
18235
21347
10321
27846
1878
10957
9765
1363
11478
32024
13861
21237
5197
31199
14731
8654
18913
27390
18392
3114
7238
19375
31083
27324
23529
23283
16467
6698
6766
11572
17250
14797
32349
296
28546
18354
32536
23544
13132
15844
7441
12450
6359
5357
27193
5788
12750
20378
30396
21434
2502
29695
30187
15697
4814
5563
12153
13469
16455
21885
4331
16992
17398
31175
29514
5580
8535
1266
26907
27299
2868
27763
10385
6813
16247
21852
26112
24074
21821
31270
12949
32696
12587
7597
13125
2071
5125
12156
17411
9115
30588
1355
23350
18530
11592
19910
16746
24343
29815
8336
28997
29462
30981
20360
13245
11728
29100
23883
19593
8561
20477
15610
19157
9921
14000
16189
21050
21064
10809
20615
28653
17590
12188
27804
20535
23170
19841
27473
26661
32464
9099
2707
26496
9624
3046
22955
1791
12549
31519
27072
1724
17947
4665
26526
28901
21661
5885
694
29876
22062
18065
17765
28065
2230
13900
17017
27350
10247
14025
15345
19171
27329
27962
9988
16307
18034
5887
12645
20158
16130
11128
11206
8577
17743
20503
32155
14891
26900
21177
1568
24730
25103
7734
3741
23429
13411
23862
12776
18939
29755
16199
23852
12556
27824
5165
19946
4550
11757
12665
12605
7011
18064
22110
18530
19904
11348
447
13943
8209
6125
28300
23427
32724
22580
10831
24759
15363
24708
31234
23028
12430
5732
292
8333
17928
8806
24332
19277
6560
18511
13948
26556
24916
2679
21369
22686
24673
7283
25434
32189
32766
26866
29472
2280
24649
12005
10245
9276
30082
31203
26200
19874
1399
31179
23175
2969
6463
32171
6270
24374
14123
5600
17711
5992
30970
8575
32370
27009
21068
19188
29968
29426
7002
14313
27930
2134
13283
28778
6272
30131
21098
16710
32734
5116
21406
7608
28057
22490
7706
17478
3883
15787
28238
10986
16571
14028
7869
30320
14065
31763
16490
287
31496
27040
6028
13467
27941
18390
20617
15114
16615
9636
290
19318
10303
10249
18923
5490
8322
29399
11263
4097
5564
3767
26353
12211
20552
28781
29446
18449
24733
1373
27553
7227
32107
26958
32254
25296
2023
10607
12323
16654
10850
14487
5140
315
17697
30929
15175
2115
7529
32280
32343
20130
729
28255
27900
24708
24317
8917
31291
10539
25375
28262
14554
3474
18528
11653
15383
6736
22024
809
28826
18622
8731
26389
423
8028
16429
26973
7832
12657
21110
20262
13451
16882
12585
27821
28760
3493
7170
24715
7366
134
10782
5175
12542
23146
27664
9676
9023
1762
29745
7948
21460
11362
14647
7589
9283
13987
1802
20660
3784
24645
29139
28552
20993
32697
32597
3496
1259
7006
31360
28695
9997
2282
9539
18390
243
7180
15523
30123
26846
10320
778
15137
16314
23106
17633
31952
14928
11222
2912
31198
19133
30727
29093
7366
15907
29119
20484
18776
25246
503
12703
19458
18810
20767
18486
20045
31139
32704
21056
29866
9820
21088
10042
2415
15924
21670
24127
22813
26166
14270
17113
9188
13665
28671
3095
18537
17496
21963
2527
3014
25946
19895
15494
8914
6259
15340
2718
24740
4084
18126
2319
11858
22818
11483
2410
12286
32043
12757
25209
15124
11870
26403
10011
461
21914
21365
16206
6136
5127
15783
6030
13561
3333
7912
23134
22290
3170
27
26660
11233
23760
18045
313
25130
25238
13192
22081
18647
20101
7192
29368
24381
32046
6861
13774
15009
22098
16816
19829
25851
16538
3865
26552
6393
32136
10704
3662
32583
430
10354
24687
20750
7454
26646
7910
955
2081
13873
15976
25089
10284
20919
29732
13857
8463
1923
28827
26985
1648
28153
15538
15610
16760
1002
27909
32719
32460
14007
8063
26107
14527
5050
30504
25906
12742
10465
2621
14987
29484
22684
30342
32132
9222
9466
4068
25671
19562
13839
23850
7468
22748
8088
22317
24958
29193
10722
7711
9602
31928
8679
6424
2485
22013
29882
13302
29014
8111
6694
12135
25124
12573
4754
14148
4457
32765
31784
13089
16951
5541
823
1314
22770
25726
12757
11024
18446
4533
25288
30123
14874
1843
23463
19010
7422
25040
21052
8834
29313
4035
24877
16012
2574
13149
12251
15690
1975
7672
20875
3842
23674
30506
8132
30251
5059
25662
5111
2688
6707
17380
25702
29268
24992
21031
26686
17957
1629
18592
1798
21107
22971
20201
14141
11218
30159
20309
20543
18751
15990
990
13161
6320
29591
20319
4221
16879
14504
14084
18760
2983
13684
4094
14466
5823
13339
13691
24565
25576
24666
23253
16866
22386
3084
19977
27040
12132
7409
15980
26502
8139
1967
23449
17419
2386
31766
24750
11820
32275
9896
24504
26894
2221
11097
24939
15589
27031
15763
11543
28436
16052
31101
19671
1430
18727
25213
8716
22940
17768
11004
7689
15735
2455
10601
29456
14777
24081
7808
20862
9623
17474
12492
1346
7826
8122
16746
1939
9047
30082
32273
22755
21987
13744
21583
14094
10474
17209
10773
984
31866
11783
32630
28566
28124
21323
23980
15403
24251
22549
14172
11318
30599
12834
7707
29322
10524
13044
28976
13791
29087
18728
27035
31943
26793
27653
10071
5603
22184
25937
9181
20566
23426
28008
11753
6266
26747
19855
21120
19666
4440
31877
22322
24384
30916
26971
10653
5752
23540
26758
26674
949
391
30515
26684
171
4016
18650
23837
18876
3478
21270
1243
2158
5115
19380
32220
25117
28956
19721
10734
24301
17369
5257
17035
15619
21014
3990
602
1013
7777
10902
2040
27774
213
5704
22009
28791
18238
30552
5162
5890
8318
13361
30233
20745
22319
21778
27352
31207
8073
10852
31229
20580
31878
11595
29165
31719
69
20091
19291
29159
27564
10061
26123
20387
29010
16657
732
31763
8092
26278
7941
9758
13862
13385
5279
29453
27236
22955
9316
28992
24457
16966
19638
8991
21927
6128
4579
13908
21528
21425
7079
15160
21278
20690
19442
28810
10438
5686
13036
30567
15634
18926
1078
886
18774
775
29043
23396
9955
28070
3592
15760
28899
30040
8223
32007
32132
27043
754
27314
29273
20705
32326
24270
30717
23886
14133
30365
20729
14431
7729
23131
22503
6229
32326
8052
10456
21523
4511
6900
31220
26924
16204
14399
26464
10305
26179
10242
13925
31626
22948
31593
21454
31666
29249
32659
4497
18152
22877
27971
26546
20019
28852
16600
15461
3333
31676
20095
30579
24340
28203
26279
25822
26725
953
7861
10952
17321
1319
4601
22161
27341
24192
12001
17728
3533
27295
25709
27428
19401
6129
17379
16059
602
19068
27332
19154
10022
7968
18686
11246
24498
29725
5987
31979
19320
23254
4698
30435
13370
22229
19669
18513
6293
3598
12163
26486
17625
20072
30790
25596
28184
3193
19943
31706
893
16273
15369
30583
10719
16123
11099
4370
5526
1151
10770
27489
13966
30763
6295
23416
27290
10580
3708
2541
10762
6359
2997
12090
25215
30884
18949
28514
29694
1150
17078
6360
1092
22524
15501
19100
7257
26068
30205
17831
17512
29784
16283
28041
4558
17217
6866
15441
23409
16044
12504
11693
2131
25442
13792
25938
11367
14428
3218
5278
26531
391
15800
25468
15190
4036
6202
24713
18876
21043
3404
15477
13263
3249
7398
21675
2401
22431
26228
20788
32616
19686
12752
23000
24729
1591
1133
9863
27704
20632
5845
28408
5934
14620
15957
32144
25436
22257
7926
27013
16687
30368
14768
15427
12148
2705
10971
1551
3438
1230
11494
9706
21286
32264
13131
18616
9219
19935
12738
25505
28570
30814
25526
11704
5319
5317
10229
23770
15101
4492
17579
10713
21978
31140
10129
24538
1791
7936
30306
31484
21022
20052
911
6715
22356
28701
31539
18579
1978
15073
23625
24936
2103
23224
4637
5157
13976
12811
16896
19236
1250
6044
8512
31182
7910
13766
26455
5635
3607
28423
12387
16572
20377
27579
25558
25070
4250
13610
29551
15282
1253
453
1641
14500
2996
5805
25842
31112
5830
25205
14302
26164
1970
13609
28829
17834
30587
14735
28010
8580
7268
5036
11718
30869
16902
18570
11045
1229
1951
21305
10727
6237
22701
2836
5769
22044
21436
16197
17181
18729
4988
11148
6391
8146
3606
10812
4778
3509
32448
18310
4659
6437
3472
6649
26483
22480
10637
1098
6883
24222
18700
17489
20611
26844
1082
29525
22291
31385
15861
23433
14214
592
20192
18134
22708
15816
26294
10971
2895
26169
6110
22067
4632
26544
16704
758
31314
10164
19032
29314
22647
7978
25992
30331
15659
19318
19635
2832
30318
15075
11271
26240
28949
14405
12058
8669
20091
23005
25657
24337
628
30588
27133
4126
3458
19435
6942
17322
10060
17803
11404
6842
27979
19001
29116
19390
27079
29300
15168
22222
1794
32706
923
20275
17075
4687
24147
24105
13749
25048
23880
25315
17409
32199
24643
21456
2266
22688
722
17693
21319
8859
7252
14459
18118
14227
1616
6690
29759
9246
7435
3861
32567
1534
11865
30888
9030
19384
19123
20800
11723
6018
11402
18011
16350
18786
10715
13264
27782
29845
25604
25687
1836
17454
10710
15179
13904
4863
16363
11183
7803
15036
825
8304
14709
24158
6632
14825
11703
13254
9825
1196
14883
4259
12456
3456
2547
16021
14827
30374
1264
23187
11867
29281
28644
17290
10554
18101
29009
23622
16181
15982
20067
9366
17141
11108
29732
28075
14321
24062
8431
11714
26502
13813
16935
14083
19529
12378
23080
21928
18332
5851
638
6497
21887
13378
24150
19959
12969
12862
4401
26416
10456
1126
3552
25588
30053
1147
20908
27821
32283
9197
24533
12532
18505
22177
4414
18537
26134
6898
3174
6882
19989
17142
31130
5065
20761
25346
18281
9407
8779
2416
4953
23429
9593
9119
2776
3869
30641
13372
22645
26668
26127
16064
29008
18595
18131
3130
22223
22174
26806
11599
8339
11917
3199
23935
25259
145
7377
11178
17415
7465
6215
3026
22831
13581
25027
13858
5941
20570
27394
30511
29415
16624
28020
21887
74
5144
9547
12360
9796
18283
17106
15225
15001
17647
1537
31998
6681
27266
14414
12096
4375
8316
30917
11500
10268
17296
3675
18934
10461
26099
13440
15837
28523
11200
5619
816
23466
18076
27098
20561
30468
21654
26386
3449
8798
9808
452
27644
24651
12388
10041
719
3968
11265
27631
5191
10633
10965
24556
24867
22970
8752
32082
11469
103
12646
25908
22237
30296
10101
24232
11743
9335
3047
19485
24406
17356
12026
2799
10497
22955
1279
28985
12124
17452
20736
24043
7530
27356
25253
3868
29106
26546
27480
12961
7303
15429
11944
25822
21389
26427
4587
4572
15993
28165
20264
27804
24856
11978
20276
28843
26259
3744
28442
8695
12785
22530
13504
32481
22493
23935
14024
22675
26026
13487
15285
1428
6548
7531
21583
8857
28745
26941
30024
21919
11176
30486
21535
18230
14024
5951
2885
17952
2876
27538
18815
18714
31637
6122
4235
17146
1833
22232
18182
31994
6931
18072
8589
27476
25723
579
10019
12303
6168
23365
21714
16408
21234
18194
9365
24212
30829
21781
31606
25205
12675
16617
17140
31307
29009
29900
12711
25181
8917
4177
1831
16633
25590
18261
16169
7432
29124
11571
32747
8933
10754
16444
18387
11120
17890
18785
7763
14686
12815
25651
19471
24787
10224
17166
24130
19762
27692
912
31069
22836
22121
10064
16114
27959
1626
1229
19153
6105
27128
17573
2929
5318
30991
16136
31121
13774
18941
19819
29470
25147
25526
25729
15704
8289
28940
2663
29233
23926
14638
32031
23797
26532
366
7487
2608
20061
15431
28906
3789
7407
10654
21248
19067
9048
19528
8850
10581
16731
22733
1689
10433
26579
363
6631
9112
17480
17246
4957
10632
19136
6495
15967
26039
4567
14187
22405
22697
13586
13253
8595
26980
12657
16702
18092
4562
28739
24244
22978
10854
29758
8153
3153
6402
23759
29493
27725
26393
13231
2415
15961
785
14519
16840
18489
12523
8181
16360
8074
28197
30207
3805
20656
19679
7815
30049
29201
2622
8496
24411
30593
25614
14496
169
23036
29099
22487
5405
26523
1057
6591
25029
20417
20882
20228
23408
16277
28632
7717
5741
8886
25196
27084
25494
23594
16262
29019
16014
2967
12422
24519
28998
12981
20883
15529
4294
20227
13442
29586
14122
15289
2809
26015
7914
28670
15316
14670
863
27996
26567
23696
27267
29297
8517
27936
15353
17895
23457
31506
18765
11686
21876
22959
11132
26183
574
29312
6583
11980
14160
20137
7524
15503
8169
19065
18278
11129
15519
10046
19102
15988
29184
28510
8113
1059
27258
24739
5644
13264
20344
20695
30246
22182
7630
16529
6405
4384
6487
4174
6404
8385
9180
3011
32723
25094
31544
16242
5567
29337
8890
19580
13876
17351
31691
11958
19840
12596
20945
10494
25561
28621
23891
19408
22946
26879
605
18964
14570
22054
20006
4154
16438
12361
30704
20873
2688
18436
26928
32692
30847
6597
4335
24751
16169
12860
1648
14016
16247
14092
16147
11993
2920
26567
23417
2341
15432
11033
20457
12257
32306
31811
27634
12397
29908
19659
1362
19107
23922
11890
18967
2663
4653
22887
32260
8063
21126
25274
10038
26534
29982
14099
28168
24283
26303
11684
13363
27135
6816
18268
10042
12191
20453
28254
20997
29455
20582
18865
29131
9656
3249
31033
4662
8882
14674
19942
13506
18582
20818
21035
1895
25997
8701
14002
28279
10669
17384
30542
26057
4998
9523
19505
32023
2807
2316
15199
29605
7751
8308
24162
14115
5488
8262
12351
18901
20414
30837
30634
21489
8089
4245
8566
25673
6303
11677
8015
9257
1015
25835
7851
643
28385
16520
11262
6729
1937
30894
5677
22555
15421
26247
9798
8994
20597
5176
32622
3388
23731
3614
15131
20057
27699
22871
5507
3877
11524
13189
15956
18151
26208
32718
8613
12456
10553
1320
15660
7065
28436
25043
21938
6831
6938
22566
8389
22416
4460
22671
13997
3250
22712
27862
24737
27329
31242
26785
5946
27970
4836
829
17703
25207
19856
16027
8739
10882
13237
16281
14884
29132
3881
31619
29909
27304
19718
24282
12615
18996
5888
20820
18915
3200
5877
15139
5284
17395
6342
28538
13187
30698
32358
8270
18738
22177
14896
16218
26124
15959
17278
28773
16717
25005
14711
28871
4734
2896
10280
6186
7988
17623
9175
22158
20730
25839
11923
21392
26508
18613
7184
4843
6982
15459
26546
16959
17371
22319
12520
5137
22346
20080
20923
19475
21774
1027
17319
24742
29077
21485
18089
21918
5620
25921
32409
13381
2009
581
31418
17570
19905
15312
23440
27643
9067
23542
2801
21656
4748
27623
14943
17098
964
20757
7061
15148
23505
17813
1888
24105
30979
12232
1712
7358
9455
7482
29167
10881
20072
25802
6801
20707
8107
13324
13037
1970
17626
3051
26699
30434
30380
28819
25406
17804
7522
20622
8756
23095
8189
26412
25163
28759
13230
7721
2662
10003
16270
12938
19585
27979
10383
8392
28993
28378
6578
7216
463
26392
7291
5514
17383
31907
5539
5369
15404
2656
31244
27426
10943
31164
20474
32144
13839
4664
20607
12887
14323
25124
15671
16120
24822
9386
15926
24197
9713
18703
23615
13062
11232
32566
27446
22042
9710
28006
30936
23778
22994
29516
5034
21274
15966
7748
32303
29065
26709
13012
8798
5020
14718
28537
22867
12366
1526
27815
23365
23114
9162
15883
27576
2900
6341
14611
5620
16101
23175
1200
3509
8213
21719
22107
2084
20158
10811
86
8454
32735
25285
13620
8244
32062
32047
9371
13131
18514
5675
21833
28580
25695
6644
24661
12423
3043
13353
29111
9627
21809
29147
12811
9633
2652
18917
32146
6498
14422
32635
3194
4838
14681
4870
28767
25831
16006
13615
2833
20101
7373
28730
25240
3900
24844
31638
30325
30482
28539
28082
31275
18197
12871
16402
6398
30212
7037
22945
9979
11597
32298
4937
25400
4663
705
27329
12125
12129
15036
22438
24675
4715
6022
30414
3228
29171
18585
32729
31476
28611
17635
14600
6006
19272
879
23891
4370
6215
10049
10421
1181
19915
8834
32459
22809
16738
5341
24477
12599
25224
26920
7868
5658
19044
30279
4237
16222
29618
10061
8676
7257
12033
28389
3540
672
10014
2545
9670
9677
2512
21872
24521
15488
10437
15269
7977
30372
9933
31862
27459
10484
1350
21778
2199
20925
9687
19158
10271
23269
5218
7538
8416
15660
11571
9287
26558
26802
29566
6932
14740
5818
11272
8658
11140
26797
4132
29660
5516
30818
11489
6739
2906
15772
17026
7617
22370
27860
14382
31484
11309
13113
30697
24398
32756
29686
18115
28626
18029
27315
27983
8225
31973
22366
17495
23598
15503
5931
31182
2415
18204
20185
8710
9022
16779
2616
26916
30334
4419
29928
30928
16513
3935
4195
26161
13609
1609
2877
15384
12366
11658
7595
30075
5728
6112
3907
31782
10318
18321
18946
32685
20134
23808
7827
14501
8189
4990
7630
27667
9873
98
11136
17189
10541
18524
11882
19232
31565
16134
396
12698
6275
9404
2723
4329
3865
30382
6640
24795
32248
1331
30523
24488
10696
17505
16408
1828
27993
2778
31593
25145
2370
13032
1572
22165
5832
20941
15702
13984
8705
31060
2408
12209
12089
14252
11937
26753
12180
18806
1773
25568
10485
12829
2269
31654
5407
11878
16366
2029
15386
13640
6670
1661
3545
31485
11868
22152
16153
10841
24880
23704
11660
18523
2395
8901
20279
30210
31408
18731
12568
1121
6595
23195
18701
3830
23792
22929
7921
4152
24223
6502
4360
9327
25799
14279
14237
28360
433
19046
11241
21673
12799
5359
13879
834
7148
23358
10054
29541
21461
9167
24815
24471
18937
32374
20999
24679
17789
9040
27015
8958
4275
32249
17642
28152
15003
30975
7639
26738
4522
7575
15104
22372
15307
23439
26698
17714
4004
3460
14894
18301
4890
3413
8287
22335
17175
27863
2989
28439
2186
9931
11049
25569
32432
23565
1162
11146
28307
28942
27599
1570
9168
8067
7718
15667
32412
20575
1037
27986
26377
20991
24247
3571
1414
16037
25777
11138
25765
10024
4549
1967
24610
21994
11807
5129
1312
15881
20654
31438
18357
27354
24781
10753
12713
915
23331
5310
28283
14151
24007
7883
22693
9496
16296
26223
27681
5288
14125
24711
16940
4816
21528
31446
31306
18069
20656
14493
13450
4695
32287
32107
267
21836
20505
31287
26815
24877
19390
28844
29551
30767
24002
16580
20224
26421
23499
29848
31732
4164
13594
15991
9012
31031
5742
7477
30988
12980
1317
6853
20855
11102
13733
22794
18845
17228
8442
24811
10906
13243
7616
26534
27009
7935
68
32358
26784
23744
1510
24599
24070
22114
4034
20857
835
1989
28815
18291
29295
30767
20934
18347
21614
16262
29703
14163
17521
27587
20154
3142
3264
23203
21234
5203
8376
23455
21910
18136
30735
11807
25794
21651
12128
12267
3179
27062
4579
20450
20034
22073
28795
6382
20699
4212
27127
26935
2575
17901
2193
10647
26783
28271
22715
6479
16665
5468
23836
504
512
19779
981
26556
29479
437
264
2501
1118
6997
12955
18166
28496
10799
28985
15065
12460
2635
29338
9945
7299
13953
8453
31666
4594
15758
3091
5925
4608
3432
22197
2544
15817
2255
18040
31229
32733
6949
22536
29914
25827
15999
31987
18025
26498
10236
26288
10201
13185
3670
736
23252
9260
16054
3283
1274
506
29645
22606
24463
17262
8992
14732
3952
21819
13475
11906
14668
11691
22666
11624
9744
12097
28508
15476
2979
7838
14409
14057
19924
12193
14781
25424
19345
28114
6197
16133
3161
1025
20306
8950
25075
10026
299
9640
21089
10396
20456
24187
24080
29530
30093
28206
30289
30914
3603
28837
14349
20588
18365
15338
16051
3925
28073
4211
9078
6717
166
7843
31926
30541
21061
1426
29115
25341
22067
12049
13993
11317
7621
11497
1200
7090
12757
31588
25220
27308
16077
19727
20749
3254
18177
17341
12383
20709
20290
15055
28908
7732
14767
1715
25848
20263
17103
19883
17998
28847
21725
24016
17458
26702
9571
9302
11670
17787
20747
10769
2961
16968
27057
14648
16396
14146
10940
4202
31935
1689
18351
18158
9820
17025
2299
17983
30729
4823
11032
31944
31508
7688
13267
11756
9954
31023
12778
841
15657
25469
6870
17214
13919
20702
15080
20650
21107
2009
27543
22519
8634
22200
1049
19800
6700
9194
14384
8270
3280
23973
22855
18545
3957
3280
11709
3949
11939
3871
21121
15435
31697
15488
23263
1010
19416
31670
8857
25325
14760
2627
1594
17518
16698
31628
30119
6803
1734
13112
5367
19433
7733
24281
24452
6703
26329
13006
322
26204
20316
28264
23120
30179
5622
27467
24781
7477
22755
15383
21741
29575
2837
7752
31564
29654
8486
17243
20866
12073
2704
13619
28919
29719
19232
22970
5113
3976
18600
22987
28939
2752
8437
28496
24704
2713
7168
24231
73
13327
3688
8011
18956
14850
16416
30640
20342
30776
11109
4206
4305
16290
10228
17058
8665
14304
22137
9617
4299
31238
24650
8079
17344
18593
24405
32288
16441
2293
600
22876
4347
24969
16720
18072
15901
8678
13875
7746
2911
22427
28129
22797
28861
13444
17752
18510
324
10828
10024
11686
13349
24369
15656
30178
17416
24583
27238
6943
6306
13184
8548
29234
28298
12970
27265
26439
12616
19129
11957
28103
15279
3079
6785
10112
29294
10841
11558
1792
27873
21092
18454
28993
8237
30864
21160
8844
16523
1275
17935
23191
19684
193
13709
5105
30879
10363
9956
19103
26551
2053
20238
5640
28944
901
1837
6670
23307
29096
3525
4990
18008
11055
26665
938
15115
13227
30771
16212
3058
24452
6712
25806
1062
6976
24379
32096
4833
14338
14177
19946
27023
24913
8357
6858
16424
8219
11725
25344
13244
3834
31133
22160
29520
9141
23114
3112
12008
12810
26930
14851
31973
2987
13001
30221
10641
24966
8919
16712
9465
19017
225
25198
763
4646
4324
21464
16799
14292
11338
18590
18859
15062
26390
3328
23921
7935
5474
17925
27116
18742
17675
21601
28171
6519
32683
24220
27725
26138
26823
18033
6798
15448
3146
3445
17441
2571
28978
27897
4638
5301
17546
9520
11773
25028
12440
18325
29284
29716
13399
135
7742
694
3880
9270
15885
3312
5316
707
16257
28548
32117
18339
25417
24373
1670
26693
297
27784
30455
26100
21069
29896
23670
26366
13789
9292
5259
27414
9169
28157
30227
7927
16903
7186
12015
4938
20370
24094
10749
23242
23126
30797
4423
21414
29394
30698
16507
8230
21052
4389
15260
4754
9939
2580
32246
4176
31345
22263
13655
12364
26463
19392
15740
6301
3950
1747
28618
24421
2371
30986
6975
29432
14323
12028
14503
19777
16592
16255
12051
30306
4994
875
15495
6811
14425
31393
22259
14189
22753
588
6500
9215
14007
16487
4476
30912
1180
26752
288
6734
21960
15803
26736
27543
6016
30233
27644
27454
18667
25338
27444
16448
25890
737
23329
31191
13190
24696
14675
1694
29270
25300
11035
9974
3969
29433
7418
24233
25528
6817
30296
10702
9160
57
13689
30957
31783
25645
1966
14435
2764
869
12744
26375
11076
784
23762
13
18691
18848
6912
15403
11256
26901
14562
28155
29540
32383
11997
32161
13035
10942
18140
18349
26092
2189
19011
25411
11534
17343
19493
4985
2587
13767
25526
26624
3602
11134
27395
20743
11639
14369
5600
10844
12014
14745
29986
468
26632
29184
14863
7406
15453
23136
19987
435
4827
4798
4789
1760
13661
4951
24008
12103
20095
809
1510
21619
31153
22453
4890
25739
6539
8708
26589
14200
26721
11496
30276
16202
30486
20612
21879
6104
3637
7950
19301
14759
9533
20180
7862
21518
25661
1405
17665
4759
25505
26770
16704
20903
7756
5949
18049
1634
18919
29008
29406
24009
2424
20360
13998
22309
11830
4372
15357
23977
31388
8785
25146
9555
7100
24792
8752
20243
19670
186
28216
6191
22825
22282
25260
6374
28681
11676
23198
22100
32562
1037
15562
11157
1884
25091
5322
20013
7951
7862
19593
29095
6073
16816
6650
20093
30974
24785
29962
4152
17999
8085
10707
28376
17086
13210
23314
30582
10000
4700
2267
18472
32276
11331
28555
17189
6964
22753
21247
32042
24394
22644
2563
27420
16309
3763
24077
4846
17323
23239
4908
17349
27600
12439
11323
6490
14344
22344
16218
20128
16266
28932
28319
9128
3895
12283
22792
23233
16937
23720
6068
4323
2190
4438
6995
30030
4279
20194
32220
9326
1644
20162
7294
10754
7299
13894
3544
28285
21681
3870
18540
5036
31135
10525
3409
1178
32576
18749
27433
15537
15715
18914
27987
2593
14468
4195
19298
20358
27880
31686
11469
2245
20457
12491
21735
5942
31630
26413
19218
6409
14430
7204
21296
20450
22902
20014
19035
23239
7898
9743
15318
18236
4617
12566
16963
15788
4308
4259
2326
19723
31343
17126
585
6586
13001
26857
9298
29611
28697
11729
17490
6085
1721
13153
24719
8330
10040
10175
28452
27127
17067
26747
1271
27819
2371
22221
26860
21580
14117
16670
26456
21799
9077
1482
31161
1302
17844
21285
5796
15271
9549
10428
15870
15738
26474
32221
5487
14059
28428
12633
10516
18929
17243
9864
9332
13126
12347
13198
6070
19145
21791
17629
7441
25376
5666
23035
29315
19617
9044
16262
23494
32627
2641
10869
24704
12528
1561
6304
15034
22606
283
6787
2451
26239
32147
27198
7221
13653
22550
29665
26889
29162
6251
13031
1319
1599
17565
2304
12305
17955
27214
29204
18336
25431
21070
14724
14398
27887
4717
5299
15702
24059
29069
18117
1545
32615
20987
12710
4643
8480
5631
30798
23373
28280
12977
5700
7812
25036
25871
4193
22985
7012
15693
8919
21018
8090
29804
4210
13730
16447
16398
30493
11821
13626
6281
19879
30686
10354
9530
28359
20516
14575
17180
21854
20714
14652
22936
28157
3086
11535
29087
8615
31509
18987
17143
32216
5917
134
11218
7621
11538
19879
18085
14566
16933
24403
4663
31410
7290
18792
24569
1962
17441
21257
31893
21400
4168
7931
18121
11545
5295
13135
10358
8793
860
9282
9716
8990
22159
26209
30633
1032
22264
3057
25050
18199
21032
29069
16064
19821
5446
7697
28383
22101
3
22967
9107
28549
17359
16512
14316
15008
9038
21462
3003
11263
17925
20335
5357
9905
29786
17780
6936
6592
20411
17891
20820
694
23325
5426
16972
31072
26536
13877
17045
10450
14768
19265
23870
22955
31208
4754
28328
29083
18130
490
24983
3106
31354
17787
17034
4250
30820
9735
7496
26999
6083
6726
22716
16590
32235
1928
1282
26132
32009
30107
20418
16681
19218
14831
4797
30356
9465
24056
12453
8465
12837
17620
13362
17481
15394
21550
25970
23776
3735
9314
18785
12724
4984
31713
16313
19044
32636
6616
13067
12048
8914
5132
3855
21856
12816
19464
28985
24264
7020
16251
18316
3082
15406
14300
20915
2556
2661
7503
14414
31627
1753
28876
11914
25856
2882
12670
20980
23682
18615
12649
15503
9180
2665
7504
32035
3969
4241
15318
27097
24269
6055
10211
261
27022
24533
2633
19523
18115
18603
5800
31173
20644
21780
20367
8171
10722
11145
21987
24340
10287
26244
18309
21941
18433
18744
28975
6824
3475
11391
22431
12742
30509
14356
23544
11959
25766
15362
32613
31241
6183
15964
2559
27776
13361
4399
6385
13485
23266
1205
22489
15042
21108
2507
26994
30373
21254
22693
17265
27715
24991
28609
428
16935
23664
32537
29825
9803
7257
5021
28278
29998
20399
5856
5405
22310
29245
30482
14651
18424
1672
2862
31272
15526
29784
1908
14457
23432
12403
5658
7133
31390
4524
26687
12357
22565
30492
21280
24136
16744
9136
19854
17093
7129
29412
24992
10698
1120
19149
26277
12468
30963
28509
5980
21400
16487
6883
22632
27106
1158
32721
17150
22076
21089
6082
18401
28082
29928
25531
32400
23059
23991
433
29885
31642
4147
15180
4610
3533
17110
29163
25552
5030
10951
3048
26024
20209
9646
18205
6541
18165
13766
5287
1209
8790
1076
25065
25743
22586
23959
29396
12241
31915
23776
12646
14355
11325
14436
5745
32623
23280
25903
3998
5755
2647
1179
1713
5752
11002
20514
28175
3020
11514
30577
30333
25779
1011
9405
21034
14385
8742
7002
10480
31051
11992
9354
8663
27254
31733
16019
9691
25936
32505
16916
16367
19086
20752
29080
15937
11829
31356
10092
30912
5134
3384
5550
24796
20563
21211
19623
16012
24751
4542
31579
16022
20838
11617
7773
13835
719
9739
4328
16144
25355
15281
13356
4836
28657
14361
8422
17695
5448
9280
5939
17464
15161
27896
8358
17226
6403
15061
6296
28952
8177
330
3775
8270
4746
2320
14339
17674
7175
31175
24972
27546
31754
9952
6688
3208
6796
9146
1452
25043
6167
25355
3872
8576
11830
25986
27776
16721
29739
15275
10552
10197
23519
24338
10929
28321
31519
9899
25377
6620
29956
23153
9895
26881
6067
10830
22167
9440
583
3131
22291
3814
26380
17832
731
21919
15854
9246
4453
12921
31537
10531
9009
5323
7778
11614
26711
32277
11661
16123
5474
29578
28848
16209
6752
10443
368
962
20538
18422
779
32227
4162
31455
5774
11997
27147
6557
24392
27156
27517
8777
11134
11014
12072
24066
5472
629
9433
22324
12348
24264
18539
1306
5618
13231
15072
20610
26792
17670
29105
21969
7358
6396
28769
2118
7940
21876
16472
6787
11051
3243
6895
20553
26234
15643
31176
7555
4802
2208
352
13958
28052
26330
31207
30103
4017
22226
19023
14765
24770
21472
10659
8825
29514
4556
31386
19876
23768
17459
1388
31064
24193
29996
996
12289
29069
12076
13238
24917
3185
32295
25364
3218
13310
3064
11132
24582
11479
23555
20180
29141
24872
27161
27320
30199
20117
12444
30227
5504
4209
23011
15596
19236
23089
8415
20099
26874
30240
9471
4509
11136
7252
13650
29468
32224
13792
22252
25298
21361
24651
2698
4759
14977
17729
5497
11161
3154
6793
20915
28148
24162
24119
18764
28291
6383
8995
8460
26357
22203
409
5726
19491
29197
82
5224
7840
25336
2467
9340
10642
21215
16629
15791
9153
2361
19573
14279
26350
5522
26381
25947
12646
23250
20114
6453
9687
24514
25151
6907
32097
2252
1378
20239
8176
7939
6741
5555
5834
18531
10672
9585
3428
21849
2493
25786
21626
1926
6700
1741
7006
13760
26632
28634
21393
29017
19946
9319
29328
4260
25709
18420
1520
17078
22241
28378
19885
4202
28740
18297
20672
28328
29806
24210
8175
17894
6539
754
15081
4846
13774
3153
19346
1250
30052
2425
11164
15486
11431
6571
26711
4254
6805
30014
14538
31744
12160
27017
6658
6218
11270
19459
1450
19023
11332
10409
30428
910
29511
12192
12599
15611
2755
9756
32306
3843
2824
24192
21679
2762
7985
31687
7892
14519
6559
1058
4630
24626
11430
1762
19862
31916
7045
22937
12977
992
30620
12412
11218
24921
15833
5644
21899
19253
26740
1526
15845
21544
18652
12087
11764
24260
15857
8579
12718
22007
6771
27112
20989
20181
20410
25263
13586
30615
12456
14979
6397
30692
24797
30421
23674
9808
17449
30078
2574
14115
583
12710
6483
18523
29384
20453
23184
28404
1357
13737
16525
10598
31225
12248
31910
23408
32294
27830
8477
14100
343
19720
15797
14051
22126
20602
10876
3450
29984
8510
29928
11853
28581
758
8997
21411
28852
10452
16814
9698
21934
14079
28443
26637
14618
29497
23097
19851
337
26816
26208
23850
18298
881
27137
1379
10937
26163
15231
17888
25508
147
64
4667
11255
10156
29187
21001
20104
13898
3700
8727
29565
30799
25853
15091
31932
25941
30432
8366
1699
28308
23939
32737
24826
25606
11018
23534
5157
13514
14635
29320
18078
3783
23102
30838
5795
8593
8340
5011
15404
2192
12298
13850
1824
8287
19934
16160
3528
19314
8897
1122
8068
27132
25389
10561
20413
2319
20984
26379
11546
3333
20778
10876
30967
23328
29964
10885
29459
18029
19841
23627
3464
17390
22937
26739
7425
10743
22884
1437
22823
32473
29188
23598
16732
6846
22534
22355
14764
8404
29683
1859
29696
5038
13601
30916
31125
2279
1743
9712
26797
16392
7025
25657
14981
8363
585
29611
9606
25569
15159
4977
28607
27858
15570
16283
17811
5283
8375
31774
26799
28061
27170
20764
19264
16779
6843
23654
27490
20323
2482
7232
731
3113
12557
22372
24329
27409
25921
17993
29977
28900
11008
24996
1658
5796
8019
31280
27025
16243
9704
32170
19119
17841
20909
3360
31040
25445
15262
18540
5445
31198
15322
29436
12548
31898
14589
21972
15101
870
426
725
17441
18375
25703
23871
30271
4505
31150
2933
20159
22262
21568
13824
29074
4953
3005
14295
10345
6659
21874
9181
25125
26526
8050
17324
18063
14113
25064
29585
12874
24051
6827
32727
12038
13139
10003
26441
15349
1783
28684
9970
31363
27379
7272
29479
4930
21725
15738
456
26403
23087
10720
18882
24812
3052
31392
23512
31462
13703
24183
14500
19670
768
14189
18392
13871
21072
13997
21706
30854
13319
27284
13360
22086
24372
29448
30503
2469
7301
20491
20347
10199
27823
32399
2338
17537
28176
22412
15625
26992
17811
25937
8468
13963
3797
8984
6496
15878
6022
23260
28363
28889
27153
5487
20150
12145
27519
20679
30729
21157
4248
28824
14712
16619
28236
7465
9477
25548
10578
1120
7366
4501
2319
12574
7401
16208
12729
27859
26357
3826
18876
24393
29266
3542
3677
24772
17932
14186
7069
12877
8148
4137
27488
4171
3144
27849
20430
21331
21620
14773
27898
4929
25752
22205
30145
136
4139
23308
12278
26566
22305
21851
956
5020
4202
23653
6706
188
7611
923
20310
6211
3216
2072
31523
25674
18546
18903
22013
29367
17013
25892
31823
23129
12806
80
21875
5685
21219
8617
25042
11034
17515
8617
13388
19324
28184
3438
6874
28031
3402
3434
14961
1873
20550
9308
8746
26045
8830
23167
6561
20733
3603
10497
11930
29648
22168
14774
17899
14541
12569
20238
13206
4599
15707
26693
7733
24209
9318
30169
12699
25396
65
12865
25784
2078
28925
29404
22205
20941
756
1320
1921
18381
19027
27700
28451
15822
22486
4696
14578
13049
27347
17187
9609
15236
1146
405
22590
10372
16475
3726
5054
25091
5673
13191
10737
10067
26813
9600
8996
10657
1629
5177
24678
13517
32319
14757
15666
23162
28489
32156
29775
21345
13339
464
19445
2794
4175
10754
19761
2301
17151
29814
2698
11797
8840
13988
14821
30103
9614
4656
9638
12899
32065
13852
14616
31144
9438
16445
11279
12284
2680
21227
4556
27820
13560
13053
20256
10064
2915
501
15317
25507
8539
26743
29513
20370
11497
17664
6236
1939
2425
13012
4236
30008
27686
32056
31327
31748
11576
21218
25346
26749
19179
19886
32559
21890
2419
8850
27475
31711
21564
3540
14065
8223
17526
20346
16193
4770
28881
19459
7454
30191
27269
9556
10783
16202
2966
24565
24835
9610
31318
26749
7506
29221
1579
3403
32321
26765
16786
16503
28886
14271
32100
13832
9550
10776
2393
12904
29628
1899
24010
7445
29682
23890
4795
11160
19620
8641
18456
14523
32203
25569
25407
7159
10824
32539
17855
5420
9418
1138
24927
8341
17393
19991
19811
18170
16820
28983
16650
15911
10752
536
5979
28062
7329
24164
16417
11145
26214
29125
16949
17906
13696
10417
13051
11318
27948
1416
18223
19639
23698
3036
24802
31442
23788
30223
16063
28945
6890
26916
12435
17313
3925
6863
29965
22278
27380
7630
9410
12045
31148
18556
20083
10754
16618
27044
10387
31780
23878
16275
31748
32598
25440
25969
11298
11031
18446
10961
2
18612
5050
2438
4347
14268
25861
11704
614
22197
1712
17464
26275
25613
7357
785
30045
27476
11473
8288
30478
4776
1501
11109
2501
23664
19197
31705
8999
12621
9633
11138
29619
17997
25322
19974
3915
13154
87
23293
32496
19987
27552
32329
8142
7282
31202
17066
29560
29774
23037
19085
17780
6825
1594
2853
18938
30572
31026
15805
6649
12634
10731
31565
12379
17987
4931
13899
19594
29562
19090
1731
24115
649
27019
31914
24138
20002
20323
27760
14670
4953
32054
27092
11982
25361
4518
25852
18988
18356
10181
7621
22689
29480
7477
24920
129
2302
909
17918
24000
22764
16639
22837
18358
7549
9272
29699
9247
4871
28552
10634
27494
31454
8003
989
16931
24263
28519
786
19426
10415
25726
4760
6950
25245
23494
26827
25261
13030
26256
1222
19446
26784
29926
15992
5889
11352
4976
7419
26454
10504
16537
26400
25160
16707
7405
8783
635
9395
31429
29582
17572
22981
4391
5855
4496
4003
21992
24783
2408
19555
17171
32332
5171
19325
2959
26295
23452
8323
763
13370
4597
29196
15581
22108
10877
24818
9980
21202
26334
28605
8970
2200
24058
32350
25478
10561
24551
11809
4065
23692
23352
16861
29664
16951
10111
20077
15937
17944
22800
20324
4769
31337
519
29693
29341
27748
1164
14417
16952
10000
23125
7885
27516
22618
30061
7650
25957
19559
7732
5630
8698
13097
29352
25532
10173
25648
27362
25176
23109
5315
1763
29285
13866
13360
2449
22722
1057
25184
25853
2506
18280
13486
15335
13515
27493
15609
7300
9145
29834
1784
22655
17188
14459
32718
7741
26216
24947
31711
14181
7204
16612
20193
4256
9965
13661
10806
28317
28227
10161
13689
29785
31683
25430
5463
24221
22687
19979
21664
6344
24396
17085
25501
3790
21882
5036
8613
24705
25161
30666
9451
23055
13498
26467
13466
21964
28259
11267
10532
27442
9832
10133
9942
3878
6310
5832
26289
2429
21809
21175
373
25535
1025
21960
28926
13611
4328
2004
15315
28667
21447
5513
32509
5097
2306
22285
18965
27121
11825
2532
417
11609
5913
25108
15265
17903
20186
13959
19044
30610
6505
19632
27040
10995
10561
1906
16834
13213
23894
32061
13699
14131
6987
14714
11708
6649
6628
11561
22395
5270
12222
4808
2134
22297
31294
18807
15615
23865
28871
27483
26137
22497
14384
9024
30538
20460
19061
1410
27794
26157
18092
28717
14811
21682
32059
13923
22737
5449
3145
6910
26867
20804
8306
24183
5610
32378
11711
25607
14362
19854
13525
12811
25464
19828
26732
20909
22683
26672
18179
20929
3093
7393
31954
28909
14339
6911
8705
13069
11235
8929
10519
26069
20134
20354
4533
22712
1798
11652
13188
19465
32282
17269
13676
23393
28712
28498
1287
26432
32698
15689
25173
16887
16116
7107
21425
9157
25380
4258
5635
10816
22171
21447
23864
26358
7356
29400
30959
16725
15442
25152
12661
12232
9255
8055
28916
3107
15826
18563
3303
1857
8912
19647
17361
32747
10198
6875
17199
16636
12902
28708
18859
27331
3233
11525
14738
2985
11100
21198
12168
11284
6773
3765
29051
20875
871
30235
18901
15642
541
22544
8950
26872
15364
18456
30433
2407
28004
17967
26421
5340
24816
10252
4448
5984
1436
10147
29455
21814
5806
15085
29416
190
2584
6379
24956
1945
14597
4073
1655
15118
30386
4352
3610
22444
2431
5342
27372
12337
14918
15818
32684
32683
28139
23266
9609
9949
32052
12455
25238
22756
16091
10940
25720
31515
30690
23275
4961
15419
9767
26985
20803
9927
22840
23131
14653
12967
3432
19608
29530
6674
15651
5553
28794
30130
7294
24367
8848
25603
13074
10523
1294
16381
18443
21956
2462
10994
21628
8892
15635
28089
28662
13092
14495
29964
27480
3881
13126
27951
3560
15567
18322
16594
10403
21998
16777
32569
29650
16249
2268
28058
27358
26118
31585
18375
6757
9099
19395
29708
5261
12902
14457
11867
32665
20897
12020
28326
29370
32371
12061
3725
5415
26378
766
29241
13167
31367
7871
14472
16142
14923
15573
13930
27711
12401
2678
16779
25106
12187
30800
3634
12478
16370
890
9321
568
23912
2731
12382
14597
27457
938
12809
29004
209
9477
20495
6191
29575
22534
20966
3419
16938
1763
1338
734
17763
6965
4752
3898
18812
16555
1322
9655
30055
16384
2602
26877
8962
1578
11002
3041
3225
11221
1770
13440
29612
4367
20507
5514
9459
24901
3997
12769
32160
4974
29908
32355
21988
14982
13344
22019
29876
14910
14524
29727
28877
13298
11751
26894
8950
16347
9026
15608
3461
18054
20602
13546
23844
3716
15398
28201
26325
21092
18931
17351
18228
29406
29694
12917
1788
6481
13185
11928
26829
24176
23730
8351
17453
18743
29160
31635
4556
14885
12800
8687
3340
5797
26111
3251
3776
18637
12792
26804
1332
26442
27953
7734
11631
6555
17793
30396
29108
3198
12796
21791
4431
2728
30931
13278
30094
3513
19573
23989
22541
23407
17402
5233
7734
794
12994
6658
3593
20304
9049
20434
16409
32737
31134
24661
29399
24589
37
9954
8979
3317
25817
18881
3520
80
26854
14981
32504
13151
18390
4251
4672
28195
6649
29220
18444
5837
13835
32512
5254
5494
22033
29227
19339
8208
900
27981
3574
669
3761
8844
7202
14239
5472
20645
12714
25807
23732
17723
20083
4113
594
22895
4333
8360
18629
7344
1429
166
802
8660
4031
29351
25575
8808
20370
28607
13097
27717
10580
8625
12271
19812
20968
19810
8409
29172
1172
16781
22533
26793
17928
7607
11826
16726
22684
1382
14630
31166
17882
5006
16718
11432
8508
8780
15013
14129
26678
15062
17622
18534
9079
16819
30373
3858
11629
13095
30859
31189
16903
1010
12960
15734
15294
31290
4543
5498
8662
4805
10212
29430
27617
18027
11224
3489
7814
17355
7185
2861
9600
28990
2259
12504
3817
19209
18844
21310
3001
29143
8639
30833
22922
32102
6223
24651
31134
26496
1854
26371
22818
9005
9670
30207
20148
13351
4616
30441
4388
23182
7668
32005
2935
9949
25448
6338
12850
2589
25500
2447
15829
13912
13757
16879
28325
25425
2264
29136
15790
19314
31994
2841
7945
29958
6038
29826
14683
7080
22310
24232
13982
19963
10773
28513
4644
5020
19677
14156
2008
12117
21357
9645
2248
20884
25037
28280
22752
20251
22532
5804
14840
12280
30010
6882
18450
10936
13850
25638
27356
24536
29306
32517
125
27004
32318
18663
9613
4963
20857
1952
15973
20251
31702
8001
9626
14449
26423
23092
9156
15916
11675
30600
5252
17147
1605
29577
23749
19115
3611
16020
5697
1949
28492
22057
5191
23672
11317
29762
9660
9755
4486
18659
14433
25046
5024
29171
16723
985
6978
9546
3800
4588
1381
16651
26456
22113
23140
13876
6570
16199
96
371
25234
15841
27875
9788
19335
14935
6595
24600
26297
28586
16714
32320
3154
17389
9619
7530
31996
28851
26423
13283
3492
4036
12074
9182
16510
24596
12255
18444
28490
22261
16819
11884
27349
20875
7816
30053
13250
31360
176
32530
12426
14330
10510
28381
1218
13770
4215
9551
28061
24551
18526
11814
18353
24858
20145
21672
8702
31226
22782
21048
556
17435
23258
19239
15892
13699
19331
3532
3714
30813
28356
18391
16185
27378
9497
9698
8248
23508
1812
4425
7228
22108
20479
60
6278
4951
23491
3090
478
25085
15369
16864
10968
7459
10398
24907
24406
177
20252
32154
20814
29525
17863
13584
17102
6265
9653
29304
4413
15987
4146
27905
1507
31996
9058
23116
4012
6116
8744
1732
18984
31236
21319
18478
30167
23667
23495
32384
17828
28157
6299
5879
9647
3792
15232
17764
24399
29817
12072
26567
15960
18959
1688
18462
7065
8366
31695
12415
28841
17447
16808
1381
22756
18422
11521
23112
9136
24693
31005
13424
23557
23631
11079
28682
26924
21046
22968
31612
11462
22233
22971
23798
16913
20240
6415
13897
16999
12890
9869
15101
13063
20874
11786
19613
24
30141
27519
12630
10475
27535
22888
6337
385
20111
7785
25340
11597
10480
32311
24063
14138
15233
20918
27949
27376
479
19039
20266
21331
18152
1253
30189
589
23924
12056
9494
1486
20800
17673
19073
11793
9259
10607
17691
2336
27557
7497
3572
14234
25188
23237
30614
32436
16984
22369
30614
15230
31458
29008
11880
7016
5953
3103
8567
15876
26957
24728
23413
9229
19559
999
26352
4009
5296
27131
22311
14827
32377
26415
21275
412
12795
29994
22249
30523
12104
16131
8022
27202
13954
14505
29612
23467
75
17795
16837
31155
23164
12883
16485
2270
32026
1632
3021
24123
11142
28628
28812
20201
30195
20323
22681
14554
12061
10029
3743
2263
27193
28902
19352
25028
5415
7988
17053
18726
751
20056
7932
31970
31339
26641
10380
22087
7489
16061
573
24143
15125
25538
14067
30498
25852
15660
2197
16092
21811
7832
13664
3984
32529
26960
10114
16525
23354
30647
17124
3296
17430
22504
17735
17178
30337
6554
27794
8787
2756
13127
22378
2158
31172
17037
21508
21919
634
11220
4407
10539
931
23857
26070
23407
7609
14474
8764
22820
12577
26875
8232
17377
3238
10105
1228
31713
24614
12981
26912
30471
18315
32323
23676
2335
509
23804
30054
359
10583
10913
25769
16718
32215
14529
16039
12411
6681
732
28399
12817
9030
28104
2578
32562
18825
5716
29107
2754
11458
29484
32478
21101
31103
19964
9883
16619
21032
22488
19650
1410
22649
23772
14608
1229
27445
23311
25211
18109
27673
141
1219
1501
8719
21734
13386
17370
2981
4545
25637
1858
13757
28357
4723
9868
27270
25785
3821
17497
19627
11241
4031
24825
13002
31180
2199
9521
22311
16869
30715
19003
12194
32231
7903
17167
486
16668
22135
2785
2020
6919
30794
15595
14464
3401
3208
22892
2185
6337
12957
23537
14319
9719
30726
1747
32560
19643
4451
2049
12564
16137
10702
23295
9370
23344
15468
3119
31538
10547
11329
16720
5932
18288
3657
11076
22129
2687
22980
17686
25969
21597
29393
1083
15964
26314
17214
24088
10389
13551
21919
18117
19556
30788
9885
3345
12011
3249
8337
14278
10843
22516
30034
18478
13927
16450
19018
1493
5369
30257
27344
14225
14116
5589
29874
28096
28251
25385
13072
16849
15840
9649
7025
12038
24702
26462
8464
26743
22139
6834
21111
20571
4041
27684
30031
29827
1660
17094
5239
13351
23937
13349
13395
29413
22412
28529
8551
32007
14930
25566
3364
261
29177
9801
27905
16970
2252
23071
20430
26939
18228
8571
7493
5238
4067
22670
29667
3927
19539
8260
6390
20929
32111
31780
12022
11547
17552
1913
9752
19096
30890
1455
6945
24252
7112
20991
6264
13852
17589
29263
28032
32613
20732
20819
4132
30367
29459
25593
15540
21939
28884
15876
18415
11819
9772
23030
22369
4154
8215
6196
29679
8956
25548
14693
10928
4606
13876
22555
12286
29697
30625
9653
14541
3835
26557
28292
32316
7519
26049
10540
8042
30878
231
5453
21899
19694
27937
11619
11835
14922
12299
28651
16401
1722
6686
17352
3448
17876
24615
31716
2490
6531
26872
15898
29790
28679
9054
20820
32436
25405
30803
5872
28590
7457
11636
13161
14833
26001
19381
10803
14380
15700
24147
28902
937
10842
7690
15775
6434
6469
23689
5283
16341
30761
17443
22854
26330
28304
16327
26124
27829
22210
7986
28685
1320
23619
19299
14750
12619
25500
8015
22573
32222
8030
14551
4461
31709
30309
22007
5044
10069
8026
4672
3489
12407
5499
6280
26881
23274
19103
7392
11507
26470
14964
12998
19275
15231
17164
21404
23861
15294
26264
10585
4891
3062
23155
29055
23496
10709
1890
3149
1741
5562
24346
3125
26147
32198
11010
22928
13075
7990
14395
16017
14931
20976
1246
28535
4978
29275
21124
25351
26485
7540
16908
3898
2755
29471
23704
24115
28222
21178
11737
28531
11187
17912
21389
31056
12660
3565
9797
24227
20803
1637
24428
19650
13938
21370
24709
30126
1865
3430
32692
14989
13736
24213
32128
23130
17133
18431
2007
30939
31512
32692
28242
4563
27438
7608
27579
11386
5851
2834
10445
25386
12634
26400
23610
4955
23962
22317
11251
18897
14745
29765
13219
16148
14612
19272
21628
30753
4963
9022
12855
24415
18591
32234
342
27092
517
1698
2733
7321
20895
25438
2080
1675
5409
7182
16046
580
17
3121
31151
21578
4394
4771
19289
31109
30467
29622
13961
14839
10220
8581
9665
21415
12568
24197
21356
20958
258
28253
1898
25750
12553
18680
19912
19504
4701
984
2767
11621
543
26029
4161
24959
18628
22566
6111
5833
2235
11271
18222
21828
79
25468
8315
15259
8910
30380
1309
2137
19691
18066
11514
17242
6241
12808
14157
7039
4825
293
14502
19622
23566
6857
27186
8666
28463
14454
24124
26566
7045
3170
24052
25456
28757
3530
21615
8484
8200
24456
27376
12205
7817
1256
14950
7116
32495
22712
13877
16354
21596
31390
13369
15344
6692
9903
13832
10689
26418
11068
22392
24934
28840
28911
1634
25059
8134
18711
26533
12840
16141
30273
3437
20035
676
8968
25269
29907
28666
15150
28682
26816
26797
23275
23954
31529
23723
18564
22094
29086
26519
11296
12444
7312
23918
31192
0
12805
2666
16909
29731
16528
10790
23550
10524
20097
23044
7833
19695
31065
2764
7058
15955
10625
13717
4275
2233
11835
22505
883
24969
21976
31524
15049
2735
22060
19229
2882
15958
6463
8
10578
2035
16965
8091
30183
11910
32464
22896
31044
5149
30789
683
13
11929
31116
29916
3742
32180
7436
21543
7841
8771
5847
162
23264
31417
28449
14078
19799
26861
16631
9322
13198
9501
20782
29108
27942
16946
4505
2481
14513
18245
25727
7904
12999
611
13387
13386
19286
30861
13190
11692
9529
5891
22787
10968
5132
2499
27737
12889
11327
23372
13974
28502
6506
16807
11058
1721
12000
15528
7490
18319
26247
26994
21742
15026
16871
12089
6437
21926
16768
10572
400
21698
26209
29266
9412
144
29174
13523
30395
25206
22562
9467
27525
11413
6029
18331
12859
22769
27712
10865
7221
17362
4207
29097
1148
17771
32661
24227
19330
3770
28615
13303
15121
19887
30017
6839
26242
23696
1094
27892
23343
156
17703
2435
13611
31727
28321
5376
27696
30373
6763
19476
27864
834
18448
19188
21008
16978
507
28202
21194
26956
22736
12440
14323
12476
10499
10938
28325
28065
24227
5931
2717
23060
11126
107
19695
20779
25419
31711
760
541
29324
5657
20885
24231
8979
21594
16530
18606
9022
28501
6758
17189
838
11062
29725
10801
7372
28899
29077
13963
6325
3202
6637
20519
1848
13627
20539
29715
15925
16959
17533
12705
29129
12553
28883
712
15135
24804
30443
968
393
10157
29116
19981
31183
9178
3959
31318
12231
28603
1978
3606
20005
6656
16903
22554
6293
1916
16502
109
19463
8744
8870
20345
22858
31083
21753
28782
11741
14232
16385
13032
32514
4281
3125
4044
19219
3723
19945
30066
1305
24009
11645
7946
7835
173
24532
31544
25524
2741
775
26114
23912
18851
13147
14828
11832
32711
27761
31841
7412
4992
2749
10581
16849
22529
313
25129
2492
21329
5979
975
1005
9621
17220
26670
11710
30098
29754
22216
12478
1646
24920
26778
18177
23222
12420
25411
14779
2214
2466
20329
11789
9124
27143
20057
13343
24333
19505
29421
19567
20020
30645
8627
22377
26024
3448
15435
9015
8630
9250
7185
3034
30255
2256
8189
24954
27500
30730
20935
2298
3214
25332
26190
2768
2826
5320
7482
1044
15206
19587
17376
11734
20285
7903
24423
28341
28809
13442
16937
10925
8738
14453
4188
17713
2433
2775
30706
2426
1482
3027
8125
27934
14346
4815
4567
24804
24764
26086
9537
9175
13971
17817
10954
19609
6771
24769
24883
31994
19648
17608
29840
29641
2012
7705
3313
28907
9195
23765
12354
8105
10202
4552
31600
31566
27551
6043
30414
25074
12226
23627
2486
18833
19996
24282
20851
19296
26591
13636
24414
31072
13526
11956
8776
12851
22510
26104
32536
26415
23798
22578
23733
2225
17315
21457
10023
3251
15319
21440
3577
17313
30498
6877
481
28521
13194
9133
13731
20690
25479
14414
9778
7950
5970
18093
28184
7570
2911
17657
26649
17445
40
14935
25875
11575
16173
16343
31017
15989
28985
3494
9248
16282
10726
26758
22793
21384
19555
892
10529
1943
11637
10696
5621
27949
5820
17690
20170
29071
3896
5123
23867
26614
3340
9386
1316
31206
29825
26560
23487
29115
2125
28598
23053
4997
12054
12333
28280
30741
12850
20910
20918
7768
22961
28059
8944
9956
2461
18021
3876
28113
17536
20480
1992
30410
14119
7316
19632
24419
12710
374
19761
19373
12700
2134
9351
265
25016
186
13684
9017
12924
17835
10538
18365
28737
2989
21867
21340
31356
19189
19951
22017
63
6615
9478
22728
26115
2942
8062
21081
14500
26335
24519
13685
20909
18927
19541
19918
4310
3348
13638
24348
20171
31450
32069
14957
27951
12264
18862
15804
10209
14130
32242
29126
2942
13936
1598
14873
13607
16078
13655
19310
16260
5605
14793
23608
264
2794
28224
17277
32631
11301
2358
31205
15526
28837
28622
12561
16515
10803
12288
29997
1108
21380
26103
3273
9028
3763
4279
2788
29723
26606
6659
18250
28749
12399
5502
12577
3126
1453
31504
12222
25764
22740
24715
1469
26006
2675
30351
27216
20035
28277
19627
19671
13918
19539
8388
30385
30873
12168
15803
32594
9832
7236
11594
18070
26887
31844
16687
26965
29630
22690
14221
25656
27492
12809
32399
22731
26402
4013
23374
10451
28281
5272
30709
23521
6278
12807
7459
807
12421
18903
6800
3979
917
21818
8948
19962
15290
25518
7972
32255
27688
1584
15486
13972
12991
31404
14984
3384
4818
11193
15316
13121
27948
22659
7719
32116
14677
30984
7641
2515
25617
12936
18559
30646
30506
28726
712
26141
28271
29748
9637
11333
24061
29886
30381
121
19901
6566
32703
299
28206
28160
2537
21571
2661
6686
16264
20663
23378
31167
14769
26204
8260
25219
31952
14332
8367
11938
10383
7080
31534
24542
24314
30031
26052
28342
9952
8080
17255
6621
19836
22221
12991
18922
2900
23169
31275
23889
28770
14547
29957
28818
23410
30827
26151
30384
203
5252
21421
13797
17425
32578
20477
31892
26986
7750
21509
8831
25056
30081
3780
10810
14087
29765
19980
5856
23007
6306
25734
18948
22779
23791
12534
32234
16867
9127
10944
12279
12728
5495
6060
3943
22806
9620
20198
17470
30526
12370
11593
8833
4213
26611
7900
7589
25511
956
24989
4168
25424
25935
25982
11295
13725
10292
28078
9776
32718
20409
22297
29505
222
1788
10290
10384
16230
10054
19952
21700
20159
30874
10774
25892
28518
24718
22200
27399
3749
29530
17147
21899
26992
6959
3356
29578
22158
18890
15796
20938
31737
26696
18490
18804
29574
31036
29897
21192
8904
8447
5923
28686
18994
2119
14071
17616
3965
19707
3423
11590
1865
30022
31661
27154
519
6379
24423
13358
8214
13528
26512
19746
28972
23805
20265
24442
8952
16478
8440
17271
774
13159
26760
31749
22498
13440
29809
32749
21888
7906
3545
9036
12507
32681
18747
13636
5853
16682
21608
9713
2687
8326
26059
18590
28209
8576
12528
1593
15484
29835
1096
5125
13286
807
29734
655
31254
5742
14094
14563
31288
19434
5935
12287
675
19626
7470
648
26041
31381
22565
9404
8719
2046
26348
22696
21967
11640
9879
12955
346
29163
10815
16858
23857
14567
24582
12693
18197
2873
1877
30234
2669
19900
23656
23113
2025
23154
7437
328
101
12243
19112
12408
1808
10853
19835
30119
24269
31885
23844
32135
18137
22693
21095
11870
31406
334
17966
23296
26920
13320
8654
8699
26343
8704
1164
19729
24564
27432
8800
17643
19623
20365
32761
27915
28104
2790
12288
31747
5108
3688
30113
9188
30274
3298
28744
7930
23591
3333
13480
29878
7831
30211
30466
2796
17517
19037
10916
22335
15885
1269
15024
17625
1096
19563
16414
8799
7808
28838
22788
11299
21516
26289
1301
1692
3293
14025
11112
15636
9570
4276
11644
6305
14762
31316
11128
25430
11209
19579
23991
27578
27004
29185
10115
23673
13584
7444
18209
15450
30079
26320
18191
10865
20957
3343
5257
10902
7154
17027
24401
5654
20009
17666
9904
1192
8361
11808
6072
16802
31169
12803
8397
8556
15753
16499
24164
19253
16582
15409
17673
19174
25359
15498
11431
32596
5166
3371
8452
14522
18633
24631
7051
7014
8770
26263
2638
6834
19931
17042
18507
8246
24350
2205
27374
13116
10620
17012
2264
13428
23860
10345
24031
490
27510
1276
28758
5940
30152
30381
7054
32240
19626
1038
9116
8814
16757
13852
13917
24745
20361
11471
32184
23932
24743
25072
10019
18
12444
3627
1129
8095
5152
25701
10666
14669
9981
5968
11427
17018
9588
23868
26927
27424
29916
26160
28430
25748
8076
30777
31974
116
18427
9730
11399
15322
22310
21413
13427
2774
27186
32193
25246
30748
17235
30413
13426
27897
16876
3755
12310
13708
9720
22656
25328
5426
8872
708
10601
32578
1101
30101
9200
18427
28025
11089
32065
25018
28513
30563
26087
31344
390
12125
26879
3412
7317
27208
32320
15573
31883
18999
32056
2259
19996
1059
21976
13582
19286
6642
12851
29663
2946
31449
25987
10534
2635
32228
19565
22915
10786
27347
646
6601
13792
1320
4373
4783
9645
19838
31515
27849
11041
27932
19088
14519
18602
32714
752
10141
30766
12260
7414
10195
9457
22700
28583
14813
31928
8932
10899
4509
23599
20381
17752
22471
23176
9546
2151
8086
14437
13080
4875
25789
13816
24194
679
9633
5224
28447
7999
28101
18039
3263
12601
25733
5219
25527
25701
13320
14089
25465
23612
23664
11856
19304
23909
18259
22213
31210
12414
12143
643
12734
8728
12441
6486
18832
17411
5111
1056
31178
21453
11375
26491
15534
27269
22367
29087
29858
22980
30095
16263
19658
23023
28772
7503
2012
28086
8022
9697
12592
7904
8611
1488
25623
30795
69
25988
7534
24878
11298
16024
19315
15778
11396
8320
4055
30817
4552
10351
26644
22989
90
12407
12288
20532
26593
31219
12962
3410
15030
22306
15685
7447
14747
6164
26828
22955
10154
16074
3397
24752
31371
16025
5057
28103
23274
19151
6754
15957
2344
30873
7861
25223
31313
14372
8770
8083
16719
26883
32098
18241
6237
3537
21585
10411
7870
25367
25220
32320
7854
23919
4157
32015
28569
21226
1628
26947
18571
21424
13432
21481
5864
30182
32046
26106
11613
6357
31929
23701
24342
25416
7619
6796
23345
309
28795
29474
23667
25760
30696
4627
314
3517
24957
9429
24499
7765
23277
10526
10829
15466
31297
1190
30830
2078
27687
18990
1892
10449
23693
20417
1950
13706
19822
31290
18972
31896
20460
25094
25124
28281
21408
13611
3895
12282
46
31369
835
6048
19740
6752
22810
6727
19428
20499
20259
27401
22599
26924
6735
21089
8933
30111
25935
144
18955
19795
20485
24384
29900
3806
824
9832
9299
31633
11403
14447
12151
21684
30384
2452
7312
7698
20953
5773
19849
27065
8303
11886
12855
4347
7175
5069
29929
32440
1682
14628
21825
28384
31699
7286
9538
18227
30487
1590
7337
27979
24864
12132
30337
15837
14946
4857
3314
2364
13682
28293
26458
14622
21947
13847
28319
931
26227
32605
15299
20371
24013
10252
13496
11751
112
15234
27510
3212
22825
23467
29516
1635
22748
12577
8307
29836
12993
9879
26089
9444
18636
29559
17788
22988
15469
14794
1573
30509
30586
15193
9368
185
16746
27153
12825
19827
13507
22444
5521
5233
10453
18574
25313
14048
25513
28141
15478
27466
10293
2869
29470
11796
29905
2731
22554
6987
1519
17744
30068
5536
28934
520
8339
24240
27599
28667
6924
1161
5044
8252
13755
18538
18822
17065
10771
25291
30062
10770
7602
18589
18214
23453
1080
21971
18024
11624
21338
289
18343
14449
15666
32004
6398
8627
25817
27138
31590
32402
16696
32307
15403
22649
8731
17920
673
5058
2951
25131
9747
15830
23374
26384
8188
1685
27872
16682
28281
26872
12132
17112
31487
18164
25096
16225
22857
31906
27285
22326
29333
11934
31302
22904
28944
22445
29914
24250
32655
22946
19944
264
12671
5506
20595
21800
10015
20198
1214
2335
16877
24225
10337
19448
32093
30883
27805
25280
16337
2333
28397
3797
14278
27878
8157
10593
6475
2334
3103
6177
20408
1553
15324
32619
30620
12637
7240
21871
13559
19288
10105
15037
14762
17324
15993
15367
4139
10564
27034
24872
32381
20844
29449
11622
5472
31283
4006
29940
16325
27668
2579
11195
26244
24278
9227
4443
31825
9649
8694
24172
1517
26290
13498
22281
29337
24929
13779
26255
22736
2208
27046
10402
27445
29654
15378
881
14795
27469
11081
14139
4964
5081
21726
1811
7004
32187
22815
24288
26502
6852
2212
6823
14951
24510
4136
21261
11682
5383
5784
21271
24756
6783
362
6965
32737
8868
21296
5503
14190
10492
22637
24382
26385
10164
5799
19374
10662
20614
12733
1026
1315
19680
15227
26793
22222
18754
8556
6096
20398
20455
11503
15656
5439
13993
18829
3817
23146
9247
1418
7191
1203
28680
186
20484
12725
25324
15766
20246
12491
6400
2191
4298
17681
3147
27043
23289
17291
2567
21549
602
24995
5962
2305
5193
18393
2277
24248
19910
15542
21132
25673
961
31745
20792
4570
24725
3638
5322
31701
6866
13364
27889
15421
2367
15158
15693
1603
14367
19716
23765
6164
25524
4203
1142
32502
31746
11754
4348
24979
5589
3246
7222
17556
27909
23489
12629
32114
23545
15230
8342
18313
27754
6984
13857
12143
25961
8059
22576
18563
31396
9123
20595
24777
229
11500
17588
9973
19419
24794
8887
30405
6429
21562
868
16276
11372
18009
18727
14637
312
7283
32152
23261
13670
12654
12887
18636
4433
19912
26938
11148
20751
23503
18347
9715
4853
11280
6475
23846
3933
24081
26076
18167
32166
16707
7773
12913
19069
16946
9590
16048
859
14335
14103
13303
6991
9744
29533
29436
27902
17926
4277
28294
7656
28143
31043
25402
18157
9917
22405
16818
1551
1784
22067
32464
23929
9647
5994
15954
961
14772
9994
2982
2410
14601
27741
5375
30637
3221
24313
7336
19576
11291
743
5273
30648
13933
28676
6216
15828
23005
26792
14529
9081
8437
17286
20217
18077
30568
11475
18527
18622
31559
683
8629
11883
28280
20656
1054
22534
23653
12020
14456
30664
18417
2073
25835
10501
30128
2742
18626
3250
9815
18941
27258
3876
21873
20891
27673
15130
20564
12512
31170
15870
14676
16672
1669
360
19254
11097
19323
32228
28904
28949
15635
10997
1391
31890
27303
12378
20512
31777
31827
15503
4371
3276
17158
9367
12757
30779
3801
12537
28253
2521
16288
15369
2625
16178
17343
1384
26154
22431
31040
24270
2438
1830
9506
5639
29820
20636
29939
16444
20005
19212
16033
19060
17145
22109
29325
29530
10119
814
29665
4673
13162
12805
19236
20325
26744
11689
26379
12660
31292
17612
24466
9293
18855
9965
28492
23815
18690
2173
5879
16181
23591
21057
8020
10088
2289
24567
27958
16118
3057
4668
23512
15610
9570
14253
4467
14492
12895
4429
528
28819
26196
30247
5275
11240
14515
23092
7738
6140
23272
15486
10205
18380
19086
16518
12821
14452
21475
30435
27433
32498
6265
6445
2919
813
28207
15641
19384
27702
10848
17125
10871
8653
11610
759
29315
1831
16914
32449
14483
21230
9750
6375
17098
10378
19906
6308
3724
22175
14519
31850
26767
24278
27273
24520
19253
10977
23480
30865
30489
4793
30434
28475
31207
6186
30262
5765
6002
31634
13612
18012
18688
3558
19059
24064
18152
25589
32299
12643
20576
20209
28757
26066
9616
15915
904
470
26603
28190
24549
13405
21694
2223
8781
5909
3593
6835
3025
28697
25999
690
17769
14031
24105
15594
3049
24592
22367
12439
22578
13706
5945
25202
22437
15459
9811
12408
18654
28447
12848
31468
4254
20164
27088
24223
6920
3900
2181
25711
23825
25338
770
18958
2610
10721
2741
18437
21087
1889
23383
30968
15421
9187
1729
17963
28560
7527
13057
32069
1010
27499
32429
29524
10187
14863
32631
22802
13181
120
3842
9319
31967
22130
23028
13102
32493
19801
25933
2876
10686
20537
32247
23454
28342
20276
18077
8995
23804
14884
22465
8219
25134
3714
9737
27997
852
31879
8922
28815
8723
26512
19240
32161
8740
17863
6285
21403
772
8960
2200
22169
16876
19169
11879
11027
6147
24134
632
5730
26835
22499
25788
18560
29945
17452
1261
29456
9505
12401
9506
20894
306
5454
27297
1831
10182
16450
12532
29916
23005
158
4927
28195
28370
7073
8144
28127
17550
19425
27128
12529
32763
20460
28185
23039
12731
19504
31745
627
13083
1048
7030
23751
20290
11896
7954
19457
3247
26923
22866
5241
10978
4091
10217
2530
10328
31424
18778
24200
25789
26316
12485
30679
13150
3975
19457
27677
29149
14935
28652
3473
30504
14787
24319
9875
28331
11223
7718
19253
29637
30666
3022
25595
377
20190
27967
21983
2663
13448
26156
27544
19706
20945
3720
25628
14306
6140
6812
19044
29381
30313
18775
31343
24369
10169
3301
30601
9686
23091
8579
30669
9202
14182
1681
18665
19724
3856
3560
29217
21733
10559
30063
14231
13740
950
16105
25289
26225
32402
14865
29787
21980
15406
29929
8983
32031
14403
1615
19506
7977
23124
26321
14544
2076
1865
19394
23755
24834
30298
14477
29360
27580
19758
14922
6411
15162
18244
399
21733
15346
27795
20105
7562
8330
7021
25419
21904
1752
27049
28773
21780
26893
8449
12217
26951
12077
23225
8586
27946
29891
32386
8150
24469
22226
10397
15334
6782
24078
15171
6691
3960
22860
8005
16427
11642
15416
30704
2340
21474
22086
20019
13393
30393
30187
30468
16866
22585
19468
14591
4625
31628
9143
30032
31338
13527
16913
22484
17770
31351
655
21115
20556
23435
873
26609
15136
16306
30284
2429
24349
21526
26960
3113
32568
18857
7209
31011
26358
18606
13729
15715
27518
15740
27974
31886
754
25214
32095
2842
26111
11135
28965
21428
28595
30244
9008
11230
12175
9146
48
23517
25054
50
25053
24018
16965
6762
5681
6183
27802
29103
26324
5932
16377
7295
13528
2562
30741
19603
31910
1721
28877
21533
22072
22965
18432
4174
17801
25686
20897
23835
28490
20184
4622
30273
1495
4471
12957
27014
617
6359
9336
32322
32397
2468
26028
13855
16853
26485
7292
19229
22477
8951
31995
20185
16944
21319
11482
20238
7004
7839
6526
9052
15620
5685
29781
18504
16165
2400
18795
27525
25403
5117
25656
3442
16308
27665
30397
23523
16293
12976
14031
10788
19132
19485
26034
10811
10614
818
30185
19310
31121
31746
17229
25093
18117
14782
4445
31825
7087
15317
17365
2285
7950
30303
1410
12868
4401
10684
20820
4947
15792
23928
4533
10673
13659
626
18969
10444
25712
62
32470
4725
22801
12743
20279
14495
19956
5433
30155
3171
19805
13086
8963
24136
73
199
26108
29634
32236
16877
6042
5624
12126
11672
31702
32202
7058
23104
3417
16659
12167
13618
10057
9515
22210
2358
355
31409
30715
22639
12874
26247
10775
3458
11294
15389
13654
18427
26449
19699
13518
18412
12214
20825
27672
15574
18395
20090
9545
31693
22169
7576
11043
24792
21225
30873
13197
24471
25081
12227
20033
1832
23424
27844
11205
32074
26702
9973
20636
13507
28455
11487
2237
25344
17361
26367
12100
30972
19564
14278
7784
9059
4354
7396
23469
5622
26975
30150
21594
9777
15651
4957
15918
31019
2581
29986
28751
18623
9402
22359
18563
1001
26407
30351
28834
20082
16915
11376
6220
9168
25648
18872
30423
8520
27580
20862
10635
15189
22098
31163
16914
25165
8967
5384
6442
23106
23218
18857
14749
18982
29323
14795
30579
17971
15608
266
1894
22922
23715
11062
10902
21275
28112
2135
17022
22980
23022
494
24871
3005
2411
21886
10651
11571
26573
22603
5277
10803
28159
10338
28055
28618
9960
28377
7124
24683
25154
5976
3055
26512
2474
8409
19852
28836
19443
27563
14661
17697
4800
10429
13032
5622
30290
19993
23519
13355
9118
13487
18927
15559
26787
17236
5670
15346
23290
19210
22542
2903
19631
30850
24871
28620
847
32479
19604
14901
25922
24509
14101
28581
4443
29810
13109
15559
5294
7315
19909
14461
12962
13755
13960
14790
29511
16519
24880
17637
27625
22245
12937
21440
30181
22415
3573
32134
18363
27346
22296
16788
9317
17556
15316
31130
5351
18325
23160
14073
24616
28149
6196
3952
13568
6903
15313
7416
14994
14852
8350
13548
31452
20211
5550
6765
23436
23431
15680
12293
6421
15929
127
27786
30723
28216
27500
5958
8331
14511
1304
3924
22631
25414
30742
8781
3809
22507
7984
13861
28461
15826
19033
19023
27899
9146
20451
5160
32589
8051
15858
14994
32134
1693
16433
29919
21188
9394
3523
4338
31600
4679
29565
9376
276
4494
20050
28252
26732
5152
2574
10516
17855
19961
30792
22358
27503
31172
5009
18871
26320
12890
754
25717
16182
1413
29078
26715
11090
9225
3779
17125
12478
21221
18959
10661
25046
470
8144
1253
11722
11037
2516
28046
30449
24706
26706
16969
25440
10649
30497
6115
7100
5956
9000
2294
27724
12409
21526
10438
31826
7237
32339
7529
3996
11537
4406
9515
1622
12581
5496
2864
3874
11370
4072
20315
16235
24436
31841
1391
1525
16319
29945
12148
11193
17721
22908
5981
22257
12545
2841
27623
17519
12655
4186
9412
11058
1876
13658
29177
32315
4227
31794
14981
157
23440
29108
28227
24532
10455
14940
12049
18519
31936
27523
5426
10353
10050
1238
4849
5452
25766
7687
15239
1615
31630
7362
28991
23209
31797
1763
16088
23854
1272
17638
24619
14947
12310
26782
15886
7380
3764
19498
24951
25518
21796
7462
8677
10121
7270
10270
4859
390
23791
30792
30062
18586
1706
8050
12066
14633
23101
14905
3728
15063
26509
1148
23915
14491
21892
4624
1667
16149
22290
32693
21225
21793
29041
12361
596
17068
30638
27196
17091
14790
24421
26948
19300
5625
21196
14418
7861
9689
9202
26564
14313
13021
1353
29660
10125
15213
11107
28529
25451
4924
15353
18148
19887
24024
11825
12118
14152
6016
32
5656
24977
8245
25998
9315
17201
32019
21498
11082
5184
17378
4062
3052
26027
25833
7989
28654
18393
18178
17721
26153
17550
27124
27505
14239
12304
764
7147
2228
5513
18349
28871
6811
17069
23291
7413
16654
13980
4242
29246
24642
30730
31340
2185
1818
5789
29858
27223
31131
23446
9090
27281
16288
28084
6115
1923
3022
27733
3509
32552
3787
17887
30940
30888
2731
19806
21567
26399
15019
21359
26395
2464
25378
18012
29854
11386
7604
7560
2481
4025
13769
5134
23829
5872
10557
30373
30129
9782
8538
2247
2858
20591
30723
17682
21685
15053
7473
31982
14889
22934
28836
7024
7001
27175
25554
3966
8608
20025
30756
8500
20413
11363
28001
13959
17377
31200
13418
19240
24583
20883
31273
8107
19588
15432
24260
25577
2271
20029
11542
24739
32482
15841
9823
25704
19441
22491
13882
30648
13467
29774
8912
7273
30319
20827
3404
7242
27665
30440
22159
11015
14221
1952
15396
24396
26346
9019
16758
18221
18179
15872
14656
7110
22674
4488
838
22558
7054
2756
21059
14162
9399
22850
3618
24047
12655
939
9840
12959
11723
9617
26898
10760
24810
14951
12595
2545
13189
6609
641
26534
17608
2335
25753
26014
16736
1555
4799
29788
12502
12011
21459
6803
11547
27547
3712
2189
14436
15451
28087
31437
9527
20833
10588
12276
17606
20464
18239
30177
20349
26769
26701
4636
15319
8865
30216
2421
30581
267
17460
2792
13937
25687
31443
452
19696
19940
23636
4877
18166
26737
15368
2590
12927
31202
14549
30866
20427
8769
4142
3429
7161
3076
7490
26455
27095
29070
22644
26257
31993
7160
27404
16779
23304
16144
11052
24877
18269
22178
5125
18485
7374
26871
3658
2520
31176
21148
7397
5036
29343
32612
16874
20165
15905
13488
12233
23582
4209
20718
6855
28731
6163
9312
16047
4621
20803
18207
27844
16662
9099
4191
13819
18126
32148
4852
1383
14148
25405
17174
16117
25864
8682
10593
13913
19529
7966
18207
4680
14651
30029
4042
28648
11707
21227
7117
23173
18998
20425
30859
27525
15815
11425
14754
9886
415
12528
12145
26182
25514
6915
26328
27755
9328
22101
22078
27493
11321
27672
23513
6953
7028
25106
28969
11967
14937
31658
14278
15862
3022
4419
17244
30550
1927
29128
17652
11862
16242
648
31605
6607
29778
4421
3434
22193
23977
3207
12293
757
10460
5686
16228
1234
29586
9320
11284
21044
17757
9336
25044
19562
19612
21592
2971
1054
25248
17960
22748
31115
6925
16903
10248
11498
25219
31273
14933
4909
28798
17705
21694
17136
4219
21153
29258
28077
1629
3577
27538
31023
4622
9084
14205
19785
22121
23473
10575
10695
10072
16616
20450
6309
825
17171
23090
20607
15239
19927
9504
6985
4278
1251
22127
5440
17758
6785
10515
22560
27804
29802
20139
26264
30646
4831
2636
27643
18173
28149
26752
9272
16888
15665
14478
12
15038
23892
11004
22902
8356
18552
14675
19564
17944
21596
15138
1996
15821
11005
19525
10901
4889
12646
26727
343
24987
20680
24518
14312
4128
21965
2358
21337
12999
23082
21865
2088
22628
27764
10093
16567
18211
27188
5750
26621
27758
16445
31966
19580
1040
1341
30826
12147
15002
8851
16335
21588
20229
32608
29045
9336
30618
25057
16250
15122
3599
31484
7418
28002
18163
20504
20622
9003
30796
30514
4114
4966
13182
22829
2476
14648
13934
28266
32265
5410
30696
10649
20458
3704
21310
1231
11488
2324
5938
25816
13139
843
31766
18126
14793
20512
17714
27626
7013
16824
4454
30619
11694
22542
7953
13269
17299
18408
1841
28588
25003
28170
13259
11297
1985
681
5517
2876
13199
8482
23730
13659
202
30700
14630
10441
2655
13515
26090
10130
28925
327
955
14230
10963
9053
1774
26845
155
5748
15519
22058
23511
12435
11018
5075
19034
10192
20793
207
23307
3084
2528
11793
14310
2269
5509
20500
8515
972
4067
28344
11867
27329
21649
18252
30472
18107
5855
5356
2764
26308
12545
13069
22805
14117
28271
20054
28351
6358
21899
6066
11483
19768
13444
11683
23727
18950
30075
12249
17661
2441
32229
12547
9353
11020
7473
31461
13781
30608
20138
22698
8239
7873
21150
23420
31213
16424
25280
19795
16376
5281
1483
17930
26247
19472
18024
5816
26413
29520
20818
32573
28694
30316
16056
25115
6286
4882
2787
27272
16066
20292
536
22721
29387
18513
9152
26784
4840
28164
16582
1649
32011
32283
22849
17922
31128
21498
32083
20473
17257
24737
13648
14698
20757
24284
13603
31145
17266
6073
24302
29277
7512
19263
22769
15830
10408
4445
15021
14241
11405
18209
5449
29529
22786
23595
23348
5567
2965
5216
27404
17421
20842
4579
16831
7560
19074
15169
6128
29525
21053
20971
28316
12941
4382
19690
20221
13460
23503
19406
16814
27046
869
13799
16657
4530
31460
22968
10990
30572
30214
8361
30044
24990
25912
11004
10981
11966
29414
26626
29157
20166
26104
32399
9011
3904
3485
6571
13315
28064
6727
28042
30475
25559
2039
2239
30949
25381
32186
17836
31669
28975
18035
28733
22027
6993
18140
29654
14603
13365
5320
9609
8651
4005
5035
32397
31228
12445
14939
23275
11213
7589
26136
4219
11532
20317
24267
29199
17806
27994
28811
4846
5330
19760
15973
24196
6881
26576
12893
22615
18552
14613
11952
6205
23145
15769
25692
22221
1087
717
29410
7699
11809
32073
13643
29320
18937
6496
24681
2112
981
14840
22111
22630
20877
6552
21348
10982
9638
16835
22467
26729
18806
3205
29478
18566
8841
25675
21781
12342
26436
13816
18106
21641
1736
18740
29159
30104
18457
29447
6490
17851
25728
22184
9791
20732
8493
10383
12022
30923
11297
10193
23319
22515
16459
16813
18611
8908
21745
4962
22237
22450
23634
15940
31081
21431
21898
16911
31220
8085
13749
20859
18981
2279
27735
21777
19249
23448
1788
4156
11941
20379
14363
7331
21600
32476
17728
12214
18910
30583
8298
24199
20157
15913
12466
21468
633
21763
3630
11394
8059
6758
13589
28132
26450
5163
29732
19164
9280
31522
6720
10952
25592
6846
10076
9953
20390
22798
1181
29128
17712
31471
1980
23906
5563
30849
17837
29414
3442
30167
30846
20788
10370
13299
31873
17769
6505
3569
10413
20912
1137
22146
1602
5723
5239
10652
11180
20786
19697
1648
16042
26378
15664
17821
25007
11162
30946
16291
4233
23435
31194
14234
12352
31950
20244
24100
22081
6450
15603
160
2747
1846
13006
14496
2634
13595
14763
12189
19155
10814
16458
19178
18351
12965
26726
21479
22795
26840
14647
28791
6798
4594
23355
32692
9533
32759
16694
12001
8348
28264
25208
23199
28438
3349
27230
4196
31135
11571
283
17450
24216
17582
4536
3684
2035
15297
12634
1590
27799
14531
3012
3045
262
24132
31004
6029
6973
12120
8434
24594
19932
3635
20094
28248
32390
2294
23081
28855
15243
26825
19536
25257
5316
14122
7492
23750
31679
11652
13973
8435
28444
17156
6544
14038
30007
19624
20230
11405
10760
25497
1103
20383
25671
1466
31119
29234
13779
9345
9528
4223
19284
5638
12496
27268
28447
7257
13045
26104
13147
30489
19102
19588
1890
13122
32675
14896
15466
11591
3200
20508
15717
31073
30038
32624
32294
9766
4146
149
26052
3421
25234
19110
14403
10001
30757
7969
17265
4836
5843
32227
21263
19366
29693
5459
12337
14630
20230
733
12264
5192
5394
30626
5405
20824
29197
5485
18880
1182
29424
6121
13091
30003
7487
7698
9632
21011
8150
10218
15234
15730
230
7277
4899
8788
27963
27590
14417
2136
3264
8643
15606
22996
68
31879
17656
20519
27774
23423
2399
31307
13903
6807
5814
4522
21576
11693
19123
4403
22892
4165
21786
17068
7479
23935
16350
13898
9439
9287
17033
22655
12761
19404
25823
6675
6559
7219
13502
24182
19121
16268
4937
9301
8921
20229
23878
7275
31412
16477
29379
8858
2670
18332
25088
19770
3021
258
14729
1713
15729
30525
17827
25923
11098
23007
15593
13612
24746
30734
8247
26860
26284
21373
20935
25571
13590
24476
10138
21277
30603
16652
32026
2159
19556
8534
2045
3011
24752
27356
29804
22192
3449
272
3173
28238
23114
18659
28254
20296
2285
5505
5931
24626
3705
19771
17185
24093
7565
23236
27260
30569
9686
16033
23806
2267
27863
21723
16601
12527
9193
8951
30927
11632
8064
16935
13720
14149
5041
14786
13956
20622
31217
24050
32097
14576
1056
1709
31135
31788
16582
13030
28338
20215
21660
27652
6584
11782
27982
32147
23132
29544
20863
21817
25338
22040
12813
7916
13316
2003
8343
29027
26276
25895
20285
7882
2722
27597
32167
32186
7049
27448
14153
15976
20741
9070
18149
8221
20112
17943
849
6886
30285
3539
22906
20876
25396
24529
14249
24518
20080
11166
15877
22702
25605
32058
22618
2418
19126
30065
9496
21580
25382
7272
19871
14260
573
17015
13241
21972
10957
25398
6248
4156
2678
16091
8163
3031
15815
7619
22235
12573
8101
29262
7426
31883
10225
19696
6350
13136
7525
22149
6266
20554
7871
17637
1103
15664
18210
32185
17953
11281
29113
23437
18972
9469
24733
18726
31937
7170
19193
10005
27179
9050
5740
12172
25239
3554
16302
19569
18467
5582
13943
5041
27094
23451
12444
24023
4065
20806
14459
10973
7460
26044
31386
18753
27124
1169
5771
29532
15388
15860
30483
22256
33
10979
30091
15104
10187
24987
19589
14308
20960
3667
7603
13724
7987
1065
3845
9317
22749
23133
17170
9098
19403
27069
12473
2685
32121
15968
7688
2086
7676
20887
16988
19579
23366
8225
21450
28753
31142
28830
958
3953
21902
24134
12002
18671
12953
31707
17474
6583
31692
8924
10157
17769
22813
17148
4958
16743
15921
17875
15580
22060
22122
23250
16670
27359
29217
16252
7155
12071
22832
22483
11937
5954
9908
11025
6604
24145
4625
6297
28314
758
18742
22829
31509
29217
16418
8289
13777
21543
6566
29264
3278
12309
3437
397
7071
22851
28475
10589
3276
23340
15218
22563
10870
22396
19674
32283
25145
2667
8097
21579
16471
26954
17825
4023
9746
3931
28642
21717
16217
27878
12640
32576
31655
27785
24334
4528
3625
720
12570
25130
14623
23558
2419
22132
26756
7242
905
17612
24561
26085
12628
19673
32703
6618
10647
15586
25964
1727
19302
22334
27455
31180
23270
3084
19247
26162
23380
31524
26882
5805
19016
21069
1970
7517
8251
23472
28180
30162
14919
20620
16059
3430
4399
17452
1819
9679
24991
15126
18922
17908
10677
17030
2252
11520
8127
7194
4398
31669
1607
20943
4210
2052
333
17964
13133
3802
20691
5309
21614
14396
5279
22211
32353
8598
32060
8234
17586
25168
3650
18619
14421
16035
21975
21907
31557
31915
15734
5844
14188
4029
22511
19866
31939
3578
20655
28209
19130
9252
24642
21125
18650
31665
27158
28889
29353
18206
10114
27324
15054
26758
1030
2105
26997
26227
3797
29519
14837
8948
9616
18337
31664
2288
15445
19053
14907
9145
26360
24258
12480
21732
1936
2542
3232
7257
17974
7222
17244
9894
13833
20939
32693
5529
19318
32761
27154
14093
1974
8864
20515
7684
32151
24040
28612
20982
4992
18481
26916
2153
9903
4169
7206
7362
29638
21474
29959
14939
26758
14915
27714
27861
17114
10045
15792
2736
8471
6753
6900
11800
26498
3696
23830
12290
7955
27923
31086
22904
12664
27340
15812
16177
9821
24365
6069
31589
17899
27976
27480
14815
17550
4198
15650
19028
23548
24828
13063
11507
30067
9690
12514
19773
18753
1446
5143
24343
6026
27785
21111
4638
24134
31272
100
3898
12425
3030
565
29814
4871
14087
27868
17167
471
18440
22981
29642
887
6382
12802
9611
27921
21709
13478
6692
15356
31530
15470
30059
10374
14258
2215
29327
22001
25132
3403
940
17339
15020
3694
3996
25635
13833
2776
16913
31720
28306
14836
8672
12116
3325
8425
24992
24697
15776
774
7796
17083
1508
12643
293
18318
3574
32197
30068
18561
12991
21699
27566
4732
29719
17191
22656
13893
4917
27287
26381
16969
30058
10613
4414
18842
7952
31235
4697
23604
23229
19659
26582
21636
24764
25150
21614
7723
4797
26523
6516
23039
8139
23314
23144
850
9343
31530
24266
31352
7027
17760
9772
6275
12794
18448
651
12369
21774
19353
11487
8393
2698
5821
2033
23649
27290
21062
1389
2531
19823
20463
24888
8818
311
14465
9987
12488
7244
25917
13857
5569
16299
26746
14229
30237
23977
2447
14960
13697
22753
14323
27226
8896
3953
14755
5230
14681
9830
6340
28235
7233
10612
5258
21351
11746
21227
6488
27815
26979
4070
1065
30253
24874
5317
13614
6002
1695
5598
13752
404
7987
30832
30041
18417
2722
4056
25158
9972
15988
15112
24832
11567
6858
30260
26420
31402
31831
13518
15839
2683
12205
6069
11957
14999
10682
21418
8388
1512
10642
23555
26709
9376
10095
9635
19987
1740
13557
5673
4463
23852
12987
29544
27202
9282
32520
26392
19892
26025
474
27338
31326
9128
14893
12322
4011
8967
12409
22848
13444
1825
29309
5503
4396
29755
31803
30306
8296
11284
12868
4299
7140
22717
20789
15982
2002
31147
30338
4998
8660
9995
9842
23750
14108
8021
29547
14739
9681
21284
10864
9840
3509
25413
10472
3002
29702
17678
16289
9365
24226
241
18196
21030
10862
16209
18667
12035
8439
6035
25280
30439
4442
21881
17960
5803
28770
10411
31216
30833
17393
29335
16550
24611
23969
9851
18523
27676
10410
28608
1960
3620
3847
4746
27631
4258
14804
14989
15587
31757
12539
11298
22859
28836
7695
2970
12547
18527
13944
11986
8259
5413
4305
11527
4131
20287
27022
8428
95
18445
6882
20730
24152
13559
19424
12808
19804
26279
6880
30747
17447
117
18212
10623
9130
17443
7611
26647
11019
17867
11686
25841
27884
7189
1850
12829
10736
24749
2757
26304
13435
5365
2676
18788
16826
16119
17268
29842
19428
21149
29272
10659
27071
15140
1723
17875
16229
6350
14886
3479
27720
1751
3636
16945
6772
32171
30195
13697
4884
9558
11918
20510
31800
11324
2857
15781
9173
30218
14349
13137
31757
14060
14597
1228
11441
20225
9991
31557
24069
31244
28951
8899
8387
10092
9321
441
5986
3662
32710
28378
17559
21025
22064
31022
8989
19274
1225
5734
27314
18457
32753
2925
9826
23036
15279
17215
7
755
29522
2046
25873
22340
5208
21059
26755
26480
20622
8882
1598
1637
7033
6609
11138
16373
5877
16922
10418
4999
13084
16462
28759
18189
1385
24077
18280
26166
6941
8868
19145
16868
19170
28198
28177
992
18863
19134
22416
10957
1771
26691
15761
602
5077
30221
10460
27580
6691
20231
16511
2652
9705
11270
718
10444
18109
20569
4009
27136
19481
25762
26621
6843
8449
29668
18061
14151
2789
16092
30195
31081
20424
22933
18401
660
1954
18231
4525
30301
7427
2079
21005
6447
16634
20021
25631
18240
22069
19322
25516
22467
5993
20193
9901
16480
31989
9056
28686
3297
9666
25926
16307
32558
18285
16847
25529
27515
27048
21750
12030
9408
28893
6538
30947
3433
15381
8068
19024
8271
23065
31896
23545
1512
6614
11018
18912
2490
31238
19139
8219
1046
15373
30884
9432
3074
7713
12314
926
1399
174
27379
15830
24525
31481
29552
1161
6259
8963
7323
24427
21987
3248
21722
17689
11989
17448
18117
2207
29107
18302
31797
16445
78
17296
14237
2411
5071
6190
30622
19994
31984
26494
22741
28477
13420
13470
18936
30856
20403
21900
17953
16759
11747
15427
2409
8083
28916
23335
29625
3569
5938
10403
3549
28155
18673
1553
25818
17778
11900
3546
12162
7604
25166
3294
29253
26683
21381
11030
5450
3175
11411
1911
8383
637
4663
19226
4973
8175
20140
30619
1935
30942
15648
29887
6628
31453
2407
8537
18179
9464
6129
27502
13039
245
10745
13207
3819
16857
4608
32679
4495
11182
3194
16526
13596
10372
4295
12157
12301
11958
11876
1611
23534
23662
19043
5912
32369
27755
20760
1840
10431
26626
12310
12593
8460
14947
11354
29297
2670
2334
26821
26522
16111
30182
12496
23703
4065
11668
23419
29620
24689
26735
23174
18432
20095
16298
18916
3830
23981
31790
4973
32093
22710
17050
31443
29549
23810
16520
9687
13363
17527
16147
29884
11319
24977
16022
16124
2907
16821
32693
18491
13830
27074
7586
377
20866
16618
7577
27275
28579
7616
6061
10188
7594
10641
23751
8208
23144
3576
15852
14041
14247
8365
22718
30414
10949
414
3398
16488
20642
24385
240
20719
10429
21800
21207
13733
2969
6358
25923
32577
24678
26833
24688
18846
21981
29176
21138
27573
8812
7959
4373
25545
3987
1721
16169
21473
21646
27453
7550
8827
1076
300
1868
4991
4639
28618
16535
28018
13069
16363
31153
32492
7302
11528
11264
6220
26559
3218
13313
19882
7103
16262
19597
5389
8896
25154
20316
5342
11992
11927
24263
13981
20952
17439
23762
20947
19573
19153
21353
840
22693
9170
12778
1141
29516
7310
996
5948
26904
22536
1311
22999
10921
25198
14044
5903
11254
8945
23133
26286
21228
8148
29864
12854
14680
18626
16265
29139
17926
15204
11222
13711
24874
13875
22774
20165
18432
11659
9636
11736
17328
14081
15857
18468
18292
16119
19080
6709
14844
15470
9526
6711
28178
22299
13994
11950
3706
13244
24953
32104
284
23212
7781
9903
1381
27829
11742
16579
4586
6694
713
10119
13646
4134
19073
29818
32358
20552
13851
13033
12188
9824
26863
9315
16785
12436
12371
10606
30983
11702
26794
8824
5117
1489
13214
23824
21019
16641
25513
24918
23633
24712
16602
13232
20412
19999
2774
24255
28617
21898
23581
22930
17308
23663
21134
7705
8883
19560
8494
988
29894
25431
28453
13036
10482
24058
10249
17178
10263
12479
8543
23400
18047
17113
14687
26045
30912
24467
21240
10973
20451
20964
21268
27287
197
24132
797
17473
31422
3775
31936
865
20865
1352
753
9389
32323
18511
27695
10038
15392
15766
521
32224
954
18240
31201
13589
27171
14123
27376
8378
26365
3199
25994
9826
17887
12167
4003
30658
18171
8128
27283
20838
13054
18480
9750
4514
26168
28153
9367
15306
5885
27950
5294
15269
23371
14309
17383
32032
12716
19342
3781
11328
4446
4227
4614
12634
17842
22496
297
15750
6322
27540
17966
31569
4358
25784
20125
14258
18201
15392
10697
5952
5495
18736
23638
11169
10362
8945
3321
32070
12581
5988
28287
23893
16208
11543
2833
5095
1797
25333
21686
15988
5419
8802
7961
29323
14177
6024
26253
30919
6957
25579
2126
13310
26710
24388
20489
2235
23182
23180
32415
22767
7764
6487
11815
26595
29977
30051
14130
14961
25762
24689
31570
18292
30125
14419
14557
3197
17879
8519
19438
23240
28861
23171
173
28782
5218
16657
23248
12763
29905
29917
30306
6019
771
21517
26051
9169
19202
16528
12529
30048
3407
25594
23045
18798
1921
25999
2817
654
12336
18077
20680
1948
27153
22800
1902
3830
29282
1088
23474
10729
3721
19469
1481
9322
15608
20014
8542
3335
27987
10694
18134
31005
981
1336
18904
22858
11248
9789
16653
29221
15923
20532
15140
19757
15729
23737
17690
13824
12064
17016
9656
6094
21247
32323
29277
20236
32252
4707
24829
17261
7252
4140
31594
24078
7932
24533
6098
12272
22592
14982
14985
23724
2986
2737
17673
7522
13605
9894
5688
28659
19298
6498
32745
18032
379
28072
13732
19154
19414
12116
6314
2795
11341
5867
1332
8348
2443
4982
1276
10825
5561
9873
2814
10122
2139
18111
7296
3619
12148
15360
2896
11063
7153
10918
9549
9400
27972
16484
32040
12066
80
14248
12396
19305
1413
9514
20156
8495
16972
17349
18012
18747
421
12935
31220
7207
30734
22788
25488
22872
7848
26095
26858
14900
18837
7147
17644
17806
32164
24734
10865
30565
18736
16903
1100
4303
9285
26130
30347
9264
7173
6250
1277
12719
19786
27279
753
26603
29325
6696
12353
23785
2311
12698
10127
21330
20757
5849
463
24539
11745
31871
21253
772
10303
26907
25680
2821
6357
18635
20264
20997
15743
15629
24036
11406
15858
7890
21887
7230
25503
26324
3227
6847
2266
28714
29638
4345
827
18713
29437
20101
3396
1582
16494
5477
29509
19337
5250
3571
1917
124
24347
14104
8578
24917
25115
9918
11491
25463
21797
11912
2827
8112
30375
14528
19560
14022
11800
29073
1229
25683
9086
4214
16149
13267
28724
22002
21514
3068
19690
4482
10373
1102
24813
17360
5846
14570
5801
12585
1893
4263
6508
30769
31898
10595
24684
213
5627
24215
27404
22402
20116
7726
4699
18580
31388
32664
5085
20498
18517
20762
14735
12696
18484
3944
17189
19604
16450
31605
29846
181
20162
17034
28122
13985
8212
27798
12274
24807
15321
1221
29482
2356
11608
12371
12955
15817
2849
10147
4339
29484
8687
17803
31353
11806
18131
8434
10315
2510
5263
25758
26858
28236
6208
22855
20985
2880
12609
22000
16194
27356
10315
2679
17146
12559
16865
22634
27462
23292
20459
11804
254
4778
1697
6136
9136
27389
6314
31766
26344
6117
24197
13324
21678
30421
3369
30983
31057
31607
16360
22042
23651
21662
22937
5333
2821
23932
246
22554
5989
12053
15427
22828
12676
26099
28721
31497
15677
28699
17921
10234
2435
30529
15596
11624
3306
15160
27331
2545
19304
28844
12243
25019
18781
30739
25099
3336
12242
225
13153
29963
1534
27899
22385
13051
9231
2159
11367
9573
17191
26978
27424
28614
20132
3146
8844
6233
23204
93
599
14382
25544
14408
14536
29052
15417
21285
26601
8248
18921
29095
30184
30950
31260
27544
15549
2480
3622
31110
23821
20917
9590
9913
14414
25251
10451
8040
22061
16520
31462
12076
14636
29669
4601
948
26256
517
24318
1979
9594
16268
9683
27191
14676
12627
10948
9683
7022
28531
22866
7328
30697
16032
18482
7175
29141
21433
16025
23811
29334
30108
7863
21645
2188
28991
22913
26711
6387
5117
20404
23484
26887
8237
17431
2295
17004
28665
17152
14996
14030
14958
8985
14629
18117
11983
868
24886
28667
23087
27261
21891
26256
2878
27424
8552
32189
10340
29162
24472
952
11276
8292
14610
5336
15171
22845
20561
10746
2689
25047
27843
26147
1222
15622
31357
26471
26857
8980
12845
7945
20781
15112
32080
29923
22806
31015
27301
14856
21883
18108
18145
11945
21211
22293
11684
7989
19957
19918
9900
23748
23186
6738
9033
5302
11430
11422
28688
19351
14231
26440
28372
32582
22493
29376
11474
13399
15051
21975
10540
29365
30892
30589
24473
30092
5394
28111
27482
4710
22891
15953
22128
7060
15829
29559
26892
16847
21556
11115
3399
14623
27009
1034
6931
9468
20837
2095
8305
4019
4102
565
31205
28940
22049
22455
20263
2090
857
21146
18460
3250
8910
31566
3588
31536
5618
26704
27893
182
24984
9972
10632
18886
20814
8545
24274
14449
25837
9693
30870
17857
15470
29515
7608
4693
30207
28401
7925
27211
12886
26495
15826
16483
13126
2381
24530
25696
18576
26597
492
30898
32507
16577
60
27475
17831
23382
1529
30191
32158
10833
14759
26951
10156
4640
31118
18391
9329
30900
15466
29622
15028
645
27236
29631
22522
8407
16961
5102
16215
21820
7898
25868
6789
20059
12492
24463
8499
16879
112
11708
19103
10259
19470
24846
15719
15292
5709
5851
29085
25735
30958
20533
14617
28085
4026
271
8723
11891
4025
6816
26609
1887
24229
5389
26205
22857
16030
15426
17051
22838
25119
17440
16153
26027
31793
26590
27976
16680
8415
6313
12715
22002
2537
32654
20014
26389
5053
22170
26296
21162
1698
23872
13315
18774
55
27642
22700
7955
4380
27443
3206
6451
25327
12645
4660
23970
31354
3199
10999
26475
27178
31369
31940
9341
2243
21898
7834
8368
83
30378
16146
25091
18789
5268
6456
23079
26230
24862
11161
4418
29613
10796
26013
28141
24262
465
16151
15998
23376
12728
28187
26509
26392
32195
12048
23473
29413
31217
21253
16523
869
30597
2121
25862
24168
19813
4405
27868
6220
32704
23885
21853
5560
2803
14472
14188
21902
21934
1259
27338
5914
3666
12892
28311
12432
30622
26806
15125
10677
26763
6169
24752
28380
884
25476
6203
12308
26746
6565
10365
16544
26407
12271
17644
2727
29522
29678
18872
27437
24898
26327
30987
2626
11542
30564
7568
889
20835
3550
13874
29340
28960
7803
3878
14494
22719
13803
27691
3281
6813
13358
10256
11865
19100
10664
28023
18913
7438
2679
27866
26509
27862
11268
13259
29999
27849
16600
2432
16573
2139
18098
29838
30467
14199
6870
19957
31381
18862
10407
1373
9992
27796
26232
31391
21601
29031
5280
4231
11982
5618
29388
23769
13972
21681
24474
6545
31817
54
5731
15215
27971
11723
32599
20915
17488
13145
17872
4902
29351
15497
10464
15449
5407
15144
14892
9009
18847
14032
32510
9123
30934
16325
10133
18877
26668
2333
20672
23782
10232
28196
939
12390
12787
26366
26616
23849
19437
12430
23569
18623
702
11159
26557
7592
20864
14113
15602
6351
18683
2591
15083
20564
19297
20558
10105
22414
12348
3680
4766
25681
25764
4442
6232
22892
23477
27963
29883
23158
25408
20190
7746
19659
12481
9505
23143
27089
14993
25927
113
18048
12637
28315
24206
29729
11735
20822
29985
7765
26283
31939
31837
19034
693
6305
26643
7050
23409
3529
24008
16676
17331
529
20747
29007
9880
19311
14854
5468
4796
7778
6738
2892
1453
31629
17424
8338
2976
8357
5941
10778
1891
142
10533
23945
13971
1729
2692
20423
17935
10737
8008
15547
2732
4590
15635
31829
12843
21705
961
18642
104
3897
9276
14907
27859
23613
2456
6959
13348
28675
6236
31459
12875
23049
30749
8295
6310
12930
6994
17195
21623
14075
31075
11457
14741
6718
12035
10212
17762
2935
30912
24762
3580
14485
15320
6742
12728
20467
4431
23937
23244
17720
1854
1210
11083
23932
3182
18811
9559
18092
14885
14014
25490
15919
28736
9408
13781
2761
30594
8709
30245
19904
7724
28060
10722
28478
718
26276
17218
10743
348
5391
5886
31243
30340
12198
23115
29486
19775
17229
15628
16902
2727
24457
29766
23764
19464
27711
18644
10071
27449
3263
32348
3566
15661
13312
9857
23548
7877
20013
13402
20880
17384
9057
25635
15430
31958
22448
19251
5992
26041
11366
9262
30553
13438
26259
11132
17460
6370
32455
8186
1968
25296
32282
15343
21063
25322
11375
14913
31639
14694
29690
15337
16904
1819
7680
8612
3503
13531
19678
11755
23154
17668
22349
806
3437
25426
26852
21021
14741
9975
3039
19631
6043
15086
30
12486
13588
24716
881
32650
7894
88
28434
13525
2725
15644
20083
4839
17423
15676
21306
22108
24724
7751
19082
26203
32522
18124
30597
21775
5696
2671
30479
17499
5858
21563
4308
713
25756
19258
6540
29892
27266
9539
19070
7688
20144
7188
12866
24406
2349
14497
8908
15468
25110
26795
16550
15924
6904
4755
6013
17724
18301
7025
22495
24678
6475
4961
8771
31713
9001
31773
842
31831
22371
24017
1348
6760
17776
7722
31478
4696
23251
19888
26523
31748
11071
24407
10280
24347
1022
32336
16852
22410
20116
30245
31192
24120
1695
24837
6771
2548
18177
4189
2354
23724
12865
25512
4718
28895
14895
391
3606
6996
2759
10004
16815
21773
7256
371
9112
375
12518
17835
25491
25827
16588
31412
23681
24377
6821
10706
21357
16107
14957
26913
10188
16425
7140
29808
22787
3156
3123
18514
1322
19892
16082
29555
17680
11117
10665
4649
2431
16815
27766
10315
24001
27182
18286
19782
13154
26834
25895
24173
6968
20655
31669
11153
4001
13623
2324
20946
13324
31662
11974
14516
11707
24799
28860
25974
31175
1806
23418
6303
25700
8237
21879
27097
1382
2131
8130
22018
26116
25705
18923
29569
13276
6439
7457
16598
9528
11839
17048
16757
29328
29143
10542
23765
2384
28733
28237
13252
23514
5078
19987
24573
29391
344
24240
20988
9099
1081
6928
16657
4078
8040
187
25012
21346
5690
17657
22040
281
423
25913
3331
22423
17846
5811
732
19825
31542
22861
6406
23380
8623
12731
30572
10056
11672
20203
11357
30006
18122
7840
32411
168
19253
5469
9646
9169
27090
11652
23678
28621
27096
25023
545
6698
29235
9887
15602
25510
25906
10115
21475
23610
9344
19132
12820
10328
20821
16622
18596
11122
23789
9145
17095
15291
32058
26521
16408
17201
22998
9483
2353
29147
1339
31986
29305
25935
5686
7224
24894
27000
30105
8888
9988
13974
13361
29020
10012
20614
31991
9090
31352
27460
30602
14245
1469
30894
11997
11065
13722
17291
20525
3542
21849
15307
22071
20377
13235
22544
29863
20168
2537
12398
22483
26804
22800
13935
3241
4580
12716
11867
9446
14703
6529
19894
27530
31658
934
8969
15752
26627
3803
10982
23233
24109
32284
13862
17203
18046
8055
1397
29806
10645
5402
15889
6984
27455
13488
7118
3538
11420
28910
1118
8587
6525
360
24527
12755
9489
15530
23125
27298
31169
22660
29514
11129
8280
1189
32115
5785
8807
4971
29829
8308
11240
9466
19431
13153
28705
2188
6842
15251
21963
18440
18711
12108
11892
4565
8855
26446
32034
29936
29209
23443
4153
9020
2751
6205
29342
11802
25146
32464
30749
28986
8264
10143
26888
8113
18298
30596
4385
10059
23355
15828
13754
24098
9998
28306
14107
11887
2839
19683
24868
13473
29149
6594
12084
940
21326
6901
1865
932
26884
3648
12392
7818
30662
23768
2111
12134
21074
8986
15369
26517
31065
24701
2226
7781
31948
25542
17979
16095
598
18299
16993
18404
5418
4761
11897
4732
8958
20873
9375
21098
19031
15185
2063
1284
24072
14088
17619
16961
16885
21900
12959
9236
1309
4983
7929
14328
23768
30542
17052
11980
25948
24572
9759
16098
19334
6015
14802
27731
17368
32226
9449
11157
29374
24683
4060
4687
10773
20757
28173
2667
8173
4672
2732
15213
654
27304
23767
7684
3514
30100
26374
28127
1330
17232
9639
28098
14460
24028
20741
12761
29666
1510
30318
25676
702
15350
11413
14355
9973
27113
26421
32268
10690
16544
11767
4171
27061
7673
14998
1969
2555
3838
16961
28608
9951
16989
28225
27821
13201
32537
18395
1975
25894
29566
7032
5560
20193
28762
5891
27642
5041
25706
10131
22347
20730
11283
23114
2388
9880
2386
17533
28710
34
22518
14100
11286
875
21005
16692
6091
18511
30876
17948
5781
15788
29843
10829
7424
24494
1023
23534
10154
9040
18306
14958
5201
15135
1024
8555
4400
6465
11420
6867
5772
21175
18659
31817
7818
18399
2886
29642
3907
13885
11214
18320
2842
6010
23307
19766
6990
29101
24910
23582
26827
31962
15896
16144
30534
16824
23505
26915
5768
5560
11197
29153
32266
6210
15917
7334
18115
5442
10994
28489
14142
28899
24087
7166
5615
154
7376
17019
30151
30055
22189
19546
12550
15192
5907
26815
1617
29262
10989
27450
3076
25603
20127
4591
28105
6988
30779
30452
10346
156
4600
12538
14307
8138
14560
26416
27580
31508
21448
23652
21909
3939
5765
13675
1539
28113
17757
32452
2970
3688
19644
13688
26699
16428
296
22340
28913
23132
7031
15866
19238
4854
17728
18981
32091
7801
18831
8428
17704
31982
15837
313
10208
6185
14143
29722
29033
5965
24541
23655
5450
2958
166
10661
9734
23099
21314
12842
22185
2043
12360
30850
15008
18775
28082
24594
14285
31864
398
5371
24283
28722
15606
11073
7631
7234
13121
14637
224
11988
8571
28911
30089
4937
27155
32136
17372
22070
30932
9959
12825
2736
8982
338
1663
5319
22582
11272
23394
32080
13891
25381
31102
13032
22266
26821
11403
23605
26869
2412
17938
8047
26911
16294
17022
799
4203
15082
17526
19495
18886
19908
23146
32003
17482
1844
17004
23118
30132
31569
8258
6280
8472
32561
22969
5910
13779
23565
3388
19594
6850
15777
22180
18469
14769
24530
22098
27802
24342
16275
11899
18453
16896
21257
27332
11644
18506
3309
1551
29429
23316
12083
660
31144
24435
12521
18483
25286
10088
15201
15624
5578
28431
658
19521
31743
14873
31932
20268
5442
9596
15691
3220
18953
361
30462
16974
7844
18303
26952
27919
11203
16702
15607
17025
57
29374
5139
4501
20479
7585
20745
32026
5244
28742
22792
17551
515
13631
21932
3893
30366
5894
14810
28009
17930
19435
3563
1073
1794
15953
18188
5909
17857
1306
11748
25648
16322
16480
6264
1670
3274
11878
31564
21144
22824
3278
5579
24886
5435
6668
15849
15509
15926
19226
3847
25505
9248
2413
23
6036
20767
3369
9472
10184
30197
10129
8004
12233
32715
4545
480
31663
15150
5023
11380
1707
10327
5903
24995
18399
25775
31590
7357
16755
19858
15650
27291
1509
16467
17880
18891
10144
7041
30829
21998
18129
25961
19849
16989
12662
15324
5193
26643
18871
28979
11060
27335
9850
31375
17777
14680
8754
4966
4151
28014
19447
14907
19588
20063
28380
27308
12562
31567
9085
14514
10375
156
8151
12581
16363
23673
14685
9086
22880
14040
19784
14561
30477
20622
814
31835
12892
28081
7638
14440
13157
16197
20043
19896
15530
4120
15663
26418
7940
14571
15954
12090
10717
8146
25219
27183
27552
18142
23462
6712
22126
11768
26375
4161
7443
3088
12782
3648
23608
9080
27764
24253
25561
13706
32404
1425
13562
22929
4997
28142
1942
15079
28487
14751
27865
602
17021
5521
24975
28372
28794
14227
25819
24892
31646
26970
26412
24471
3043
17608
9581
21363
17331
1390
17532
1925
22269
4943
16606
10385
6279
10982
1713
19850
29062
18027
17889
19195
30572
11347
22175
21925
5121
18198
16911
14441
29621
10804
17217
8553
11828
26746
21603
19051
23868
8065
7221
126
5547
23673
20413
20191
30429
15908
23611
20765
17460
30757
27999
28796
15608
7035
9146
4247
9826
18505
3955
28490
15347
11480
17211
15311
31242
30174
4994
10535
30390
5121
21995
32700
15561
31383
13566
29252
23854
15280
27678
14824
10876
9558
32698
15782
21194
17427
17863
18676
19398
28340
21101
5542
17665
16205
7424
11537
5261
7549
28979
25713
20938
15859
136
30856
4733
15153
10251
3208
32290
11152
15936
4147
11140
22661
32090
20801
31882
31522
23981
15362
27732
8672
29798
3908
902
9115
10874
1911
26340
17374
24540
17679
13344
27745
20211
29226
8431
8144
17483
27507
4194
2510
32395
28742
4724
20538
19111
7701
480
2481
12374
15114
13365
32084
17095
5101
28715
4043
27023
29001
7736
394
13799
26570
26463
25170
6164
2026
13897
24059
2342
12492
20118
18034
31973
2664
28277
32510
12297
27369
11890
11463
9897
11091
5008
20632
28406
12137
1944
11748
31785
9422
11184
8967
11706
15722
14639
22223
22227
26895
25776
24379
23044
21085
30566
17794
11576
8931
4783
2903
23016
21126
20971
5484
19854
1575
16014
7989
3677
16768
19060
7150
10287
28751
17525
10463
26047
2743
31546
29919
10776
22755
590
16663
32333
6636
19832
24328
10091
4605
5705
20432
22700
17333
16369
26792
21997
22732
11607
8370
6754
32250
15720
27634
22409
13844
25006
18329
24668
26745
805
23434
21707
11948
10571
21783
8553
9538
6007
24331
10086
17407
21611
23278
8381
316
20524
16260
5294
17547
7186
16535
28783
27806
26907
9206
6175
27749
16516
26558
1019
17271
10907
7640
15828
21939
14287
8387
21185
26151
8201
1428
3345
14641
27711
28475
2691
8675
24134
9991
698
32428
2791
7789
20971
26933
23094
15877
7129
7562
25119
9685
6915
23674
20290
17106
28699
19776
20481
23972
1467
8803
13782
1706
23636
1498
16618
830
21095
4212
18916
8250
15607
20599
15871
3514
25662
9095
8544
10276
14495
26570
2982
21094
21468
18506
21186
17791
6793
10395
22537
31041
4544
29629
11143
2645
15639
21059
31127
16767
6351
2997
30385
8227
1102
5940
15746
5641
12495
8028
21314
17501
26713
32111
17986
29178
16621
28591
6852
5352
4100
3851
31248
5410
12857
18430
22468
11421
31554
23221
364
2183
25124
9840
19538
4044
15783
17450
21912
29407
9480
13436
2179
26807
18671
9407
24346
15640
22688
3953
4336
5139
18293
15321
9278
1744
1676
24814
5428
32139
1725
28534
1937
27357
5839
18283
13938
19517
29163
23714
5735
5062
4688
3759
24012
24379
7241
14339
26455
8264
30044
14423
8941
6666
23493
32334
2234
22482
4643
21589
17024
294
29552
29902
32559
12041
822
10607
9399
9853
19968
31204
21530
7237
11791
11708
29637
26095
18511
9602
13344
15378
21898
20266
16996
29141
3034
14768
7597
17840
15460
3067
16976
12151
31043
25351
8046
20372
22467
23363
2761
25491
8912
18744
9943
25573
4526
25964
28437
11997
22250
28550
24222
25855
7056
3250
25852
23162
15006
25927
7486
16883
20665
17832
31562
29828
29727
18024
25461
31493
10461
16305
24657
15498
25922
3046
27334
30252
14995
23943
30821
24589
30208
11349
17400
9110
19927
32183
1118
1795
28408
3165
1430
29218
32393
4899
22553
12375
25578
16184
2669
5092
28395
3455
8439
24167
11837
5941
16401
4772
2599
4565
15452
4997
30586
1592
1367
13407
22215
769
7729
7799
21455
20024
6364
12229
22843
23093
18275
14072
27790
448
6013
12474
1623
20342
19554
27188
15019
21615
2781
11477
17874
21021
27555
22351
20801
15223
2019
2019
1224
20823
13342
15327
14349
24097
23865
2149
22585
21670
15313
20589
22001
22088
20942
7181
12168
25694
26171
29945
27507
16602
29525
27718
5885
16937
15073
11635
7484
7770
29891
17065
2627
29059
19405
28226
3737
864
7381
15753
22250
4158
11274
14528
3069
6423
17544
21608
3814
32511
30249
1980
17789
28094
26014
11391
2830
22975
25279
3063
6482
5417
14624
15674
32158
16459
28389
14504
28251
6461
26071
17593
5302
28356
4791
8185
7832
14967
16082
3152
11481
9760
2005
8071
29105
101
4579
32008
4975
25768
8165
23781
10093
6699
1569
1052
22851
28280
11023
4634
4667
3840
2663
18301
13573
9730
28287
10782
16812
16046
21460
10831
30153
13451
10982
11617
15607
12822
27722
8554
1414
684
13050
32324
19828
15273
20719
22489
31640
210
4594
26014
22817
26608
8367
9054
16191
16318
16907
28473
19744
15877
23223
18668
14878
22790
29445
5715
6199
20504
11515
4396
6845
10130
24743
16925
13646
7147
21169
11513
9991
20512
14647
4671
17909
15190
724
27107
7884
6593
5122
31569
15580
25796
28323
14000
11840
5722
30682
13155
6233
15284
20511
30678
28795
6948
29075
28279
11493
28985
2192
11266
503
2348
14981
27394
32671
13434
20225
24725
8981
26067
28429
20079
12488
29491
28351
30241
27288
17231
21772
20891
30277
27186
5598
13552
2087
31016
12902
15706
9760
1499
13236
12670
5840
11452
13189
14065
20743
4772
26460
250
32640
10683
25044
23706
27852
15770
32308
15817
27532
2732
10820
12803
3811
25818
607
23555
18219
12647
29642
23759
14055
14360
22852
19956
21497
3993
17886
12563
10518
10524
29197
30876
19318
16195
32510
3546
22736
11328
1065
30768
4485
27451
6953
2466
25372
18675
24011
13462
30446
1961
2661
28380
6434
31290
17001
17901
3036
23179
5945
2160
6834
24361
22845
10499
608
21553
23860
15927
188
15214
11207
17372
8428
14274
20324
384
6102
18375
13385
14898
17624
5045
20191
2444
10937
21127
31818
4592
29920
2649
20798
24593
23748
12309
19220
10165
932
27214
5917
15802
5240
31596
25654
29527
16935
5898
29340
13989
30202
9884
22018
7262
16977
16725
7649
14052
28053
23368
22544
24197
10605
28621
8596
20221
18997
11046
14777
15932
4780
22370
19298
20586
26604
4226
24733
3369
416
987
13434
14874
27249
16059
22302
16034
25793
20559
22547
29934
1948
17092
27362
3124
10219
12205
14820
24636
25067
29605
23381
27168
22238
17717
7338
11856
29441
13048
6180
19416
20413
19708
18598
4326
1569
32108
4036
14470
1424
21612
25116
13745
17079
19269
3561
12166
21186
17090
20437
4823
18128
16602
10767
23783
23460
12686
12702
882
20893
12053
17909
7662
232
5431
26311
13329
32244
25591
7196
21907
25126
13684
9381
24373
3279
19217
24140
4354
28763
30164
7440
22997
16331
24076
25616
31771
4197
28215
13541
28634
17321
25890
26933
9715
19848
21330
19077
4260
10961
1955
23631
5456
7148
12079
3157
19331
30666
11377
15668
11569
11036
27051
24380
7230
14275
10884
2943
24899
18568
8438
21800
1936
11534
18791
17679
14957
20996
21014
13194
1958
2463
4537
29829
11078
14408
20837
2517
18594
14738
28077
20425
13465
4462
4878
22530
13595
15778
6539
26245
23016
15223
17300
17679
21146
5554
25644
24745
26086
3782
12363
25979
28191
15176
16257
19685
32507
8355
32733
4556
6298
11277
8461
32562
3012
5562
15046
19722
29555
1103
12903
32586
26513
1177
9177
15169
19714
10623
20921
1835
26341
26677
24761
10243
3351
1203
25155
4504
11257
8806
29280
7395
29044
19749
27865
30872
19258
3686
32156
2043
6734
25266
4192
9205
16326
9046
25484
29287
26320
14428
16981
18366
12275
9913
10791
18120
8599
20168
24391
12998
456
28407
13494
10178
32055
16065
2904
11554
16257
13788
19541
22142
24756
21427
25280
26287
19472
31510
30839
10536
1034
13872
31306
30090
26519
30394
10079
4466
23718
9839
12244
25749
1006
7104
9895
13072
23019
18120
19155
20985
26915
10882
27580
2618
29102
30266
27853
7583
10741
21313
11360
8749
31930
15077
20958
10166
26713
26784
18215
23466
25421
15504
24884
7984
27125
8743
31739
17269
6552
20260
3474
24644
31912
28354
29848
30936
27715
3375
1489
25326
11007
22335
7440
9246
7399
610
13658
14698
16577
28884
19528
32024
20115
26131
5293
7869
8037
24470
15481
24987
16967
26044
18909
5420
25238
26883
21424
31743
25468
32634
6418
5315
21686
5753
15439
31138
9370
27791
9478
18896
13144
26556
19850
20835
11136
7136
32648
25445
17348
5492
17386
6695
19968
15480
2556
29145
14199
25516
18893
29016
24159
22531
9689
21831
24737
1109
20452
29025
18394
32084
13609
15373
13989
2497
13748
14387
31516
31456
27405
12623
10908
26921
16918
32196
10953
10560
27702
15218
19410
3367
27575
14986
22519
17843
16237
2721
15432
30780
29081
24068
11951
23705
3596
14156
30000
30539
17296
5426
12912
17401
13443
4260
23412
25629
15045
8472
15020
9724
8917
31520
9264
30683
8758
15678
16201
7024
3352
24314
2355
11671
3892
5683
29985
22086
27640
9907
19842
13507
2532
20486
14979
23572
19764
19851
4565
29624
1471
7371
21424
20628
29727
32266
31000
6704
10770
25372
30559
20515
18976
16506
7403
17356
27262
29845
11065
23107
7987
14698
21026
10895
28537
21591
28765
19482
14950
30765
15686
26978
20171
3462
16349
27376
14941
21849
14098
20110
5138
6603
22336
32437
17870
24904
247
15941
6463
22483
21758
31864
3077
25242
18840
9497
12055
4558
9479
16625
5474
25777
335
31363
5555
5105
15676
23289
25558
22068
32422
21341
17664
21236
10740
26124
25450
14221
29407
1128
1343
8852
27257
29902
10936
22891
11885
21704
22405
31762
7560
2947
2928
11072
13688
16515
11837
21683
32212
10901
29396
6596
9309
19205
30114
1086
11908
26898
6716
32112
25644
24991
27717
15233
22448
7979
1939
6404
12072
19971
19341
2764
4840
8374
24023
10242
25930
14538
16434
30836
10158
1965
32157
32048
12478
15342
12992
10066
6135
3757
30091
12570
31333
1361
24603
3394
31917
31609
17117
24718
11857
2356
16885
14756
12848
6516
25057
31518
20556
17600
18265
11230
21712
17450
11898
8609
24658
4225
23844
14807
3413
455
5281
5299
3858
741
18055
1662
11640
11678
4319
13104
17009
25282
17798
2113
7271
12964
212
2237
27143
10701
4988
8087
4932
22002
17331
27711
9119
5924
10645
15734
10662
4423
10948
11874
12219
20933
22866
6621
12823
32132
14817
22547
13839
6933
13576
31308
26261
19758
14329
30982
23041
4442
18529
2119
25874
22255
3984
1585
7983
576
8410
14295
31731
12309
32573
18511
7657
19800
9796
15881
18068
22289
6698
23134
1971
22165
17219
5996
6594
28153
6296
14370
31684
2253
24017
7831
16448
1287
30809
23712
11146
26686
8124
12961
1859
29977
27988
28835
20259
13574
3876
28071
6902
18991
8708
2362
27109
7594
30463
27466
13047
15855
18425
30264
24280
400
8084
7982
3800
16932
30805
8371
21814
17284
22275
15229
17055
6971
25680
31110
27890
11319
18876
10082
21318
2757
21941
30671
17198
23740
11011
1422
9020
2551
32611
10097
18115
20745
11634
19126
12001
5165
7629
18323
23741
29308
19319
25618
6414
355
26491
31007
21725
14931
24530
28127
1931
28858
19846
32068
11797
25651
3608
31199
20375
17145
3104
1013
11023
12450
31539
26068
29284
9482
2825
2663
13991
14221
21983
16905
27032
10873
3611
18839
6252
19138
12079
18377
17357
30712
13759
13506
31011
26743
8966
24549
4370
32222
20342
2027
14147
15810
20638
14642
8040
17059
30289
26200
2938
14622
8965
28425
1861
15717
889
2325
32039
11501
27035
16326
2069
16486
20136
32112
9950
496
16533
21321
13492
29580
16046
29563
19176
31184
18813
4472
28661
24288
10733
7310
14272
409
13231
2235
14622
1295
1757
6594
31895
5178
5341
25726
18538
3564
27785
31351
28112
11526
4492
29619
31621
236
25359
19151
31109
18998
21910
16206
4627
4009
1060
12848
19456
32613
23718
12486
14890
28767
27534
8646
17475
6162
2751
18587
27860
18546
30633
4862
14465
18978
5301
25802
6798
9958
23011
22028
2722
30811
14513
5978
10187
3814
30528
28775
3267
1258
18098
3284
14706
4670
6358
2888
13747
13278
30983
706
20827
31712
27729
29230
9592
7594
7382
20023
15062
2659
21616
8541
31176
12711
2712
29255
18212
14975
2439
25690
29328
18576
28314
18058
23036
8594
2555
1136
26224
18180
24958
11677
17928
22558
23241
1839
1853
20488
20664
23458
31077
29769
6144
31976
30333
1922
14098
11451
31271
5212
21826
24370
10735
25791
9512
2962
13010
31045
20038
32615
8193
5358
6636
26580
3810
12565
26457
1320
25688
28066
11043
15537
26436
20866
32217
31957
25676
28500
32230
10078
16091
16997
2232
30230
4968
22495
3874
3476
20220
6205
2303
12885
24558
17666
19481
21519
25585
32427
19017
25409
30546
26338
31455
9487
2426
13044
29507
31053
23226
17029
29405
18138
1864
3715
26163
559
17284
1112
9553
567
11648
8548
29038
5986
22464
25258
30156
6389
28990
23753
20448
23716
11953
4143
25267
19554
22799
19849
31112
3704
9553
15997
32191
29652
14710
26268
17401
8356
714
12434
13437
8996
16744
23456
21211
27828
27902
23885
26831
24878
22224
2904
22631
28790
11520
8688
22888
28243
17164
31271
9711
7293
17304
1189
23124
6903
12142
23705
3155
12958
19907
1782
23918
11779
29116
12763
3213
13430
14640
2130
19176
23395
10416
28222
22566
25058
18628
14479
10694
19081
10360
13752
8639
18308
26903
6755
6243
11496
14135
9827
15753
23877
21749
5610
5355
25723
6530
13052
4557
13518
2527
6947
5600
14908
28388
3429
22373
14349
3207
21619
29333
9389
24155
8483
10817
30647
32087
26912
7094
7762
4825
7648
27107
2496
31978
20439
9150
3124
1988
4587
27107
30692
24722
12583
6014
13408
9590
5299
29292
15906
14032
23044
9885
17510
11710
336
4285
22844
7135
15941
7187
26587
30813
16634
14249
25912
24106
2854
9901
28375
32649
9616
12311
19425
29393
18886
29068
1144
15469
21522
22914
839
14888
4522
3238
30045
21416
16167
14970
23611
5175
19256
9539
1579
4554
12696
24866
24788
17723
573
3713
23052
14298
26835
5040
17133
10788
18536
6608
26923
6098
16233
20721
23204
15638
10189
16247
1849
289
26512
8386
13533
27112
9571
5902
31211
32040
13730
13463
12733
12967
21382
8193
8058
23486
31388
22520
13103
9236
29813
23060
9506
4012
28319
12543
23395
6690
11477
11737
19875
23345
11123
20699
23369
21625
17965
9531
18371
19583
14079
5200
20762
23286
359
29687
5322
2621
7635
21557
14032
12840
31061
20510
32516
28675
7582
26101
24745
24532
5418
6804
8259
31457
24504
27662
2984
16242
2813
22420
30810
1496
17305
30357
31764
9902
29258
30505
5027
22111
14688
29616
11255
23017
26225
28086
16762
30944
11341
28699
2465
20661
14644
7280
23232
27960
32071
10147
17954
19036
13629
2527
6233
9018
3415
26030
13267
12889
28822
27233
31150
18221
22571
13745
13517
21725
12079
30886
15148
24138
7828
25528
14704
25420
21852
7733
23747
13118
8456
19682
20190
18622
27220
27621
14439
4782
27169
32738
15742
20094
10931
25189
10387
22446
10524
11648
14202
4238
11000
2741
16065
18505
7259
26901
5953
16929
2568
24234
2547
16892
3044
14611
11781
16928
13226
366
27949
13883
21471
30587
8766
32678
13065
18429
1529
30442
32540
612
24101
11908
5429
4522
8930
21221
29066
15483
3642
19389
23457
28824
18937
633
8897
23933
12222
29194
32423
8770
20307
25577
26745
4799
12090
32344
0
22515
31624
2026
20753
28583
5879
1093
3404
20302
16950
3623
3594
11824
19843
4775
12944
15047
2172
20926
28297
16233
25650
18437
7347
31272
31616
26048
27096
11255
30107
14108
27648
8974
30441
25013
14821
17551
5143
7003
5799
22889
31590
32278
1473
8828
18501
23911
23356
30719
13605
209
7202
30751
8073
26520
17206
2281
4700
31177
15842
12650
19080
19066
13681
3605
27076
20307
30846
25701
19373
12622
6316
6595
12569
6842
4248
4521
13736
9862
1548
14088
17308
21692
31862
13543
31210
10316
2968
8781
14480
21003
28288
9570
18218
3323
32443
20945
18880
4045
28614
18032
30691
14244
24261
20003
18936
20508
2679
2046
4307
7307
18282
23209
11144
1671
1131
14089
20349
5544
29505
28188
5828
5262
10651
7717
18600
1830
20038
31498
4230
22058
9891
30202
5855
21479
6233
2130
12458
32323
29511
9666
6383
8702
6077
6572
26769
17208
19691
21452
16492
28468
23449
26654
22943
23387
16665
17916
28715
30084
3706
27271
15294
18802
18431
4681
27337
24478
22735
11801
21464
31031
28398
7998
20771
19816
21356
32471
31328
11225
4829
29818
12508
10360
2569
24603
12746
13433
10980
23343
8923
18587
3520
21778
19727
1198
8897
20134
31178
26706
6033
31038
9770
2305
17750
15546
152
26960
15073
26867
25757
21873
14120
5721
18679
26877
10231
31194
21485
8688
226
12294
2527
9462
32382
17265
18977
5861
10705
29273
3594
12170
12294
30601
7751
27048
25189
23165
12917
29758
29315
2759
12016
18697
16054
19122
29925
3146
17100
11556
30895
6601
253
10953
4704
25370
30493
4717
15517
799
29719
22698
13744
10958
24982
2756
14040
19252
22021
26833
13795
8378
698
27421
25855
936
21102
14028
25806
8679
19441
17857
23736
1547
3355
17855
28037
3985
29190
29390
12843
16484
15482
28897
17124
934
20393
26805
28292
20910
21533
27644
7690
21837
22510
25787
5749
30294
16184
5105
3289
27997
6348
25465
16561
17598
11046
3889
4215
27362
19872
26972
15474
14781
25061
15941
19408
6043
423
6950
18420
5405
13461
31815
16913
11390
17031
9834
22264
1563
30204
12135
9518
26163
25287
31252
26946
10219
1285
10599
13405
27029
19538
20191
28955
20017
26429
22559
10905
30772
25337
32733
18896
8585
29525
17914
15649
29910
30445
13042
15920
3072
2978
27255
10742
14321
18249
20825
7954
30105
26784
19113
22112
13362
5254
20510
27085
20681
29547
27063
32106
27386
17157
18594
32447
30459
12356
2397
28257
12508
3465
24859
26567
21772
14611
14953
23385
16928
18361
1297
11978
26576
18399
15679
14248
10050
12451
28130
17457
2188
20823
12885
9833
26996
21812
31551
30057
2425
12108
6840
30970
5912
705
23469
29538
8776
23349
10373
15742
6215
18817
1284
26897
11416
14506
24432
23900
21325
3857
31987
8687
12418
28649
1345
19390
8490
12526
29050
16503
16654
22612
25170
17427
4626
14078
8559
1196
10426
29425
21011
6286
494
5640
5370
8848
26106
29929
9094
4261
31961
567
9753
10414
30643
25098
18882
22418
29604
20892
22813
30353
31167
14149
23668
31445
16467
28329
1322
17226
4460
9520
26714
30896
31389
23222
19643
13295
10749
23172
4039
24234
7280
16511
26140
534
296
24224
31522
30733
30315
5796
13294
12894
918
31749
6502
3176
29794
21032
11686
23271
31078
15064
12451
11789
12765
10483
6158
31189
682
27491
15996
6292
24217
25680
3523
23504
25576
16532
10407
8022
29446
17264
22454
4743
8858
31357
15728
11251
13511
28133
5547
31529
29102
8402
1078
19660
2869
30247
14013
21738
28167
19823
24044
21386
9181
27666
16855
26500
11003
1743
30106
918
26365
32614
28220
14771
3795
10901
218
20638
15371
12870
3073
22456
32590
26631
20571
11543
7726
7098
15502
10711
24095
19086
12385
26805
194
14894
31521
23257
21866
21560
6467
7924
985
22000
30026
20107
29770
10294
12267
13715
30901
29621
13167
10301
6990
17758
5722
27411
13902
22293
4426
24900
14583
20649
3105
30012
15826
5386
1638
28536
22076
28598
24297
12185
12064
13941
16038
31671
29446
13126
10988
23031
3405
27289
703
10336
12980
4542
27514
26346
21280
18846
28857
26584
22681
29097
23413
23112
22421
9999
1137
25353
5241
17459
9685
14252
605
29789
28697
28638
7951
12206
26149
245
20571
13146
17591
6088
9866
18961
30980
17604
10281
30910
27298
11836
2828
25460
7333
15617
32402
32421
27145
30515
27433
24726
24912
32086
19221
18191
875
23976
110
9559
27102
12722
19560
20064
6176
14878
19416
3902
31808
27848
7411
19933
25294
10520
4696
32756
25081
1678
5969
3637
32757
29086
10581
30663
6304
2751
2770
18933
18020
31679
4906
16424
21087
14169
16379
8210
28609
22281
27556
9773
18038
2847
19717
5732
4358
20755
9350
17679
20921
25624
14938
11301
25342
7155
4613
24749
26381
11790
30491
31862
23244
1224
18251
20488
20463
8464
7581
28890
4708
14898
17144
30662
15598
4080
2023
953
272
8917
27548
21679
9772
18118
13366
4831
1004
17370
23615
5682
31713
31084
31097
16890
13930
14190
218
18657
9944
16895
3029
27935
6863
13120
731
4337
22767
12132
20770
11078
4788
7943
1445
29883
11675
25537
1388
24777
10119
15098
13069
14141
6754
17152
12147
25065
8967
22102
6110
17050
12128
12624
25899
9546
30667
5596
20566
8854
10179
24995
24637
1650
31164
19025
1190
3867
19022
13360
25220
6221
26262
22268
13686
1719
6618
9459
27281
1964
15979
10283
22623
31003
21968
18984
14375
3521
27680
14766
17519
413
19120
25300
8384
29348
15854
11610
28329
12727
29325
30012
13318
8146
11747
29063
30339
27526
25999
32108
12379
17065
31326
30611
614
19532
6768
11186
18258
32493
3734
31325
27696
9966
30463
13088
12851
12614
15124
21707
15797
3703
12448
10253
5755
16832
15924
26692
32058
28819
31946
28308
14938
1609
7336
4918
18937
16405
4487
14611
2355
13622
18933
14226
18593
12145
30200
5806
26655
26559
8436
20811
24531
31555
8910
4554
23147
11390
11346
7387
17573
17606
29394
24210
30229
10740
16144
19902
22307
31838
25439
6518
10323
20741
23812
21748
20169
23567
9442
5543
18956
8055
29527
14211
14090
29187
31585
15260
1116
29302
24837
29939
15308
15111
28401
30607
1300
26899
20320
32208
17897
19727
19518
14337
824
22208
23180
14892
26544
4526
29959
31794
4992
17878
2564
8218
6498
4255
159
29354
19672
2575
6420
23092
17845
19007
11373
10163
15584
25356
3934
32279
9813
8720
7277
17372
11372
11985
10581
21217
28766
22839
27565
23160
13317
11332
4293
10169
20707
6399
3281
18461
8294
19889
25929
14920
14698
3412
31375
8485
9984
6985
5331
11576
31854
3913
14388
12336
27255
9630
1063
3772
14812
24467
8733
1184
20258
2089
1888
28424
7062
28939
3646
4380
8079
31684
10858
1748
25075
17200
15519
23054
252
31024
18822
28126
16444
19618
6106
13349
14303
27537
31178
24933
2353
30120
17823
4819
15456
29421
16798
6830
11138
8876
1840
26320
7897
14000
8512
13699
32342
20153
27109
3221
15453
18475
27457
9903
24008
13828
18345
19170
17198
5392
27909
17027
5989
4192
6010
24889
1861
27128
26439
21332
9903
23496
3565
9824
9934
1246
22163
16378
16797
14041
3496
14051
32426
14241
3018
16979
13593
19285
26599
13200
28395
6789
5282
11710
4481
18594
27896
4089
28507
20146
29731
17825
10022
28232
19646
28917
29686
20660
11051
9188
21200
9847
18226
6943
8555
23290
4330
12147
6711
12415
11485
29014
20895
22615
31591
8896
6283
23381
12127
828
26666
26244
14329
8766
15086
20501
491
11191
30424
26779
21455
25319
19701
27771
18889
16242
12841
10653
13417
24759
21803
11624
24275
19293
13777
3822
29
9518
16782
10595
23544
25385
6457
23252
22163
7634
25615
6933
32700
32717
21500
32508
22857
683
16150
31692
23734
28164
29290
32500
1039
19654
8700
11770
23056
19660
6665
25266
21900
15539
5519
14259
1035
7145
24080
14603
18359
28934
6290
3378
11385
23136
25578
10813
6239
3289
11322
27476
23361
13564
22457
6758
24996
28233
12466
16923
3806
17612
12496
23563
635
29941
4504
12077
19680
23971
17975
29330
22318
22658
17022
2131
617
27799
13099
25800
16858
3865
2922
30202
13489
26243
2971
8027
751
17383
9558
7605
387
18053
24748
26465
25011
23964
9904
23737
28606
7296
5431
23759
9408
5357
16347
4704
4053
11163
582
3331
23169
6930
18349
31398
27728
6336
27546
5435
29113
20553
6127
6319
19016
10526
17448
21788
8701
2641
14816
12607
14831
4264
17046
12588
9268
27376
25266
21824
30469
20627
17859
25944
15134
18029
16395
31808
6500
9692
2365
26479
3018
6678
5253
12017
5493
1984
10697
22948
17951
4796
9263
16807
3257
13890
31199
3344
7508
9010
28938
7901
28225
22696
9771
5166
4215
10961
18316
8625
26422
11262
10764
25949
746
11255
6945
99
9042
16786
5145
3425
9441
4740
12965
18137
23909
19830
6807
29155
11238
2652
9451
24862
16337
1282
4
9196
23382
26087
9529
13791
5390
3407
18320
17006
23777
5268
8137
20717
18471
31165
14751
27836
26893
10577
9802
7614
13626
23150
14408
17676
16307
28949
11357
12779
18940
23240
25561
764
28801
6487
5145
10163
30260
28663
3920
5642
29558
26260
2696
2167
27707
5992
1251
22555
4457
31437
13351
18236
12674
9551
6777
20469
7299
11270
10601
19244
32524
8995
5679
965
30912
27336
17204
2581
29167
15901
25301
23450
29811
14496
14179
13033
3031
17852
5230
5095
28863
11934
1347
26684
899
14916
15539
16389
23070
5078
12822
2761
25927
27450
3984
23727
28893
995
21907
5102
904
9705
22437
29316
24990
9567
30308
43
14147
29665
15047
18569
11733
28780
13990
18855
28807
26994
20093
9892
25675
1326
20589
29355
5878
1078
31875
10274
10654
4687
25149
8228
14919
6532
14154
7730
4287
19322
2962
17445
4807
21758
32374
615
17267
28640
22873
22627
20948
18180
13151
31034
31444
24758
628
10424
16992
830
15761
25734
18381
18356
29754
11681
14708
20246
32588
1546
11168
19864
12021
30400
22187
24635
6660
12779
99
24737
29283
9562
5298
11040
737
4399
12671
2837
14901
30425
10703
16763
26432
29763
17456
22972
2707
24395
14423
16582
24881
13686
12296
21090
3222
13282
20278
20673
31736
11132
1900
31320
31436
25970
14955
12783
2188
11244
28693
27892
23992
19191
9097
23572
16923
7617
27536
525
6223
31756
568
11453
17027
7133
28606
1151
17532
15220
23729
9656
18138
10113
20309
30893
24477
29077
22598
15256
17383
27351
29277
29434
18179
14072
6615
13362
19111
2921
24244
32335
1142
28363
30302
5411
15561
3239
4235
4760
27311
29023
29540
8776
20787
16996
8935
6983
477
18090
6026
27715
26747
21337
18465
3536
17440
28870
2817
28413
12654
19361
4710
4139
10769
18032
2066
16415
7564
16187
3127
12117
1848
23945
7063
19863
9609
31884
8426
9679
13972
1433
13696
11290
24014
20187
21799
12829
5911
21063
2383
30108
23287
20690
20332
32072
22567
13794
16028
14297
26195
20227
12426
4445
5662
11228
29074
29392
615
14945
15398
24556
18122
29514
880
10050
16234
10947
20792
22666
30190
22885
15113
30008
24522
29029
12943
3920
20928
5131
13636
19066
19622
15206
8012
29529
1897
11327
9628
8473
23122
17483
15202
5447
28552
30884
26273
19942
23767
6266
18460
32191
2735
10246
23158
24312
3184
26560
11415
5096
19940
23506
6994
2602
14861
26572
20036
5104
16162
21145
31743
11162
21460
18098
14696
5512
25045
8849
22621
21548
14747
11625
6555
8803
29538
1044
13791
26629
24944
21069
588
23738
30620
11295
13325
19728
19473
7069
1851
13771
5456
14036
19713
10621
18804
20990
9470
13398
17082
8697
26090
12860
3392
25335
31101
19230
16909
22390
12172
2438
4946
13171
19574
16238
28143
18394
22206
11605
21561
578
26617
8082
22011
5335
1259
30183
18875
23191
16621
18777
11070
19394
12433
9279
17230
5771
28553
154
31930
12308
15813
164
2719
29081
30684
5548
17382
5612
28333
2336
22542
11041
25158
7148
16683
19594
9221
12290
5935
14566
9212
12346
10345
6357
28058
10845
31563
2447
22408
20348
7536
16342
27346
20103
25566
22313
17735
15643
136
8507
31522
666
4375
2467
15338
31105
2793
25045
16022
15094
10330
10577
14581
18593
15171
9754
26189
2237
2241
24938
24899
18543
4664
23716
21754
14422
28567
4746
18815
5987
7901
6320
3941
32747
27868
30000
3756
2810
23356
31904
31976
15851
10180
19521
16030
30261
22741
13433
30706
18312
29495
10116
4223
25
15641
102
11911
18234
12882
13860
27980
2605
3565
20275
21181
11066
3301
10545
18517
9983
20013
26835
6977
9224
29683
9759
18369
8351
27174
10459
5072
13029
30262
18757
15623
3874
29723
18692
15807
18522
25752
14431
28022
32545
12481
15277
116
29359
18107
17676
10925
10295
29635
5718
27114
7285
8049
8017
15140
13191
19518
3110
16176
23293
325
6165
4770
4659
326
30822
23787
19679
29424
29603
23236
25574
24160
30980
26576
2164
9189
19499
19324
27979
20486
6417
19755
6747
28870
1089
21392
7827
20518
2884
4954
5112
14316
18780
4375
10740
8867
29813
31314
10736
32227
9816
6655
10789
25042
17954
27674
25262
25067
9716
5258
22754
23294
10477
15691
21730
25208
1365
8140
21870
15077
30491
15766
30205
29107
30338
3119
31500
2617
18199
6206
30902
23032
29414
25583
18309
31264
1517
1177
15240
29270
7633
17311
20901
180
8656
18068
18225
8977
14071
674
20414
17795
17557
32556
23860
14883
7407
11186
11812
24080
7733
19701
5720
4023
24501
17756
13743
23121
16207
15511
4392
31404
25385
27266
16956
8495
932
2380
12401
5401
4494
13016
2348
7433
3225
11619
27078
20675
7691
27496
28643
14385
19384
17088
9215
23464
22317
7950
29258
10605
7471
13146
9654
21624
2404
28412
6478
4215
29263
14780
5065
20246
29058
15159
351
25214
3086
12677
32731
10523
16191
6936
28914
9891
17798
14311
1747
11860
10167
9676
32511
637
28276
7211
32603
3391
2025
2773
18819
5781
13755
8236
14434
7058
5946
31367
15360
10986
9182
2264
18330
27316
10737
24204
26104
11118
9609
32434
26619
11330
953
25184
24950
29831
9736
15954
26686
26251
14882
19413
18821
28560
14798
6371
10595
30996
10016
9104
16566
32598
22768
17573
11564
28949
27531
11658
1950
15515
10663
32105
13472
11770
413
12688
9046
662
23250
29975
28297
21987
24438
5059
5113
19312
3698
5163
13813
6693
10651
15641
6954
23753
21548
2611
24761
19398
30067
21467
4748
17457
13258
11859
7657
16389
7113
17445
21063
9135
18362
12226
25697
1232
6989
6249
10122
20030
26510
5706
28992
25932
2835
8684
23299
13387
25210
4812
22120
15952
7443
28999
18281
8248
18905
8121
6399
8938
12455
7911
32755
17116
19368
29082
24560
20697
29968
25485
1758
4097
7433
14217
12907
29969
7152
207
5098
27364
29890
11190
18017
16442
7121
31125
27357
8889
5564
29667
24329
19249
669
6813
16895
16164
27012
20968
15198
19334
22565
21240
14493
7361
10957
9264
5279
6140
4251
23691
23943
22941
8172
13882
11469
32012
3863
13455
17810
4538
25947
24857
27952
24931
14357
25617
12822
27536
18486
31732
5331
14943
5109
6258
18288
29830
12481
7303
30467
20630
378
3048
21377
19837
7392
10144
18900
21583
30796
15867
9261
10054
10910
12707
1180
16903
23414
31753
28126
3878
12967
12038
20086
5869
23528
14787
16895
2905
29389
29910
31936
21862
27382
14765
5505
1932
18567
2352
8605
22922
15575
1442
22361
4450
31597
17352
10868
32165
23336
14158
5887
25840
6077
15974
3695
3767
18279
4274
15089
18753
22745
5476
3325
4340
11640
25764
18222
15571
9159
30770
31825
21573
9762
20300
13244
29208
4528
2514
10209
22725
2451
16040
21282
7158
2657
4444
16103
837
20952
19208
18670
2631
28365
31354
21219
8649
3430
24467
4145
5721
21385
9709
26135
16393
24980
12992
4606
24431
19279
2567
2570
19440
7455
3806
19439
22335
16764
9007
3590
2592
23204
27277
1696
7794
25745
13408
15770
23148
13097
20803
7217
12583
8374
22442
12056
19548
149
7112
20168
25456
10802
24240
8728
941
12340
30906
12045
11731
6132
808
28147
27855
9524
17673
4780
18890
3598
26462
73
16741
11050
13436
6871
7747
30772
26289
27515
23753
30861
18986
19138
31777
21569
13844
1330
24709
16698
8450
11813
10938
3251
21647
5335
10458
22767
1092
4029
17495
25386
19388
4632
4413
26064
22533
16331
25271
27373
16458
29545
2261
8932
20911
27283
7052
4965
21117
3201
30463
12953
127
32478
19708
17055
20140
31961
28618
316
9733
9337
14882
32718
11713
11824
14459
14210
24232
17076
30603
11719
26045
25354
7178
15619
6687
5859
10169
21892
2609
21804
4003
19129
25593
23265
1954
162
15558
25634
10022
3461
31766
31624
19250
9187
28086
21433
22951
22698
16171
24378
18885
6572
27729
6789
5615
26704
24386
15452
31406
11399
18297
16476
9977
13314
27704
32725
16820
12707
32294
19673
26742
20785
11325
17299
2959
13135
32739
17882
19274
26031
17495
21766
14959
11139
32079
15875
10764
10804
12512
19364
25205
20055
2205
29497
28042
31965
3587
12131
22072
25737
1557
32039
323
936
12355
12098
834
13820
27792
3004
6123
24313
3316
26560
7824
1076
22015
13739
16362
27672
29376
14691
8470
5338
24549
22250
18397
6064
4643
12083
5176
19518
23513
32564
29459
16465
22000
30012
11858
22480
20485
28807
32274
10480
3018
24336
16177
26790
18345
11686
29456
31586
23723
32322
27799
32250
29593
6296
20090
23268
5473
18668
16059
16297
6842
8487
29553
1686
16139
20522
31943
26805
23177
866
28743
3068
1952
1692
22873
16835
14229
5659
4870
2428
31337
5864
28418
11166
32256
10602
19946
226
2179
18998
3274
14770
29186
29992
27618
14814
24926
32435
21162
23698
20582
6005
5395
13445
6976
11791
7696
7282
7947
9011
9045
11212
11202
1023
18014
25518
19811
16009
18100
10257
12369
1211
10604
22849
9463
20833
31216
8594
1711
17280
2050
19278
2530
17385
18173
13043
13680
10511
12894
10651
2898
19734
23428
23484
9342
18988
1204
4113
17418
20764
28000
21208
9621
20000
13225
24894
2787
20471
28450
26904
19655
25912
26839
28883
29510
25574
5262
31662
6393
20292
12108
15910
7603
20459
10011
30386
27748
29209
12299
16049
22589
7756
10871
26529
21781
16
16009
14481
3852
20245
20736
8153
9582
11908
13617
11528
3290
5779
16460
26398
23715
31832
8673
21244
2934
11226
9635
15896
24381
2158
17003
8565
5188
10049
6784
12499
32666
30769
20757
27171
12475
28897
22803
14653
22123
28172
8473
981
27365
16153
16577
12715
27445
4080
2854
1283
7651
9485
10915
22357
11473
7634
10717
3653
5734
12578
3587
23765
14828
6187
26196
9434
823
7043
29922
3245
31112
30327
21654
7458
13745
1184
16501
31678
889
28087
24609
5412
12865
17321
15779
19409
22760
18158
18535
32521
4333
17687
2440
32273
27859
17831
27983
15263
11722
31012
17910
21903
31883
7790
27569
17623
10628
21071
7663
18877
14389
32082
2524
26696
14810
21465
6699
2292
15178
7274
29716
4521
18975
12362
17816
2798
21783
27213
18700
9563
27578
30700
8661
13132
8509
16536
30321
27357
5799
22350
27575
1042
28722
10860
25951
1877
14836
26051
12228
24614
32702
15085
30441
2062
7237
992
11962
24020
895
29636
20629
31988
3152
18946
4617
10573
32102
15262
30942
8986
24930
1734
28757
30499
26168
25771
17328
7989
19416
19855
8693
1743
9742
17183
3824
18462
30118
5380
25975
13611
23765
21429
20210
340
29396
25999
21530
7929
31438
29223
27392
9591
508
6111
9809
21338
10511
8119
27097
206
7374
9062
18503
5719
512
22954
28208
23490
22668
31964
15958
13148
6623
32711
809
5473
5774
1210
22926
24503
22332
19164
14560
19932
1215
1472
15412
11550
7038
21305
4322
8458
28189
17264
11841
3110
15197
10035
15025
28899
23357
6288
16863
24269
18278
29091
8260
16389
709
9644
18415
6897
9338
12388
17029
7218
2545
3986
5254
31958
29774
31449
26065
6351
5391
19924
4971
18852
19948
22629
3708
22887
10242
2377
11418
8679
17969
9968
19786
11302
22211
2700
30916
25614
18510
4457
23543
13407
17883
14460
17869
7916
15943
5694
2480
9479
31466
9915
27469
5178
2423
7653
30616
2872
32035
13359
28432
19218
19210
8535
9540
10414
17870
14723
31126
12918
31873
24720
19775
24141
197
18343
6803
21447
22577
10513
4486
9881
7415
30284
23920
5454
4548
11358
30733
8252
11496
17001
11720
3255
24247
26240
14137
10372
5935
31929
3052
24976
20187
5251
21092
1506
5878
18490
4447
16335
29908
15097
1628
8813
3198
10416
17755
23114
24221
15478
1508
22109
7577
8480
16714
32060
24065
18
1585
17040
9774
25173
9550
12486
8483
10218
7022
15112
30904
2398
23738
27500
6904
22431
25913
16747
28359
28174
12950
21652
15304
2773
2852
3969
18813
379
13855
5899
31152
31670
2357
12730
25106
15488
28484
17279
10531
6508
19558
12710
10833
7739
25387
17158
9572
3754
7973
20603
32025
14991
26794
22934
18701
22564
26069
20882
16093
22691
19662
14474
13964
27411
11083
21738
20005
8545
18263
8484
28833
27570
32083
16804
17418
24056
16186
5893
17121
29635
6441
16517
1214
18011
24350
8886
31286
26891
26623
18039
8193
24511
31199
9251
27996
25554
19326
12040
429
27425
16142
13595
21862
9572
14909
26345
29227
25534
16239
7121
30263
7826
11339
9841
26364
3481
16762
19806
5897
1585
22443
15384
9009
5112
26075
61
19178
32666
15571
26364
10227
14311
7154
20173
2362
20777
812
16735
29948
3764
26195
27090
5678
10942
9621
15143
6428
20593
28487
23285
15184
31807
28385
9309
4789
13942
27977
22335
20476
23572
18004
18350
63
27100
22410
8610
4580
32169
19497
5357
8389
515
27245
32113
19853
14320
17935
23439
9317
4876
31755
12515
22225
7132
23463
5422
19668
19552
8369
6035
20827
6887
8968
16391
24025
10023
8030
17667
18734
15757
32059
18811
24013
9426
13893
14100
6942
27087
17088
2194
9761
7570
12113
6287
11605
14769
16391
18547
17368
7902
17563
5024
30671
25020
503
25325
10248
23026
21750
13398
23774
10109
29291
27378
10333
8778
26724
23333
20903
26628
17584
26390
20374
31787
1182
16227
22179
11878
12808
7188
32263
15130
20880
462
16416
23099
1578
26441
23061
12386
3547
20228
20157
22048
31680
10552
4285
27027
21329
4618
6129
24118
26855
16388
26126
32509
11132
14022
16005
22178
15282
4601
5546
29241
29719
31877
31509
12811
18088
10244
840
7329
5012
22646
29843
26655
23874
22582
15157
11732
32148
26669
26820
31758
16494
69
17103
14899
1906
29728
9409
4877
23310
20491
14600
22886
3257
557
19831
6869
20089
9220
18153
21719
25513
30739
30760
33
20217
28628
24589
26165
8630
19956
4840
30004
20556
14527
21281
1523
12297
20698
7456
18512
547
8240
10859
18887
12285
29998
12302
19008
7334
32307
23616
21291
12194
14658
22339
17615
31982
3067
19340
19935
11838
6089
14628
335
4489
7772
6222
32357
28871
2650
3946
24339
5882
28753
16409
24708
9835
7153
28578
31221
9270
32120
3733
21958
23816
2925
25518
24785
1832
27793
24059
25594
17844
32275
21057
23559
28974
2563
10141
947
18743
16905
14183
17405
29593
21079
25691
32454
27787
8412
11515
26523
19505
3258
15663
24272
1379
16891
17199
718
431
30079
2978
27565
16033
7481
10504
17670
20545
30876
10837
14850
27870
32079
9438
26551
26122
31784
5497
18869
13030
4696
23776
21723
28576
15075
23383
13424
30265
5204
28559
23919
29836
11950
23753
27681
9100
30117
23614
32753
973
2830
23999
2429
17222
9621
15257
16105
12373
18350
26043
10872
24067
25294
18459
1885
23946
15066
28757
24782
12564
7648
13973
10075
23494
17413
28088
12414
13053
27582
24238
21619
21719
1603
4899
7753
26614
2113
13150
16954
2176
13007
31593
20024
1642
26788
2930
18632
22775
25479
6001
12819
27515
24070
14859
6970
10085
1387
28342
18411
24444
18412
30495
3634
105
21282
12233
26769
10870
22205
6134
28242
6293
24437
4298
9756
30884
24132
6062
26309
6383
12242
32755
14951
3831
14385
28599
30646
15218
26314
9229
1424
20370
13975
16472
31958
14218
32403
11512
7291
3663
9839
18729
17370
32411
4999
29735
26445
13624
25108
12695
13051
18555
16035
27938
20465
14607
29638
8547
32629
28659
9
26115
150
24006
18471
10530
29704
8003
14718
6137
12847
19208
28865
31422
18298
19611
14573
1992
2802
28846
30334
29172
787
1698
21218
13895
3290
15179
15406
27861
31007
4339
3344
8417
5157
6305
28932
29765
19312
20635
22731
4629
26070
19497
4890
13439
473
2204
23951
16885
20020
5007
488
17807
12468
26221
21367
18090
20297
6963
8401
17366
12125
24183
28103
21743
24420
17066
2455
14473
24245
22682
21859
20625
14232
12602
20193
21042
32672
11430
13141
11510
12859
14946
20156
27950
6535
28386
19274
7571
14695
4688
5399
27693
28887
3209
9750
5748
17788
21097
20038
24758
3455
14408
19500
7352
27548
19908
18816
928
20854
9921
4135
26386
31790
13743
2913
32154
7987
6924
26948
20042
12636
3625
28777
32676
4148
17200
24037
3514
28053
29286
24442
11155
15224
25774
32271
21457
2571
10575
3166
19601
3076
22774
28141
8851
13621
2559
19007
24475
10081
23024
75
22
24911
12358
28205
27649
25628
7797
24860
30471
17109
298
16796
11241
20550
18131
20468
26403
24332
32609
1251
1229
18418
6476
27279
9663
10874
28632
446
20472
7097
3736
1864
28225
14184
20016
11725
29453
18233
11870
8099
8868
29799
4412
23826
18560
14225
15295
19140
23543
31432
16260
1143
22555
8679
12748
18421
19167
27938
21445
3142
24443
27106
4107
6436
26641
26065
29038
12975
10896
6192
30454
11618
29913
30065
26916
32326
15392
24834
5243
7013
19349
12647
3391
16514
17988
14987
24701
27655
58
21080
22091
10303
29418
901
10577
29893
20687
25263
22408
25661
31826
14764
28738
16961
26093
32028
875
21918
5521
16448
5646
4801
25413
6928
16410
21100
8977
13959
22375
24750
18458
29506
19444
30737
17166
24137
6515
32021
8130
26669
29191
3549
9754
4691
1612
14889
554
1679
3736
30596
14234
19700
31104
9663
25679
5099
25502
14237
5703
16003
15506
21456
14533
11528
15687
548
23727
29655
4984
14587
24628
29808
26226
24313
14769
3277
6427
5376
27094
20723
27955
23647
22789
710
27610
27974
9210
15393
14162
20862
7089
32550
10759
5974
31876
8403
26316
12513
8341
16854
15976
21342
12651
18851
3665
27384
7392
6083
31927
30384
20794
24431
13764
24727
1176
24925
3619
9792
2960
30682
11967
25973
790
10521
11725
8489
20895
13259
14604
21166
17287
18927
13643
6952
18096
28140
30509
10562
2413
9693
31017
10015
158
31020
13012
17556
6428
27746
30051
12692
6231
28477
29035
7403
28733
28932
18924
2863
2654
3863
22670
6644
20046
4554
1834
832
26443
11123
25228
30015
3360
11714
19064
4663
21577
10577
25322
11453
18776
11132
10914
5162
23448
3699
23264
1353
23279
3981
29805
4946
3337
8160
7642
7452
7602
8974
14092
8846
28292
4193
17913
3671
2499
10779
8364
18398
15493
16135
30863
8572
7190
10836
10985
30442
31386
1443
31398
4085
3828
16735
5975
7033
21479
5965
5497
22156
25211
2916
15354
13306
19363
28382
19193
6130
13596
6543
8142
31742
15768
19830
23114
3896
27676
30866
26431
9916
11943
18678
5187
4697
11284
18208
4274
10636
27969
27271
32754
9390
8561
23667
251
5740
495
23825
20246
6520
6389
32455
24548
1662
28619
11205
8867
18010
26675
10717
17581
5256
17669
4244
8001
17883
9751
25977
12934
26482
31583
21173
20941
18921
13148
11236
25879
19660
10417
13603
25559
32337
4884
24682
27897
25414
32614
29981
8226
31560
4899
21981
7226
21814
7933
22692
18216
18405
17604
25873
17116
8981
13449
19712
13203
27812
17667
4958
15190
32258
27442
5436
20164
5605
21825
18721
18194
12862
11441
2213
21840
18027
17332
6203
15086
8622
12759
24911
27518
6622
9188
4753
31675
20060
25351
6800
459
5961
22319
12426
19137
29942
2231
24450
2406
5020
25926
18324
25145
14158
19444
2438
30900
9259
9390
4255
25041
22232
1755
11964
8141
8494
13119
16032
2860
32559
25888
16524
19709
14399
16040
9487
20063
8337
21643
14880
16708
3807
7402
28266
9845
23134
17782
24295
29911
29937
13528
25264
17900
30108
15185
2324
11164
10044
13981
15847
4918
28534
11550
2076
22962
8686
9270
5783
30009
5049
13813
3900
22503
788
10740
21580
28623
10070
5504
13297
26687
32035
18171
13847
4166
8931
128
31870
2676
22898
17862
26893
10721
32025
16711
32362
8304
2750
1185
11975
25173
1367
10300
3327
25301
20389
3629
5089
3661
19998
19546
30667
9590
25899
479
13948
24039
10131
7089
22819
27612
18743
19585
7355
22837
10753
15332
29851
19906
3351
12464
6985
11453
20564
15017
9616
11160
14328
8029
19410
17914
8862
3660
23967
13060
14703
24652
4997
16344
28822
26156
13098
13148
27635
2712
14745
7995
7188
19260
32730
16941
10081
19757
3525
24441
29590
4228
3863
12216
25463
1868
7878
20187
7359
5022
23698
19311
27225
12554
221
15136
3794
19769
25276
30844
6927
5073
9294
28154
7483
12697
31053
4667
15364
21214
15330
31119
4615
24853
17342
8379
23944
17345
13158
21754
22631
10391
12238
23873
19535
5856
13866
18631
14129
21024
1025
1733
5105
20469
17795
11130
7007
17729
32284
1651
4456
3723
24393
28169
29326
30627
427
25643
5525
9861
13402
30814
5503
11648
22139
2817
6075
2200
28437
21974
17050
2600
30496
23998
30722
31436
2527
12740
10342
28797
28528
7005
20981
8446
13730
9198
18
13176
19206
5007
24325
21857
20553
19727
14320
5793
5056
11064
26884
20728
27461
17236
11764
7834
24642
12528
19626
9245
25099
20191
31290
12693
29297
386
3092
32510
148
30279
18813
2010
26104
31856
28992
18970
14811
23318
18336
27714
28358
18541
16530
3785
28259
26185
6697
19646
10126
26593
31570
12210
17070
17619
27329
6865
28742
7529
12843
29010
1479
13339
438
31762
23721
8277
26542
21115
10169
7802
28793
19115
12981
8488
717
13522
16406
1982
19488
26076
31021
7707
20832
21841
9329
18857
30693
21113
5656
1947
6820
5315
3812
8306
32677
11111
32064
13510
16823
4171
21643
1859
610
25124
28340
10226
30749
2525
11271
25785
11457
20284
17734
8998
62
8387
1020
1896
17292
4820
21774
3230
32741
23065
27027
29269
15922
17699
23013
9035
25283
31057
32504
31097
28994
30452
30187
849
19690
10416
477
11845
18676
550
16386
31368
7506
29135
25078
7192
5024
10795
25169
11516
88
1564
26491
21706
23621
3212
18626
2413
4666
22358
27049
19749
21763
24932
24451
3535
4508
21
5441
2407
20897
3041
24969
23499
8710
31807
17160
6594
21000
31430
14088
7484
7779
12691
24133
26332
7366
22764
25596
14515
31620
18466
23366
20047
27020
3516
1700
22004
15003
21201
15835
3881
7088
3510
26114
12918
27585
18394
12249
1645
3244
31469
4188
17895
16496
18760
10136
15248
26269
5513
2494
13990
11785
15741
7798
15613
3781
31812
2677
7751
8271
14255
22354
19602
8201
15597
19861
7698
15338
12391
13586
23585
30068
13544
28533
17284
12518
3585
8477
23024
17586
16812
23598
15564
7473
32047
481
19769
18582
16707
19999
23888
32545
6518
16719
17066
31637
25294
23660
29222
14315
26031
25434
2278
25160
18174
6522
26267
7725
5255
11388
15619
26093
28828
16756
14512
8293
8447
22576
9994
16103
1283
30921
15767
30583
14061
24441
26234
28474
23712
6828
13882
26923
27514
20314
28357
19728
25465
6035
13237
6829
17826
12124
21457
7479
18851
25529
19415
29451
5815
30731
26233
15776
970
30108
7589
3514
8926
6521
8457
24545
7085
21632
9687
15634
6543
4537
25541
21428
20639
14058
25433
7373
24089
4965
355
24950
2055
12581
19403
13453
8221
15385
7052
13481
3553
29632
4097
10835
17423
23286
20320
22131
9531
6670
12420
1288
7096
18208
12783
14364
26809
2212
25103
32504
28342
17984
7360
19860
31505
23519
16915
26705
21242
771
19021
14314
1936
26204
23347
6568
21832
5017
17029
32726
4755
16254
31177
30325
29115
4151
5961
24625
6670
25068
20575
32659
23615
14741
28912
8311
1545
23056
27703
30145
6421
12144
27332
32588
26910
1177
31172
3107
25939
14090
16258
11508
4349
23801
22830
10945
28513
4517
17886
21977
26344
23528
722
16647
24445
25355
15612
15625
8247
26079
15295
10307
12344
10249
26872
26293
16085
18846
6715
5675
22263
15600
32607
21171
25024
20135
23100
8020
15474
29715
25523
18173
25997
21440
495
18876
1336
15435
13291
10800
21730
32117
22068
12097
10793
22390
9457
28174
10491
29844
7968
12327
24827
8435
12066
2557
23078
13487
15482
13719
21686
25640
2770
1414
16454
27293
2622
1050
11832
17149
31941
4822
17236
25337
5406
7714
27825
11358
29367
14656
23513
2210
7932
13953
3624
25276
28629
4025
25461
29497
29552
13040
2037
4749
18754
1882
13659
1447
3144
16010
3908
30920
12947
17890
7891
7316
1539
27726
12696
6506
6739
4146
8119
19697
25685
27040
15686
1523
22143
17615
31478
12911
9895
16584
31222
13289
8459
26211
5908
19973
11412
11122
12582
25428
25692
13884
11944
29806
27245
29997
1702
5441
22476
24267
20701
19624
28086
28140
8477
4672
27689
11814
12785
24183
12710
27784
8834
229
2102
24711
19385
12512
17323
24891
28836
3146
5416
31436
19995
30894
14307
30759
19875
6795
23338
13557
24466
22256
28068
19405
16500
4937
11738
29864
11694
10105
9205
10134
19809
13865
26825
22448
19857
24415
24083
23118
32391
338
15359
20090
27763
31613
6126
6308
15446
10226
18549
18071
20511
32497
19113
28587
30228
6329
3226
25916
10100
414
16669
18268
6747
5212
8399
20933
10981
20139
15446
29969
24470
21523
17386
4142
3322
4866
26645
24076
23688
16412
14262
27544
15052
7122
8012
10734
28870
13878
28017
28874
27789
9485
165
1344
32055
24614
589
30894
1533
14315
21243
29678
27803
6710
3056
17104
18166
6502
14816
13255
3073
27057
13557
8162
19425
18620
14870
12030
13136
872
10600
11323
24127
3567
3605
32428
15807
25137
21325
6739
5409
6216
19083
32076
21084
28002
26394
3400
17840
11472
21207
26941
31881
12122
16440
860
17318
25814
7565
5956
5242
7161
3462
20597
29139
31852
18678
13575
30649
26402
19926
10396
8857
12522
32653
7059
4515
27456
7279
14974
18544
12137
11395
12758
13288
8127
19849
23022
30307
4937
59
24358
16142
8078
23252
14945
12433
29867
17615
3513
6894
16292
8177
14705
3244
1784
649
15658
32566
13688
26359
14682
8830
18264
29803
9467
3045
19847
17647
2944
19551
15164
19624
26381
12754
12754
18008
27367
14272
16085
18728
21034
27430
16477
27557
1722
17828
25498
6152
13435
17373
29105
30138
7365
15137
24262
3095
15890
12874
20314
627
9210
16867
2008
8538
29538
16272
31338
31004
1776
14505
26385
20873
12226
41
16885
18170
28255
21447
21498
14481
14317
23650
18835
27585
7077
3490
9179
2320
23685
10461
16354
22043
21316
26423
26692
20699
11403
3854
9473
4136
22370
30869
15752
3451
14313
17854
8469
15352
29256
20830
10557
4268
25064
6540
27336
24595
4324
10569
2238
13533
17338
17767
15812
1009
27975
24739
4009
25011
7922
6933
24893
7298
18727
20682
22114
24709
24583
31663
15973
18600
14429
27824
30862
225
12500
8226
1781
23992
31592
12638
17304
3334
6939
12719
27563
17405
27113
26223
29999
3688
15101
12908
25286
9012
27941
11921
2502
25136
388
13762
32396
24337
2695
26631
6931
7609
1818
26861
21445
25529
32283
23849
20112
17172
28174
27519
28733
16966
25875
17634
21501
17796
21782
30685
24901
7494
30790
4913
29660
24067
22984
23488
18995
25915
22188
6569
11764
12219
11040
16565
2781
25885
24547
30706
26575
15502
11261
17565
30242
7892
7854
23621
11068
10639
9636
25134
6242
30654
17264
5108
29901
21382
2619
10608
3585
13615
11957
27615
4698
13168
18255
18497
27112
18668
2986
24832
4477
4860
10319
25298
11267
28079
31392
8416
15891
4367
18703
15400
18372
5030
19341
23072
12481
30273
6213
11932
15007
7412
18571
23793
28013
22878
27151
29787
12940
27182
4183
2972
4545
5094
6764
16358
17544
14048
211
6907
5035
1678
16318
9363
13076
17925
12676
8958
4063
11709
27983
20234
17588
24210
32276
32551
10324
1551
1481
3529
10865
6124
8402
32526
29379
16597
7612
10657
30296
30318
23853
26334
30508
18579
28187
3639
8697
22500
14909
16342
15952
5505
22207
17027
9449
12306
19770
30921
28728
21003
28899
12628
6976
5422
5123
22174
684
20305
12711
16843
31772
7265
24472
13521
30653
18855
7309
16347
24604
1610
20128
5616
11324
32021
1535
5327
22502
15227
22500
1054
13888
2520
26055
20420
21153
6394
25810
16788
21412
10464
14741
32299
5243
3265
31739
18715
26758
12369
30588
21577
15652
575
31637
7827
3530
26626
4213
9654
24146
7893
25594
28527
12181
11776
731
11745
8763
20058
12839
823
15314
27404
31982
10378
542
8087
19005
31749
24752
22297
3920
14919
3258
28876
29188
26376
23330
3535
28555
10496
15573
27689
23395
7428
21854
29451
19081
25715
24503
21589
16106
29392
21855
26460
10010
24240
2988
8426
1608
14807
15203
19591
22642
13470
9862
27383
1749
4248
20589
23044
168
9844
31768
10622
19465
805
25796
16767
9016
24641
25788
15859
29187
31655
32370
9048
18305
4709
31694
20675
4099
729
6086
21284
11080
23062
26159
32202
13040
20616
28115
27690
1331
31196
10435
20700
26579
11290
24303
13798
22351
25108
3827
4669
22106
7428
22836
22665
20875
2417
8492
25385
27478
27474
22786
24951
17467
5494
11102
10829
4925
28707
30587
6088
8854
21246
21374
20555
1193
13866
2310
8391
5432
32436
16388
19514
6871
27183
19405
29814
7329
23963
20077
36
16425
7052
9790
8712
17332
9608
22970
25991
26789
19632
30094
25702
25144
13730
4335
2516
7283
21407
27697
1707
28506
7913
23958
23283
4707
2671
100
6312
25641
31916
23098
17340
23140
20429
27299
29536
11801
7442
22764
6272
6158
22390
13363
3468
12673
31122
31169
21374
19737
19135
21914
8217
23581
32635
20817
8558
13284
14606
25889
6821
18317
10349
7994
15866
10736
22622
21849
26630
27603
25309
5275
8256
10850
5566
17299
707
25049
19093
10906
30546
22660
30163
22118
22937
13801
12593
2271
30389
6724
17746
11309
1015
18995
30371
31766
29413
17075
6535
22919
18050
18763
12721
31856
19920
19591
8400
30677
26514
10408
10354
17443
13142
9370
17186
17344
21427
15142
6356
30181
9680
1129
4740
19376
4645
21381
20761
21365
23174
23702
2959
11862
2397
30440
6229
1043
26167
20327
9716
26915
4994
8022
26354
27395
14740
15172
13558
14030
25328
3644
28460
3598
28101
21821
6123
32209
14008
12009
30102
3072
24803
21377
15040
20205
24350
2321
31123
9003
8829
10216
26226
29602
4634
17227
11741
18402
12308
19051
24981
3256
4055
13716
16641
19199
414
5030
24785
16569
5943
3017
30177
4191
26118
10077
18272
31349
10829
30768
3121
21856
12203
28404
14225
14204
8930
30192
30971
1898
12509
9205
29512
26279
5873
7060
28443
10851
2147
27278
3196
22160
3370
32140
14275
20281
15863
31760
26040
13333
371
8364
23288
6748
11975
24946
667
6361
14690
31915
6163
23105
18934
15820
10327
10691
26820
3749
11842
11744
7450
10460
20021
17789
9754
31642
29956
15158
12476
6532
24080
17142
12055
17133
17584
30148
13532
24649
17622
16352
32035
229
12015
29967
32106
12758
21258
32563
10714
16688
1853
23326
20173
16760
27972
22440
9102
24923
15212
19199
31327
27551
3248
12863
12737
859
31777
28483
19183
28771
3979
6330
18860
4103
13653
4221
16702
15869
22953
21536
12987
18843
22229
15302
8323
19273
17649
6970
31502
28215
27842
31036
19176
587
25055
20761
15353
27230
2066
4735
28170
15015
2049
21390
11909
7031
30478
26930
32636
17447
13947
22961
4077
8783
19922
23936
2373
313
17540
25179
22050
17814
16080
17556
18013
4463
25062
12972
13384
25694
17229
28448
3892
3069
26498
25733
28471
30879
5090
16343
5676
19006
30665
1295
506
10677
28924
20979
29722
16943
28484
17202
4691
28384
15196
12208
1224
28915
9485
11807
13621
16835
23704
6351
4982
21837
31572
967
841
24806
32664
22804
22356
31273
16347
3937
32106
8756
6426
11976
16394
4372
23675
6120
16680
21885
16431
16696
4656
7358
22428
24218
3401
14069
22204
10036
21463
11135
9408
11643
5699
29107
506
32144
2302
8656
17657
30160
10947
12851
29430
3495
16413
5326
14191
32420
10282
18645
32529
979
28318
13498
14811
9031
16138
23644
2177
13814
7519
18300
22798
8650
1966
11376
14030
31220
25905
13083
20843
31108
26255
25628
32598
3126
15196
6214
16232
22927
16607
31824
32202
1577
3609
31950
8210
8012
258
11872
7342
25789
12566
1578
8582
25819
27408
30340
3549
7911
6646
17394
17272
8100
16725
9814
4867
19488
27854
2660
18352
20177
14545
1879
5665
23267
22697
23778
29320
14801
15801
3434
4621
22323
17413
26738
7024
16087
2036
6487
19183
16658
18772
3645
3434
12632
32670
19273
22213
29451
891
32273
14222
18577
29064
25936
30175
6313
10838
24799
11654
7679
5046
15840
15204
13566
32563
4924
30739
15333
23007
16977
1484
14621
2387
28644
13703
15306
6641
2397
18275
10912
8812
10803
2633
29943
139
30117
7884
23074
21289
14507
24916
15101
21889
26668
16252
10694
32680
20337
31928
11310
4187
730
10811
25519
25595
27343
22040
4127
15574
31482
13735
8326
24744
27059
20266
17965
12130
31676
26288
15863
5929
14383
12858
17396
2466
6324
6429
25908
22125
2551
679
9177
3823
20570
30725
8560
22357
9447
7524
17282
18645
7816
18007
1637
18743
15226
10617
29272
31637
7935
30547
26320
11871
22355
22656
12300
27297
16354
5902
6895
2185
21432
30504
31503
27940
1081
754
22282
21864
26642
19893
12057
21111
22127
29244
4583
23330
17007
20606
29603
5804
27348
20093
31571
17617
12800
8301
14956
26375
12829
23577
672
3844
24987
23427
19960
30336
23519
13002
27938
17468
8761
15697
28684
8771
26903
1566
31922
2416
17785
3968
2100
26160
20133
15861
9771
31369
2076
27210
25149
8540
10188
24324
22511
22247
3207
17663
31931
10893
30900
17237
20579
32218
25925
22145
26500
13506
233
8901
1134
15145
12162
17865
12851
937
7641
27524
5630
25487
15760
10847
27302
28710
15705
27288
23171
16697
20838
23781
11137
15571
24609
17499
29042
20553
26396
6029
15017
14970
11339
15608
27332
19286
3953
26271
14281
15517
4056
20722
32117
2025
23109
26868
23248
24047
29483
7581
19973
8962
20767
24701
17009
5337
31628
6563
17658
32145
424
4797
21154
6133
23974
7553
30043
2302
6190
31051
8990
4758
16394
15367
4919
25505
2594
16977
32227
10558
11690
27355
31260
17738
20634
8463
28084
20007
6238
31478
17313
15291
13007
28249
23704
26043
27491
24870
28125
14121
8352
6420
16985
15131
11735
20106
4589
26303
7438
26302
25350
17564
13630
6426
10865
25882
14527
995
7537
14405
26624
29724
27151
13518
7291
25768
18866
28754
4072
30896
8687
3295
9137
30020
10146
8117
15527
32325
14398
30025
1779
6786
23905
22160
13903
17185
11948
13177
5750
577
1489
22204
32728
25821
14573
1746
1171
17395
20249
14404
27039
10470
25403
13609
16456
20770
10531
24042
13282
5374
18643
26441
24504
13798
1053
14754
16709
22457
23156
21872
6823
10608
7932
24850
22864
257
13539
17360
21759
28290
26100
29209
31470
2706
1897
20238
14669
1013
24833
18245
16112
12414
2643
2246
25413
9522
12898
31834
19080
6570
1393
25606
6714
6841
9497
17106
20943
20559
26264
29134
7079
23197
19308
1623
10815
2682
26657
28055
30121
30982
11623
24907
27961
17037
18279
6601
29058
26798
1879
24897
10880
8124
2892
27715
3607
2916
6224
7041
10940
11920
23221
2775
2675
4748
169
4488
16889
26983
25354
6091
66
12189
12411
25990
12838
4338
20151
20057
3671
5281
26149
24286
7574
21686
19373
28463
4902
17593
15563
16041
2433
19340
8673
31984
30539
13462
19154
25651
28804
15394
22988
18610
2049
15105
20581
16765
25885
13687
29418
20094
25004
20821
30195
8121
17456
30562
10811
25043
27216
9215
6831
13265
30597
11019
20677
10787
23575
29445
13071
737
18504
27504
12816
28500
24526
17020
14158
5816
16775
7650
2728
13888
14185
23312
8682
603
8888
6790
3743
11574
30843
6784
32295
13954
25136
9429
9
26743
22207
5151
1674
9753
16301
13340
21886
28346
32402
340
21342
15040
26317
3068
28827
5544
32630
539
6450
6475
8596
9451
25729
11872
18064
11650
30552
13891
6890
25777
19540
501
10539
29229
22120
14947
12571
9964
12733
7659
32563
18130
22204
14108
22613
5517
873
28861
19899
10942
20210
11025
3374
20825
7047
13914
376
30286
23149
22172
22299
27241
22094
13475
14659
31606
30676
24647
23290
10410
14454
18415
8347
30270
14225
18772
32137
9309
9658
16264
23072
19776
31315
12854
5612
11928
10076
2603
31257
8748
16268
28437
12331
2499
17056
12939
4336
12868
1012
27726
24498
29212
24400
11215
17840
1760
12292
25329
8656
30259
15927
28175
142
30187
5756
23873
20536
8047
32678
25307
9565
29283
734
2871
9091
27272
14834
8629
24088
11485
22512
26367
17835
4107
8180
31890
30044
1023
15934
10618
29841
7385
14215
23644
16619
17669
25237
3770
13433
23207
8206
28019
7211
15421
17546
27273
4745
2176
26859
7207
29348
5514
5361
3299
30541
25406
30729
24896
23174
3301
9318
30327
2358
32277
83
24183
16161
28375
25032
23850
7958
27400
2107
19194
7018
26880
26808
148
17062
13170
52
12267
17533
10899
8223
20096
17153
8319
26936
29922
17430
21720
26789
22384
22310
21424
2883
15462
17174
15273
23355
4888
20601
12122
15318
4216
1028
30197
6034
29918
23874
3879
13429
24329
28041
15936
8865
20577
23341
20628
31017
18046
9459
8993
21795
3566
14793
11122
20222
12851
14516
1987
23062
12044
27913
23141
17030
18166
23264
29796
15677
8945
28614
4968
15957
8071
11186
14041
2464
27403
22075
20550
12675
22815
5127
21256
30727
3960
28807
26402
17965
28646
12257
17260
11650
25486
32046
29425
10228
27514
18662
2453
2532
6741
27544
3067
23164
23407
24799
3749
1603
11016
11921
20573
8174
9162
19513
21460
9082
1431
7880
15498
28535
6533
23687
29421
26791
5927
27984
21445
31687
28431
6910
28367
29101
7824
9762
6312
18835
28873
4856
21485
3507
20702
17049
21921
22036
4489
11377
10447
28067
19922
19444
13680
19845
18202
5773
11918
25260
25694
3543
11178
20904
14010
16912
29020
11456
10028
22731
11577
20546
12699
27620
10489
22807
20760
21689
14554
27034
355
14231
26943
12459
31153
25459
12189
26366
1196
23003
8855
14009
6588
4908
32104
16703
7045
21252
29314
14150
24497
8442
4468
14128
25583
14733
17425
26008
21563
2907
9935
29739
18017
5268
16493
2745
20156
13485
23769
18059
21060
18009
3920
17400
14792
5557
8135
26163
27255
1730
26506
20839
10149
25
24867
19206
16844
28122
28541
29790
14033
28902
8265
4973
10121
3662
28065
24054
18044
29451
17131
31444
9193
8175
18689
11663
31498
4571
15759
24621
25752
14899
22972
32586
4754
23439
3084
23659
31035
7859
2436
2704
2402
29634
31248
26888
24549
5038
17443
20617
3704
13811
15261
5760
24995
20101
14321
23206
18442
26630
21895
21204
16113
28221
26207
2328
26623
31940
22008
16392
11330
1536
1136
29014
4212
26198
23788
6821
7805
14236
11066
19611
2104
30926
29877
12344
26490
24067
22633
30310
16209
23711
14968
26065
8841
18377
16061
31480
9077
4384
22190
20101
28908
425
26247
13785
17553
32524
17829
20972
1623
12545
7727
84
18757
6917
28668
25251
1399
32337
15025
28662
13158
6156
4906
17611
11369
4032
10268
9491
29819
10763
31224
25737
20798
5015
18962
10561
21056
22603
1282
15492
11901
23235
11338
24027
6950
24574
826
19562
32673
855
785
31359
10961
9911
23141
8043
28055
13064
31685
7057
16025
15597
32668
25276
19266
25008
23896
24758
6666
28796
16332
3094
8695
13260
30931
7001
31587
28451
22583
4148
3585
25854
27089
3369
24603
30982
24305
10585
27421
17035
9984
13977
6487
9006
31587
11719
20735
13789
25251
13663
12405
10757
28363
30281
24523
24322
15122
13045
7045
21467
27834
21674
23709
16172
15160
25371
16843
25443
17301
6716
7683
29487
11028
4691
20542
6710
21781
11858
18557
32263
12345
17508
24075
19279
24263
13510
23299
9039
15951
25304
24851
32141
4749
17524
2943
20938
22415
31614
29289
7733
32538
11708
29519
7646
7499
3816
25301
17261
18554
20740
3013
19476
12387
28398
8020
32450
12424
1332
31399
27546
25041
11561
26005
16291
28534
3641
11951
193
13086
6521
18557
17892
23625
9090
19467
16255
9963
20608
1188
9276
25945
1670
26846
21998
24937
23077
9431
21190
22741
10556
6589
18123
6369
22545
30356
20868
32062
25761
20019
21495
22061
17461
20112
23256
31208
16182
32062
30970
1341
16194
7476
9737
3964
17279
8656
30075
21907
28464
21276
14788
8312
26246
1871
26569
27335
28088
5527
20120
2477
32342
26133
30550
23812
18138
17193
16760
19135
18560
20465
3895
2441
1879
18444
5693
32425
152
27812
10405
13097
23351
17067
2594
9271
1721
1636
9598
29387
15429
30758
13895
13962
5629
26205
15045
30699
12431
6353
16942
5528
2822
299
27421
6423
6375
21685
9793
16041
14969
29537
4434
13426
3940
16397
32330
21723
22397
19973
31441
24629
21985
1993
27641
31135
27201
13073
4651
27433
21628
30223
2402
30009
22131
16884
6550
11566
10265
18101
27516
12100
29129
21519
30060
10167
16605
19401
13474
30508
10876
2361
1706
30284
4275
25097
14102
7346
15815
9275
5490
3847
18890
13675
10106
22635
32365
14164
19338
21271
11541
21910
24405
1089
11057
8375
16090
28480
26826
6759
12180
9201
21851
22280
3057
3161
1764
22637
17158
15756
22330
1506
129
20429
27553
25965
4319
502
23196
31316
21983
11291
25604
27871
24374
17770
28504
24415
31620
341
17492
5231
21895
18420
12741
19066
29070
3492
5787
28798
7985
19957
320
6159
13120
11715
22824
18590
7673
2210
18090
6139
12670
28032
19726
11289
11398
20101
19175
2578
23890
26686
21667
22122
28899
9211
7520
27288
17002
31093
25089
25538
16128
5044
2689
3785
12695
15664
30088
21893
2864
22327
8764
4434
31567
24718
11354
26315
27820
20315
20101
3797
14892
16962
24286
12512
12303
19663
31188
12905
11627
25364
20286
8131
31193
10387
17831
4632
9070
9822
26600
13995
30957
11388
20733
23391
29754
25231
2577
9341
10514
19380
3803
20402
3066
16811
27693
10327
9589
11064
11466
4341
1402
29128
2169
17929
2853
31320
2391
15876
21677
9619
7025
19094
27542
6970
14994
24364
296
25801
12890
8376
20255
7000
9360
8880
28836
11455
18873
30041
18300
31741
8170
26949
16768
24795
31706
11290
4685
19148
12347
8854
13628
2840
16203
9168
19349
2617
19110
31169
11007
27781
13662
19202
12347
27150
11341
20951
10770
24007
2218
1133
28812
20456
16603
4704
31843
32659
23434
23424
4791
12215
6395
17365
22787
15157
18077
2273
25936
13377
28895
31780
7849
4875
26436
18150
462
14239
18106
6960
7725
17162
32296
30236
24333
3007
326
22350
29965
12601
7601
4547
29645
4833
9791
6602
30699
11825
26767
29775
26929
10266
8421
11103
11532
1443
24629
27625
23872
22484
6270
12482
22235
24274
17242
7916
13671
26699
22226
30488
3684
27924
31862
16489
246
12817
16046
4219
28122
28758
8267
5284
27550
18571
21089
16506
19218
1429
31833
17813
16378
29299
19010
14486
517
18277
13672
1895
31235
29268
15144
9413
20306
15982
30210
3324
27033
7953
19696
2034
15033
8682
11510
19559
25857
19550
251
26747
4514
26664
23511
4977
2914
836
2221
19634
29076
9996
30075
27669
5959
2722
11247
1885
25278
17549
19581
20740
16672
16295
16302
21559
625
30518
4539
12833
12737
15961
11354
17516
15779
5798
25304
18693
1249
23057
1128
31520
7022
15375
26811
15741
23452
26108
10960
14825
6031
12986
1550
6663
32498
19868
2448
15696
3304
14466
5568
4185
4678
32069
22567
26964
12287
3669
14723
3546
21984
6816
29210
17896
6525
22710
14415
8231
31083
3371
15731
19312
24751
20541
27869
10639
32375
22199
8509
32583
17928
16918
17453
26007
11000
15337
3081
24636
28061
24702
19457
15735
3013
15546
2668
8976
10663
25417
20831
27803
1818
23800
28031
16122
21765
30814
3859
29987
32535
15554
350
18980
15800
1081
27691
25700
1087
271
21417
9771
8037
12904
19065
26468
6137
3111
2566
31906
11734
22031
25877
12130
32531
1576
18589
2960
12153
6757
16088
9804
9274
13699
10394
16877
10207
820
8418
29510
2691
10109
16046
11305
4671
15709
10516
20266
20453
10415
12687
12453
11249
16209
26775
10499
16316
3462
24692
7224
20211
14745
4691
6800
30024
19140
6554
32428
23655
22351
14713
11463
3628
24060
24769
22335
14099
20131
8186
27728
27888
1562
17840
4386
19936
16727
5389
19974
2943
19417
19117
20476
13915
27972
25517
25466
23977
23115
23301
3176
22327
11474
20760
24431
17314
10068
20874
115
8905
18307
11090
27230
3201
27695
3856
25632
24971
4713
26528
18164
2243
28136
8431
31204
3225
24748
20749
18063
11461
5600
30596
27434
14391
17413
18153
3525
17229
23117
11440
29903
3657
7493
2884
10461
12290
30391
23128
25511
22746
31951
8567
28755
16879
29820
227
24823
7318
21273
15516
15705
5637
845
32191
3833
17231
28976
15889
28241
2454
8623
4572
30043
22139
22833
17402
15188
15578
5499
30767
15808
18869
24272
18364
23214
9581
13405
3120
16445
21816
6101
19586
30047
12495
31833
93
24541
24679
7322
7611
27547
30435
31809
9397
14110
31816
6287
7577
26955
31857
3136
15678
5233
28164
10934
9108
19082
1444
22099
26751
18110
18792
5671
27366
20521
30860
11979
5639
14814
7015
17036
4365
9260
20381
15564
3300
25376
9366
3238
9292
11850
7215
29393
556
32196
9135
26311
16937
14449
6396
22310
16248
6019
12303
18774
17904
25408
19621
7276
22884
27909
9271
29518
1839
27275
15405
2584
30224
5737
6223
31423
10297
14810
11644
13557
9122
961
27806
11596
29859
20714
31197
1949
16066
18835
25619
16555
20426
30763
28800
6916
26909
15705
20160
21288
13130
17728
18681
24301
4066
25090
17497
15394
15752
28546
9664
4723
584
9327
28345
11404
20522
29822
9903
3202
6150
26614
25694
8046
16025
3186
2951
21595
26585
25314
4840
6754
3206
28372
26219
2579
3586
19186
14750
15895
15458
26315
24163
7956
709
20950
29673
9937
11748
14259
474
24219
235
29109
21462
7399
3208
20894
10529
17976
31809
2473
3224
5443
19978
21966
26858
11857
10263
19009
11524
486
16623
27452
5325
17056
3522
29182
27156
29281
11004
25364
20934
19121
13082
22999
31077
1117
30652
11574
14517
16996
20732
20917
31673
9236
30463
7350
2269
17009
6601
19703
30581
7382
11094
31837
27238
14559
4070
24304
25379
31109
10392
29478
16604
29067
27706
1892
16370
13594
608
14530
3501
28328
5299
20239
17457
15134
19084
6677
25262
4409
8898
13341
5592
14384
8128
19894
25751
4504
31194
26291
5375
14981
19425
6259
23938
18419
28148
21861
13924
8804
29338
16842
24432
17610
31246
2493
28138
25254
20442
22641
30404
14706
1703
21691
10516
4413
1620
18128
27846
12437
16453
19279
22926
18345
32254
14210
6689
5807
32240
4833
4005
21380
21138
18903
18790
4754
14260
32201
9418
14071
21009
5717
10631
11748
3363
30679
30227
31042
2875
818
20573
19868
23504
17101
11962
18233
27671
26843
19746
31368
26069
736
8860
25538
28786
1648
19191
31178
2126
6970
14523
26712
24664
17990
17247
13654
476
23163
26044
21898
7836
21092
16578
29814
18723
30516
13930
29564
1878
30983
12523
25670
29516
23658
27185
613
24159
24862
18315
28728
10883
17945
7588
15120
19927
3790
28852
27281
13434
11694
1271
8028
29856
14319
21343
1259
2277
1676
13958
6843
1249
26765
25574
6321
30716
19080
1356
29367
29315
30568
1674
16294
24828
22125
27500
1896
12727
19060
16878
15454
30886
5753
1196
25599
1390
27482
410
12994
8126
733
6389
7998
24032
27637
26746
12432
18830
27713
14037
3070
18182
6870
13148
1498
29281
6206
24061
14760
26400
1984
11125
28035
9736
11746
14787
17596
3376
22573
10461
1477
5720
29232
27553
30541
20348
27592
9486
6317
16809
21662
26036
14723
14864
20720
23913
13468
10585
19349
21822
21016
3385
2363
1458
5320
6215
244
7461
30427
3083
7665
2703
22970
31064
20108
24689
11568
23260
1164
25612
4558
15862
2725
7378
31374
28103
21311
30746
4534
21644
9337
21783
25855
1835
17772
3339
7415
12043
4276
19384
17316
17961
4141
19479
24170
22889
1530
19789
24366
17706
1740
21467
12476
8220
2400
2837
25190
18518
3914
23253
14062
18083
19186
1392
6823
31773
26332
25065
17622
19966
21036
1637
2142
17330
13929
30431
6045
19249
31361
11293
16273
6027
30477
1763
24127
19908
16343
870
6229
29667
9881
16643
4622
22086
23304
12849
12118
22328
19473
2229
7983
23750
11875
12821
13907
20686
19501
30798
23834
26456
553
6857
5279
7977
3545
29580
22302
12438
4369
31918
22433
24215
28341
18957
25820
24092
25796
19267
29525
18340
1941
27093
4808
18187
609
22446
21193
32163
16642
8652
23211
19079
26362
23354
14497
27948
14263
29758
11299
13881
21526
4563
28563
15001
28965
31065
17697
15566
27693
25740
19180
16520
24560
20915
23145
31862
7983
9241
30473
7772
14447
10433
4118
5478
26365
21334
6622
22204
5424
18273
16916
20566
21486
447
17267
32274
27505
13905
7332
21763
26955
13813
11874
30988
20392
28853
1244
28846
18900
26687
20571
19231
2557
9877
20772
27804
13369
3334
15008
29951
31435
3933
20922
29844
20386
12120
19081
25385
20258
19548
10543
3428
18471
7014
10753
27738
1351
23365
29928
7004
15192
6407
8198
24596
16690
6321
17821
30930
29878
13875
12589
9504
28944
21146
26589
7324
31288
8584
4124
26631
16831
27361
31880
20633
26824
5320
24079
22935
25429
2506
24916
30760
8388
20312
15188
32101
7577
24699
26953
26287
17021
8387
10191
2117
13447
31617
25925
17941
31419
821
13174
20179
7376
9546
31864
3401
7991
17921
32469
17390
88
22700
21737
1721
6943
18460
2955
1847
4791
17244
3056
26332
11157
17056
23755
919
13753
22648
32441
29352
27696
9033
26589
7606
28126
29438
25287
13852
13178
30459
21659
29317
9946
2130
11887
19128
16241
25658
3572
9653
18454
27325
20825
11776
12806
13744
8812
16445
6445
7144
15619
10237
23969
29867
29850
7896
30320
12133
15677
16828
24987
5020
15273
28804
21858
15654
8366
19404
5826
10394
21463
17668
6461
25604
12621
29892
19417
14301
24313
11103
14187
23610
31977
28603
21013
3651
13557
24672
11278
6631
28066
10958
22945
11214
9286
3348
15993
32655
12909
5534
7707
15908
636
5455
5556
8347
30612
30672
25365
11021
3257
30247
7420
5076
28468
22411
16533
11001
6197
13430
14400
21996
10685
28669
16277
29560
4795
23389
18597
15349
15990
14294
18051
29120
21290
2748
260
30184
17398
30667
21954
5418
14837
5563
2663
8480
6316
28948
5160
10677
8612
12612
30863
27356
31575
5102
11134
17026
8017
12934
3697
17088
29583
17947
29955
13398
4907
23923
21172
7509
2619
14685
30185
8219
2294
17219
29748
18052
21016
20991
11222
3423
26760
12527
32386
17439
16440
7500
10596
5331
30285
11703
24162
18521
21633
22549
674
6862
9157
2461
13900
13384
4650
1327
2449
6600
12289
31720
748
10858
18497
5107
23207
31967
6186
20898
4002
12573
10792
5821
14672
2645
22522
11290
15106
25894
14355
2413
15464
24080
31297
20322
2900
15403
30604
10217
19138
29721
31073
209
4886
22329
31728
21657
26532
17181
28626
30083
9589
25919
16111
3817
20296
26351
6303
20692
23256
5520
18703
31179
25437
23300
8167
13033
25941
6757
10793
29235
26500
17654
17244
22312
13626
15193
16875
13721
3540
20226
17096
17082
28037
30699
22612
6266
21335
4745
8323
784
10348
14848
1595
19670
11402
4755
12798
31835
3031
6238
28105
14515
480
17991
60
18450
11744
10546
17146
23706
31808
13172
30803
9072
18778
25738
9249
18965
8578
6412
27631
28148
16967
5852
16993
10807
16630
10659
25040
14303
31328
25470
23092
21524
12253
22004
13895
24761
30097
22316
31719
29508
21998
10076
3004
17869
20090
2693
9244
15972
2515
10846
2859
168
31472
21645
9287
15766
15785
26909
29859
13726
24698
3373
23345
8444
31620
30181
32710
29253
14548
24495
15737
10048
12776
1443
3148
7160
18031
11586
11790
5135
20561
6760
8831
28245
22767
32636
9910
13977
13228
15850
17344
2496
8620
2771
12426
20
25308
19459
2816
4574
22578
16675
11383
10806
6966
19759
7496
23578
11969
29739
27582
28094
11524
24850
27187
11811
5837
2064
6261
18667
10246
14576
15471
3180
21886
13784
28165
22019
22509
8756
6719
6314
26674
24048
16810
12749
4318
8426
30203
90
14582
27303
23286
29208
19445
6725
11918
31545
8977
17072
7246
11314
5055
3865
24567
22986
18297
19364
31595
2929
16575
26209
969
9172
12636
31870
18906
30638
1514
18363
25004
18145
19096
29
19836
19397
19755
1511
20441
21696
8259
26566
10503
7191
25568
6476
17314
20995
30500
28063
5251
3336
30555
10867
12776
5250
12344
18229
26062
14721
24929
11401
16290
12758
32047
2039
26905
10606
17582
2017
16989
32223
25836
5049
2409
22593
31088
21617
4278
6463
6152
8498
18711
19309
18888
9296
8929
4061
5455
19582
2640
14573
32332
24126
806
1890
7745
14748
10133
15803
14983
10268
3679
32191
31635
18161
23612
9305
10615
24943
1148
6053
4523
20419
31981
15179
31246
11746
26879
32524
17704
32447
38
15258
11186
4033
13184
20909
12120
12404
22200
16211
10941
4735
20522
8071
8896
26070
5192
18438
15614
1328
28732
31070
32663
18108
26575
21832
15926
17679
10889
3895
22603
13409
25625
2865
11419
6138
27640
24286
26107
27623
6218
26847
1368
5873
14341
29280
19707
14544
30804
3825
28939
10395
14654
11921
12628
14211
5507
5644
16454
3009
8646
12680
6977
10189
9969
30042
14352
29137
23510
16670
11187
20317
25106
30982
11873
10588
2615
18802
8397
27719
9002
18625
30377
22680
22729
27495
10856
14210
26065
32320
7753
18399
7423
6949
3729
30570
3446
19388
30999
15406
18017
20116
7686
8766
32217
12913
32223
24999
7945
15332
30909
4259
912
18719
29405
17935
23590
10248
8797
16415
3203
4748
27204
25425
32381
17718
26307
9631
12400
25600
3771
14841
738
8553
3710
4082
2407
23495
16346
31674
25283
9439
25428
6732
23631
26547
32433
17896
25758
8347
1211
11972
4447
23447
10817
27647
15493
27876
3168
6358
31910
6093
3073
21018
31905
6084
675
10209
30340
16305
13403
22397
21933
9098
8984
25002
17455
36
10028
20747
10103
21833
28936
17624
20527
26122
22599
5073
24930
4950
7151
7030
13025
17612
30707
3961
13030
21454
13308
23924
2808
11479
3944
30936
3086
6926
11923
8997
9719
29211
27990
1121
28153
2617
15054
10179
30905
17036
25183
12463
2906
32182
26104
23527
26601
19621
19864
8447
14585
15278
4113
2065
24714
30176
30988
1971
11824
12946
12365
32550
16497
8511
17976
8400
5486
18324
27028
24812
3782
1478
10896
15489
27831
13609
28419
27792
1158
5375
31736
22930
13857
31117
14442
25378
25860
29045
3404
20470
30809
21823
1741
31251
9827
30009
6873
2881
3868
22913
14563
23997
27165
18528
1762
21807
19391
1753
28569
17371
17792
1922
26140
12315
26024
31635
656
3597
23084
31293
23602
16777
15058
12861
17563
31830
16022
22960
18498
19613
24652
20521
6210
28573
13960
9985
16733
15521
699
1006
21569
15407
15262
4567
25355
16259
5844
29671
30730
3132
21963
28385
27077
28756
23011
15539
12351
21077
17362
15949
8057
4554
8775
32691
11065
19444
29645
16977
6154
22719
32754
400
15748
5108
19369
9638
15821
18096
11502
22706
22112
17685
16808
12808
11789
5183
19923
11209
17473
11386
17630
5816
25992
11186
594
72
18768
3115
30133
16122
15600
13170
17838
6373
32745
28051
11882
14486
13675
10380
7997
25627
3867
1026
23437
10843
5395
2355
8940
31401
12074
7980
9348
23192
21366
3899
16824
11792
32272
11688
25608
17825
22039
31392
27189
10008
9208
20338
28838
17488
31980
27646
30987
5195
18370
30825
13632
17025
32478
20246
31092
26744
21378
8914
6538
1429
5708
21839
13759
10546
2304
4564
14990
753
32136
50
6097
19791
26169
9210
29480
18044
15192
15341
22942
11114
23005
13748
13450
26915
16246
2514
1460
30817
18383
5078
11961
5976
20241
15061
18353
21975
23977
32279
18702
10127
16714
14865
3271
28850
14133
14739
27319
16577
3000
26435
29760
12191
21236
13130
4915
4329
7908
333
4084
29066
22171
12959
17113
5001
4813
8373
29908
23590
9105
7130
13138
26662
9061
16931
7010
14955
15219
17062
24602
14535
32019
24807
4150
27410
29840
19603
24323
12410
22831
8561
29820
24347
32365
9109
2226
464
27273
3031
20081
10312
13890
30851
28960
32092
6626
22098
10729
6047
19323
21913
12314
14391
4721
16321
2251
27628
13368
16631
31170
17023
7775
31268
9107
4157
29134
28448
1803
28115
21324
9507
31183
27236
9540
1404
20033
9177
3784
22661
12963
14713
29654
27862
2943
19641
17114
16057
19782
1109
15221
13278
6455
17823
4733
16208
8578
6167
5957
424
6318
26429
15902
14721
12344
5795
13341
6187
27261
7238
24607
20132
17369
5406
29963
26307
30481
2036
31063
15543
24814
19060
26574
11440
18219
15491
19856
18652
1682
19923
2394
11157
27745
436
4103
14809
16114
25901
23127
27130
14747
11083
24560
25238
32724
25529
17314
1482
19351
32657
5359
15523
23309
6258
19147
5845
24934
11731
23456
4784
32520
19606
5781
8527
1261
21728
8720
15123
1862
21033
17273
6224
869
6543
21570
25157
7385
8816
2084
28754
13787
19767
26795
25957
26345
3190
10740
16822
6576
9270
15542
15540
19247
29579
16767
31550
14618
31851
16704
30231
32380
7615
20236
9364
25505
13243
30493
16280
25907
4715
7960
12482
13987
3727
15249
485
17354
2217
32466
24761
30161
11860
25816
2768
16206
26071
16543
13771
13231
6138
11936
18381
11740
19481
4247
29744
18968
19062
30345
4215
14120
14547
6406
13700
8888
25921
18604
268
17658
13107
30444
2887
20368
24278
15377
25836
17324
2725
32381
12636
29558
19256
7990
12573
12974
9564
20386
20619
31378
12905
29839
3786
1282
24272
14966
20735
8930
30452
16129
30144
20928
30267
29642
15561
21686
19556
7782
22256
21650
3355
6562
12891
19253
15818
15372
22256
15929
13747
1974
26381
3287
17468
1846
6265
21767
4489
31729
14747
13288
27984
16794
5866
25955
32745
2805
21669
1803
4517
23521
4292
584
23649
25749
24878
25013
7003
8746
556
5574
19780
26714
18718
27822
23702
14471
12141
16768
8743
2558
2496
9876
30207
26494
16243
3884
16998
1524
5701
15447
19778
14473
26192
28950
11168
26078
19007
12734
5009
25238
8123
4765
55
21782
27686
23008
23583
1672
31116
30900
9681
17702
16342
8108
17062
15285
28225
29283
29658
25167
10511
7778
8674
27750
20349
22852
29184
22534
24052
2584
23060
602
16515
8710
9909
25970
10637
26678
10112
25411
16575
15597
30128
16880
15941
6137
2288
15688
17982
18000
3693
20879
6253
10996
13870
9089
26673
1817
27304
10644
28855
3466
9869
31358
6510
17737
23782
25847
16059
32629
10081
13504
29423
25713
12012
18660
19318
23619
642
24382
3664
22074
20549
14651
21446
13268
13518
32225
28757
23262
5313
32016
15087
13021
13476
14344
867
4525
753
21292
19737
23400
18537
21766
8706
22922
12972
22154
4559
3410
27911
2207
12641
363
15245
13019
11905
24267
19561
3982
19410
18652
13170
10499
22787
17625
17408
7170
31561
12411
15614
25497
23053
3030
31553
4637
994
6781
9752
7019
8121
8173
2597
5235
15960
15145
5739
3064
24584
9633
12199
24721
654
22872
19940
14324
19293
25158
6218
31603
8714
24316
29495
32199
20224
29830
13457
11789
29301
14741
29274
31758
26525
23774
8068
20931
26653
2749
27399
17945
962
22046
5426
27889
16499
10397
12094
26731
30308
32236
31017
8036
15501
28277
20930
15677
31067
19777
27904
24286
27557
23833
17559
4347
16353
24811
30413
918
1432
2927
1930
5830
6423
4617
14255
9398
21864
26354
26281
11504
8832
24211
12870
17628
13242
17457
18631
29059
2692
8655
8502
20121
4440
16208
3578
9915
25327
7389
23976
24821
4529
27782
32284
26503
879
20268
21961
27625
13652
22686
18253
11276
31769
7938
4936
7395
5241
22903
3183
7714
6117
20984
20956
6982
10616
11907
936
15829
28461
21883
9660
5351
11088
29004
9444
21989
2610
22349
12838
6801
30753
21994
26705
16454
5015
11778
28632
19585
4018
15246
5345
31393
6884
4484
922
22251
7660
3323
7884
2769
26373
9103
9394
15988
5469
28935
5643
13159
22728
18485
4974
31926
22966
19230
9438
30759
23907
20059
8094
27839
31309
3007
7750
29320
28907
26682
16151
1938
31900
20733
7308
30264
12510
29663
13361
28836
14016
22272
12216
1430
32410
5036
17482
21088
14843
14466
7195
5686
12771
5845
32321
2724
19762
32594
10438
9568
23393
12771
4348
10050
30576
1236
32272
7313
5919
1845
12770
12928
6753
8831
5140
1528
28430
32634
4962
20376
7384
12893
12593
4347
19840
29239
27498
10041
9546
24463
30856
26288
32686
7751
2544
9220
25680
18119
2177
20068
18482
29271
32621
32527
28456
26315
10567
8727
397
9574
21341
7269
10805
24825
2887
4862
20642
8011
19136
14213
17275
2493
5557
15872
26425
12590
16028
24543
15652
18717
17671
4154
22142
7693
633
17754
2046
19246
6520
31611
29056
29497
23267
21712
11770
156
5510
31432
16306
12503
1004
9360
3246
28454
19572
26329
32620
16992
18343
12507
8148
21023
201
6809
14443
18209
9390
26727
23497
2798
21200
26538
24141
10939
1182
2272
6159
24975
32534
23264
790
3492
661
19298
2508
5392
11502
20673
6574
32164
16826
24832
20040
15381
19696
23052
18529
32345
21430
16192
1395
30036
1910
28718
19294
25012
12083
15517
31836
26650
15134
31182
26424
28794
13924
32004
26555
5316
2891
8002
27496
25284
19837
11863
11881
30023
32419
28440
17608
10367
310
5357
17378
28072
11666
21135
8217
492
15693
26639
4810
3204
198
21019
7295
26657
4865
32381
30565
7050
32690
10724
3584
17798
3991
19175
18973
32764
12043
11847
20488
32345
8921
10356
31232
27442
32590
83
10216
18731
5522
30527
14143
23319
19256
4686
14162
22368
4115
2261
11696
27305
26187
31790
32479
19891
12465
23736
20301
29309
15184
8224
28809
3248
12868
11487
11955
31033
31440
7940
4658
18744
8874
18996
27044
29721
22937
7407
12315
29952
10562
18708
9094
22379
24383
21928
8045
30483
23922
32211
4066
30483
17561
299
4276
13387
11554
18742
3301
14087
25152
2089
29278
26588
21310
13558
19938
3027
12052
2182
25409
19402
24120
24643
5582
19222
20150
10714
13586
4461
18051
15423
450
19460
12302
16881
32495
10740
5401
6271
25469
22498
15303
18763
16342
24287
6646
32654
11231
27277
4814
8092
4396
14979
12954
25450
25968
17139
23767
8269
26935
16522
8331
6660
16087
17304
9945
1785
28067
30321
28625
10692
9571
8979
20877
9201
22017
15369
28025
26115
28549
27791
4082
24760
24131
29686
11795
23439
5971
20554
30155
5256
18754
31795
9267
3371
1287
17433
5663
10443
29497
30347
18164
12
27007
29666
12729
3491
29767
24865
18544
6237
10427
544
30118
32355
21232
32490
23625
17852
21601
6243
18874
5651
18077
4142
3619
32699
13884
18381
12043
13296
2583
23306
10279
4704
27321
14742
11891
12266
15888
1009
10626
15013
2920
12169
22290
24356
23451
13862
19684
4856
27009
21637
19659
26743
13998
7235
7938
20412
22621
23806
26306
26863
4263
10422
9492
19399
2041
30585
24037
26700
15044
11839
4952
25826
28534
3347
2912
7555
18602
18547
5005
10316
18331
20986
14118
827
21215
5180
7033
20279
5458
9714
30319
15440
18768
14423
21347
2889
17447
17617
6708
18515
21963
15828
3225
8988
20684
18179
11701
2056
20102
14489
18412
24254
920
29192
1268
4583
14487
16352
19503
17458
15107
22769
23352
22172
23161
14004
19644
9198
17963
19687
395
5511
24206
25720
8174
30043
20306
7588
7484
8508
1431
23904
1448
857
22110
10744
30301
29700
26941
15094
32205
26808
15192
16453
22085
5210
20108
9366
11973
23743
22765
20227
30224
18799
2163
10226
23551
20392
12016
25917
32026
8102
27205
24976
27753
22306
7382
786
3976
15641
19003
30023
250
27342
11321
14901
27839
1554
5104
22213
6953
28867
27477
7789
7659
4499
27363
25100
21363
6666
22414
1557
13434
28111
23801
17392
8153
3875
22504
6813
6302
13486
9464
12955
10847
27774
18318
14600
26574
28749
32013
30217
14222
3842
4172
8812
25413
20347
327
16524
7411
12426
21780
31861
28290
10813
8729
22345
18334
21603
11389
8675
7622
22091
9948
2745
21155
975
27455
17159
21657
19345
16459
32554
11677
23173
32440
22089
29766
6320
11013
17723
21286
25391
22378
22693
6746
10106
25103
16995
3936
17386
25467
24106
28457
20857
24911
26987
22127
15050
6452
29306
1097
17513
30738
17135
11005
27219
4483
18765
17173
14009
11143
17889
5301
30209
12921
16109
27435
27662
10561
6
9928
28353
27084
10427
8430
2495
18873
3703
5739
3957
30549
30121
3077
15194
8906
26145
24918
18804
18323
7869
1499
10014
10803
27718
1095
8456
24103
26517
22557
12927
26649
24314
16765
23023
20566
28382
2878
5798
14722
3494
30526
29658
20363
3803
17654
17646
8923
24968
1618
30449
17362
3556
14015
7016
12915
13873
18565
4173
30301
7908
7255
26967
29437
518
5928
32380
19459
12762
19009
17333
28178
20160
24977
19969
4028
5209
19524
10668
16045
492
21399
26065
19750
25097
5098
31006
13230
30060
3094
25559
15108
17699
14082
13085
599
24564
25457
18801
13753
1785
15902
4212
2258
3469
16907
30704
18897
28780
790
26140
8360
26645
1741
32028
20089
31347
8067
22984
331
20413
32164
12206
4098
20123
27461
26202
12942
17290
26111
7125
2658
6017
2814
12395
3880
22997
2389
16305
13235
8538
3732
10951
22325
2251
24989
6107
22194
19051
8115
2798
21172
16109
20436
31707
32065
17297
16457
3477
1034
19345
25211
19120
27365
8379
6408
2851
27261
5983
11286
26444
10056
14699
22504
23604
21690
11477
10671
1301
6329
22841
7842
3609
17232
4292
14672
17509
11943
16464
309
26454
23347
27344
8332
7946
7210
29679
5221
15395
26682
32244
8951
9415
8826
24297
3127
4843
28577
28924
10410
2002
27510
16933
27255
6352
21127
26377
29888
31060
29726
29983
15666
26150
113
26641
27611
21996
1817
30309
27964
4851
14789
6492
27296
8748
18224
19482
7340
7029
25168
17928
11318
22298
18897
13431
5467
5276
25537
14214
16587
32433
16781
9797
18280
12427
8236
24090
5136
8285
14490
8548
22454
4892
29832
18783
952
32131
23378
20296
15980
30297
19249
28865
1532
7670
21170
29558
30069
7940
15974
19457
24602
11395
11995
11275
14078
8463
19148
15284
27858
9062
24981
565
19451
29733
4585
16836
29416
18642
18631
19129
27298
22559
11434
2542
2980
31597
18689
22123
9454
2448
3550
16963
6485
20178
30706
29369
26397
17978
29881
17319
19913
30734
22258
14881
1586
8598
28498
2645
16599
2595
7545
13493
24180
10576
27941
32345
5846
648
5030
18590
493
22984
24978
3092
14115
9638
31929
31383
30444
25235
30299
3259
4766
11101
4505
32366
1668
15096
20010
32472
31277
15229
2895
6022
6922
1651
22281
3784
1337
14926
15753
18775
11931
18741
11496
28475
2092
25864
16664
22508
18836
27810
3099
440
6905
15963
11890
6244
4376
5073
21465
20246
12180
19177
26673
4467
25997
16400
6334
20484
14453
7623
30098
27614
4383
17758
18249
1410
24345
13567
27895
13058
1596
3823
22111
24933
19073
9745
28262
25933
11799
13228
2503
32471
30130
6765
11783
21699
18213
23216
17580
10965
5683
7163
3754
22394
21410
28619
27678
15535
4754
12692
19518
18463
6157
10243
22928
16011
2271
19334
13915
22127
10664
22030
23900
26083
25903
20
31417
10175
3321
3802
20795
23554
2075
6131
32695
18293
25676
7685
15053
22155
32062
27342
20181
26508
11823
19045
32279
32754
16827
3010
3898
28948
5108
27265
8192
12289
6836
17891
4144
25775
18482
18710
6355
29781
31700
26806
25506
2837
30020
22931
14016
26846
32198
25781
2213
30097
15305
15517
4186
24674
25787
14286
9708
20098
16674
5260
1819
23803
14057
10724
21586
31195
19959
10732
23004
22676
25351
22860
31060
1443
31923
24573
18269
23920
30417
5969
12692
27253
30723
31028
16579
28323
25994
5297
19288
7169
18779
11192
11285
16535
24181
24094
20744
27018
14193
1509
14014
16776
13147
10430
9140
11878
13504
8908
14350
29192
20232
28331
9611
21122
24070
11953
9145
3452
15310
23411
29797
6875
2247
15243
3158
670
14849
2201
13371
18949
25032
25992
13793
15353
26233
2579
27049
4264
7060
18311
14394
14448
28947
19146
25715
19966
11514
16284
12707
29623
25392
14621
14845
8278
8077
911
2374
7895
30260
17246
20433
17813
28195
1373
16813
10415
31240
9299
30237
19375
29526
10166
23368
5742
19353
32694
4658
4402
26631
17022
18155
11290
23383
20150
22791
5564
29142
30540
26701
25868
17335
7284
6580
6784
16810
21997
10379
15473
28593
4742
6135
4805
16943
20706
6306
17867
20802
21880
30386
25702
22099
477
9208
5486
10220
12614
12906
30803
10185
15945
21204
30979
22321
5603
11210
6926
1415
31679
7393
8
19740
25525
16927
11568
21063
1170
19375
21582
30904
2071
32217
9186
777
31812
27954
25210
20630
27094
19216
22884
11663
13326
22081
21125
26955
9652
17405
11657
9951
20316
13592
20541
7152
6888
2940
30264
12741
14414
13271
9153
15520
18331
14225
16365
15695
25656
11009
6664
24830
30060
19424
24118
13135
26659
25598
15706
13997
13806
17459
19511
22237
23882
27545
24022
27093
12069
12024
23847
13010
5534
29826
27114
7077
14349
22465
15568
6221
8259
18893
5854
26827
17683
450
16403
11570
7697
20849
22858
32766
9369
12886
1378
2726
26131
7883
11675
18549
2934
2938
25923
27541
31243
5400
12435
6253
29044
13905
13012
27437
19180
6654
1989
31654
15824
23966
19521
21344
19807
22532
6685
2534
17342
14413
31568
31589
24126
4373
6230
19829
3810
9195
9686
13879
30492
257
21890
14752
32728
20264
20030
20756
12987
20476
28549
12599
14509
29788
25609
8704
8597
5406
18330
7439
22883
9216
25673
9792
28244
26849
19149
4736
3185
7985
18982
12511
21082
1958
2688
2535
25409
16944
20313
10540
23097
1072
9446
9509
689
32485
31923
22842
31291
2598
32139
1566
8083
26455
2711
19551
29404
12438
17865
13628
19244
18485
4476
15798
1355
23661
21844
6122
4024
21328
2668
5789
30701
13056
21168
30489
23780
23071
8071
32056
27354
7302
11190
5566
17491
6202
19585
29419
31838
22171
24082
22353
1562
3551
20255
740
15737
5823
4040
30288
27972
27248
26558
143
30304
15573
30634
19130
31823
1779
27085
22047
15097
5541
5603
8341
27053
28817
7246
25356
20323
11610
15472
7784
27716
792
27225
27280
23660
12805
26530
15297
22510
4984
25496
4649
29720
26136
26270
18353
2553
10825
3276
28698
26145
8939
21468
32587
9640
20036
71
10729
25714
27450
23979
13353
8368
24262
24176
8930
30634
3493
24235
743
8125
32337
3650
14995
17311
22319
18002
6565
8939
3338
19917
6990
7129
21952
20840
3721
588
13115
4788
6315
26643
10915
4746
17979
14952
31698
15021
7683
22717
27913
19115
27239
2233
32481
3076
11510
27517
7300
4494
28735
22571
7196
1560
27622
16297
9100
20046
12023
32162
17759
477
17529
15054
27133
32727
1607
17524
22821
8792
4635
32045
30615
21866
5356
19178
3345
5414
24698
9784
9853
5916
32551
11971
26729
8949
14856
26905
26039
24151
17724
2481
20118
4105
1660
28972
2993
7768
10740
15834
6566
19641
31057
5760
14521
31919
10524
4697
17610
30191
4166
25178
18820
31171
32260
8122
9944
9644
8669
25522
22953
26955
14848
3202
15561
4993
31708
21428
22053
15062
27371
6564
1084
1303
4558
2624
8150
4675
20895
32525
26098
3753
15235
17003
15872
12362
10366
6169
12368
9092
908
12027
8395
10994
31213
24603
8673
30350
1472
24303
29634
30232
1747
16090
977
10940
23994
29172
85
15343
15646
9486
21618
21402
9560
7409
8281
1402
15934
30951
443
17862
829
32381
16515
13075
30121
21126
13252
14198
18768
17251
29424
17640
16213
2178
10060
12526
9020
6949
4512
29561
7745
3173
6195
19722
21742
31862
28918
6171
748
5932
15360
18875
2330
14782
8762
25976
8668
9675
19548
26753
12214
26010
17944
28684
23065
17830
8596
7926
27772
1882
28446
1705
11183
12569
23836
5955
5484
8065
5185
23285
15920
15345
9223
168
16712
31816
4953
31207
30511
4080
27023
12281
26135
24092
17312
5197
8390
14669
18835
4124
1955
27675
6199
5961
8209
818
29460
25228
30203
30875
21153
5327
15280
9277
8888
20440
7154
5539
17734
31785
29257
15103
11591
18468
23966
31087
9714
8819
24836
6784
6704
13223
1753
13041
28755
6943
14862
26297
19973
29484
18883
11850
22654
24690
19223
280
17659
12434
19774
2389
19819
19462
5076
17663
23915
32588
19312
14365
2932
24390
27773
5190
12883
19681
16453
31074
16090
23541
15439
13237
1494
8556
10219
6937
13889
11431
16395
30602
15288
12317
19796
3816
9519
7493
24693
16377
25571
14263
10424
20142
30352
25486
6358
17831
21732
13072
19984
4344
12084
30609
28027
13870
22127
22932
27548
19853
24656
15412
29236
8348
23511
28610
22621
4580
10745
30640
24790
12788
20119
26541
12956
9640
19885
7186
16314
16811
26828
20861
3681
32571
20682
24507
6203
11820
8120
7148
13309
2096
12052
9697
15676
2389
7744
9417
28289
12751
7475
14093
8607
5368
20335
6520
27204
22933
23346
18843
16079
3931
30961
10096
9057
32178
5890
23101
2871
20408
26009
31931
25655
16777
24309
21624
200
12990
8155
6266
21479
16947
9284
2853
13176
22286
15443
27487
5337
15100
19849
241
30653
10686
13372
18480
29496
31205
22853
222
6422
17113
20474
9291
9073
9248
4188
1727
8323
4573
8593
10268
4280
19095
18580
30656
11015
23100
3883
4009
15235
20070
14105
10972
20525
32732
28053
23303
10253
5468
21244
16741
6273
9112
10947
20194
23764
3710
18351
20352
1042
4028
2120
17657
28955
1668
30603
21670
8439
29836
26079
19615
11113
19546
3658
1060
12743
29886
7141
6971
12296
9632
9101
23963
25631
507
26076
19657
16264
4906
27991
5505
5920
2403
23785
29783
1337
25985
657
19870
12782
28678
599
31881
30132
8544
11652
7568
2610
24427
23058
22549
15699
13368
20066
27464
23193
25101
5421
584
16052
30892
19901
5003
18771
20440
19549
20351
8506
2838
7950
25201
32404
2737
19067
3503
28555
28160
21295
23529
19223
2795
26374
29917
17939
32428
15073
21556
24214
15315
28830
26534
4480
14733
6472
22629
3667
10277
10122
953
23877
20171
26218
26343
11155
30357
18484
600
12823
1731
8627
30711
27165
13895
9639
26843
1139
30341
13428
22054
22207
31575
21528
2349
13077
1108
25695
18137
24009
19282
25434
21069
5506
15401
22029
712
24976
22970
10600
28877
6784
29744
8057
32386
24813
5254
7391
16215
30361
16714
27266
743
11708
160
16257
1827
25243
15241
10092
5549
13149
26213
6324
4226
27162
4791
20319
12764
19766
20009
16384
855
18925
29392
14055
20562
11566
19632
30613
6040
24237
14467
28787
16448
21044
8118
22211
5585
9017
30133
16086
20394
3766
6760
1151
10145
16181
17917
6089
17387
7978
25065
485
30780
9606
29481
13926
8750
20617
31182
1201
9447
17112
27064
15790
18422
14031
8354
25028
32127
15384
32095
27397
21400
29565
31842
1957
5362
15610
32132
22705
23740
3095
5890
2301
8644
22133
6597
20575
31968
20646
10983
14106
11916
27969
5746
11677
10196
21046
16235
19566
6773
14432
20751
20577
21567
26969
5468
9997
27069
20370
5331
8064
29720
19619
25469
4914
26169
18911
16172
6968
15662
14124
25347
9658
4047
27666
13368
32679
16801
7953
11289
9895
23802
26424
9037
30546
22630
31731
25181
2975
19274
10021
7027
23967
21959
7542
12641
619
16353
12527
28644
4443
5089
4548
6442
2936
14327
4464
27795
22324
19236
7175
2741
9305
18775
23496
23202
19520
15063
15090
21613
579
29408
14298
21738
26740
8593
16185
24246
23696
15622
202
27767
4398
1473
29205
14437
18236
10830
29573
7434
15276
20006
19393
29509
7531
30677
27961
4501
8083
10840
14847
20628
31713
11721
14809
14530
31081
19262
30356
15748
19336
32750
29339
10605
23835
27541
28104
8123
23534
32282
27769
22309
6264
10351
13543
29140
3525
5306
14003
5807
9651
10674
4290
12251
3425
23883
10571
29314
11749
6805
3118
5076
7485
16097
904
20300
7048
29223
7812
8757
28791
24228
6772
24684
15614
3015
25120
1639
5455
24654
5981
27766
30472
4013
23266
16201
28587
30383
18008
25011
1872
11103
19632
7085
17302
17449
29881
15006
22239
6717
8690
1754
20413
2868
24477
12904
23719
32246
25108
9480
30705
11995
12896
18804
4091
1808
14344
16359
32680
829
5415
6620
27409
28004
2241
792
21627
28173
19287
31722
32135
14496
6585
2226
26793
22290
25116
31392
3803
22723
18284
13758
7571
26791
28388
6193
20722
3749
19419
26300
15934
8252
24033
25221
8850
9324
5386
27676
2516
11988
20618
22457
25064
30232
11138
22213
20003
10629
3098
6812
20227
18936
10448
5266
4637
2555
30736
30516
32342
31026
15876
23760
20566
32502
11437
14135
23354
26687
18995
27841
16777
3271
4473
18066
14954
20332
245
5148
14100
32214
3007
10213
31877
21339
8423
4490
1399
8991
15628
14597
16528
28032
14890
16171
32473
25777
20916
18296
9841
9380
1251
3855
32131
8750
24397
29949
8565
5478
18361
22462
32354
25422
21298
27650
23243
19125
20058
28849
19337
22619
28929
25644
9222
26199
28662
7894
13997
10934
24861
30419
31135
6501
9666
20751
25512
7505
20269
17282
5489
27852
12663
11443
8951
32051
6300
25723
4411
22989
21456
27148
23612
25079
2839
13105
6434
12926
4880
216
2236
15949
13073
23757
11820
23112
4473
9416
15841
16503
14914
18090
30918
20071
29654
4612
18361
717
22052
17113
11071
32365
22514
10661
21366
3130
18037
5277
29771
29887
23327
24121
10732
8381
25528
17648
385
20246
12464
28738
31255
25065
15796
18172
4572
1791
18559
31416
13202
16230
18931
27811
6206
2651
1384
20355
28960
14190
8772
11000
28136
9184
971
9217
29479
26448
21305
11971
5380
13206
28686
3462
10800
27632
15018
16641
2844
14172
27929
19927
20841
4676
30256
31585
11168
9056
2777
28590
6435
22489
25003
19656
8803
2730
19646
13113
24916
15180
9661
19918
28190
6034
16444
19099
1046
23762
22092
25919
29420
21573
9037
26218
12325
28336
8452
15516
7372
17220
6894
4655
21349
30147
3027
1175
4643
18405
31133
24809
5467
23034
17259
2458
30263
24272
5602
27017
25007
18135
31171
6208
15285
9859
12483
4983
688
23538
21655
12762
1836
14287
27726
13069
19408
11638
27619
4332
8592
20057
21011
30231
21540
5282
22636
32174
31416
16666
27047
8281
16613
20553
21047
29324
15328
19167
24354
6153
8177
30034
24336
4262
27175
8905
14753
16976
21067
12089
4356
25680
6418
25805
8646
12237
1686
20620
21735
31122
11527
18998
14387
6418
17310
13166
20687
16553
11731
12830
31763
11045
720
27160
21143
17029
10533
31225
16785
9217
23229
16211
20062
9546
9489
9739
14430
16146
14747
1791
27909
207
8846
23020
559
29116
12228
16016
10932
801
12280
8459
22845
30677
18997
32139
1366
25857
2958
1832
18116
12326
32016
13837
15128
11874
22005
217
27012
18671
7706
17733
6382
19180
21684
9222
19523
15456
28478
21493
22798
28284
17590
12397
19529
7456
14600
1780
4466
18849
15563
26654
4066
13002
29995
32687
12891
3616
8230
14336
3296
26218
2300
11428
5321
17265
8416
12362
7958
32517
4084
27109
6404
27456
21108
19723
11998
11791
13873
29083
21782
30189
19522
3747
26516
27634
8950
7297
21326
1805
23565
25160
32281
9358
29479
29285
24766
2535
18556
23170
1873
13235
17358
2730
27582
5623
9116
14254
24229
12712
19609
15560
29288
9070
11612
16511
7298
4008
2649
8394
282
4016
17936
27256
7383
1120
31108
24527
16631
29141
28911
21108
5531
18546
24756
21643
5733
16168
26261
1310
15685
8949
11046
31683
20368
16299
14209
6009
339
17907
21308
13524
25318
21137
32408
3930
19652
31466
23803
21036
15769
707
9121
7145
24221
8011
24718
31183
8737
27484
11719
7715
12391
28926
9409
21971
5815
27693
9754
347
27823
10972
18823
5349
25563
11833
2574
25524
30086
28979
629
15042
8911
30777
19962
3752
31487
3653
24900
16575
23577
21274
28570
16261
8627
32458
12371
1602
13829
32378
6285
16363
14656
20073
23842
4422
13089
13615
20696
20047
709
17475
29400
7899
191
16832
16738
22139
1896
24425
9406
931
21878
25322
1654
31243
32464
9057
26818
23638
24481
28
4676
26866
17835
13476
8693
3647
17375
11771
8032
2547
25642
17699
23310
6077
11153
735
13121
29480
9344
20670
4325
12483
25439
15188
12483
12927
14695
10699
3320
15192
2484
11931
31397
26167
29851
21909
20457
1047
19773
4902
9740
9575
3420
14554
3069
21168
15214
4895
15615
14456
30448
5196
12191
19046
7933
12513
4329
8615
18207
20752
32731
6799
28261
31613
7450
30084
11446
7491
17124
32536
19044
4919
31046
885
30212
22640
31375
4350
3198
32263
23556
20019
10080
20507
11989
26325
25976
19480
11600
21579
8609
19513
18517
1349
3037
3148
10506
10399
22692
27574
31439
8072
31356
4278
4469
23267
6602
20718
16298
10221
16104
799
29112
12321
25207
7732
24688
12377
22519
18818
28768
11061
18069
16974
4429
6848
9283
14991
12765
25937
26382
5366
7059
6576
24748
8748
19200
13946
30805
17243
6200
199
14037
5615
17284
11785
22750
3230
14934
25912
23458
6565
10370
23340
14241
20053
10666
3658
15808
5071
12026
25954
19100
24844
27926
13784
17437
4640
26193
29954
5454
17599
25888
6354
7276
24064
31438
27573
16189
7521
22129
22458
6562
24843
2076
27895
31344
32600
1110
10025
8828
22931
31691
13978
31221
3071
23362
20552
12279
24346
1999
18755
30812
24098
11082
343
23510
14041
9471
24811
20027
18054
29351
28201
32543
30780
9624
15711
6312
22622
14392
16549
24734
355
22455
15041
28610
17879
30206
22855
29537
15266
14306
14853
11560
3213
5022
24477
9530
12290
13184
22900
17024
29203
28898
8907
15680
27583
31580
32044
8178
20592
56
18952
19023
13511
26150
10142
10922
12956
28977
21790
8579
3649
25330
8719
17242
16647
27396
27886
27841
3332
31672
29976
23733
32275
22281
1002
18734
31771
26578
12582
8693
21141
15166
18072
30134
20808
11904
1786
11606
27223
9413
23574
4486
29054
22887
12330
20121
24729
8804
30352
27282
17766
14094
10142
24962
15499
20228
13260
23569
7643
11616
12820
13402
15829
27698
19871
15612
26733
7214
13981
32365
30992
3233
6773
24210
13282
20394
26398
26253
17482
20134
24012
6871
1200
748
14544
6542
29573
9915
26809
29456
31108
29296
11456
28872
25912
14844
2659
15944
16319
32406
26703
10392
24269
18605
20611
26574
22516
24097
7603
9951
14626
10418
6122
15797
10859
24761
17524
20866
23816
20502
27899
20307
27552
16745
8688
29928
4039
28549
15405
23491
20677
2337
8664
14975
3992
7377
21130
20579
5180
309
32432
12087
41
3440
11826
22358
18974
13788
14931
23045
10013
24829
7897
30211
1206
2227
26221
25186
30857
31667
13892
15252
18695
21303
15615
18121
29560
28917
2256
32633
21314
6478
2271
9020
20072
32201
15852
12258
11089
19391
24117
1984
29643
4952
28826
12360
2383
6838
8959
24285
20103
29039
24562
18405
2573
22593
26509
25631
26230
20737
28574
8246
13199
27349
3846
10903
19686
7843
30815
21376
18828
20425
18402
13146
22810
17679
26759
2889
29170
11737
21613
5121
13511
1954
13437
11995
10592
30629
9035
11560
14488
27869
5948
8645
1962
7728
14318
28912
6315
14568
8916
4697
21592
21346
25377
14716
24850
30730
8424
22575
27431
23687
19329
12151
16979
6450
17198
25248
28807
29901
17918
16525
11752
6258
9202
14156
22043
16329
32351
9709
17088
14718
5779
149
12092
19442
28603
31438
2492
21041
18437
11297
21879
9509
11521
25319
563
9481
12109
6492
23818
30495
31089
16629
32366
19366
19976
22516
22891
16391
12577
32057
20524
12623
16612
30299
29121
4833
377
23543
17695
7533
8229
24648
17768
27164
29110
25592
29549
19981
12322
19766
8306
2565
15211
21769
22065
8802
25029
16100
33
29521
29435
11898
14839
21825
8975
4051
26477
26008
33
17824
31043
18340
32657
4556
900
29140
26216
27731
2315
23336
4340
15447
8261
7398
23987
10097
21817
23695
16243
27461
27845
4625
15030
30041
27946
32318
21083
11559
4043
25981
10107
9328
49
25279
20626
8660
3155
26293
11231
14752
10772
14145
12557
26855
30222
810
1554
26324
3982
24083
23384
8254
30175
14510
21274
4477
19148
10541
30738
29308
7776
6137
1873
26896
10224
9383
4462
13704
4188
22312
14050
3462
12689
28991
947
6413
28498
29752
11856
17882
3385
11992
15804
25848
9720
26512
23279
18063
10213
30453
20858
18429
31414
26229
873
2087
12936
26434
21613
13841
29735
13715
20539
11693
28297
15372
4143
22257
3483
2938
9269
31532
19009
31428
745
1178
15255
799
17661
23606
19838
11392
12251
22991
16468
7767
21388
31326
22018
10362
16345
20631
20540
22623
5296
25534
9220
28303
29129
28860
1648
18519
2440
16754
13998
4545
23334
3661
10565
21443
22540
7707
30877
12981
30847
6173
16066
28936
898
15453
15461
2614
3576
30273
28964
31221
29962
32097
2315
944
22472
30870
17242
3639
21523
22355
13960
26550
2746
21817
5513
1508
12003
23525
23117
5756
9389
14093
31113
29681
29459
20171
953
21086
3348
23608
22374
14523
13840
19517
18596
6743
1398
17574
25056
9346
19868
32632
8664
5258
27118
28805
23275
10730
14411
26941
6035
2237
16812
11975
10288
8313
22023
13905
15879
27353
8051
31652
14218
5915
28812
9723
474
30060
21017
28437
13194
13985
5100
137
17574
21543
25866
15194
2035
13373
14092
7627
18809
24160
28869
15220
13887
21511
13349
31638
29014
24977
15197
4524
31256
31612
4420
25666
18354
31703
10490
22026
15840
21498
6347
9517
24312
1652
31830
21727
24362
32069
16878
21814
32006
4174
26432
23868
17214
20485
26934
11075
6062
26733
27420
8056
15257
12358
22786
25787
8502
14464
2401
7086
14955
28662
8705
15372
9432
12121
17433
8253
22295
16746
17337
28455
13122
15213
28261
22598
8886
14810
9474
22015
7959
21845
19703
27185
19605
25568
23692
2318
2413
23120
1685
9769
5810
25085
18773
6095
15949
30398
25757
17563
6723
8469
31540
20293
24886
8358
25467
13499
23599
6894
27473
4211
27034
8753
4917
31487
12690
10420
1194
14050
28511
13357
18400
8098
29757
25976
31888
3870
18271
10379
6696
11554
1844
8364
31528
23865
28649
9442
14284
16066
11055
24745
5099
29510
19774
27881
1055
7945
8986
29993
3622
22495
13845
15616
2184
30273
10389
6605
32122
31904
20503
13480
13571
2297
12404
10393
10845
1194
15459
20743
28830
1668
32576
23667
19096
6945
5132
30566
31229
26488
3508
9127
2503
22958
13462
4018
6102
23600
15681
614
25051
16126
23676
12030
6518
19274
23691
1346
17307
13633
6061
20990
10042
24617
31721
17332
3871
10412
31754
10126
25367
10611
4585
29334
23636
11767
13802
27433
22802
18324
28617
1705
4987
14560
25751
20339
16328
11066
1535
26385
21930
25254
18126
30896
2280
25560
30899
12244
13641
16526
14146
1866
16820
32291
1087
1119
16022
19041
31002
12879
17284
29336
12726
29184
20514
20716
21614
29168
13379
9203
23386
25196
17233
1152
718
14852
22256
28089
292
7739
25822
2928
27580
17539
11293
17072
27968
24424
15701
10389
12589
27659
25204
23393
10383
29650
10647
29133
3084
5726
5933
29853
16163
28605
17241
5751
30902
12001
26265
7669
21702
28753
6566
13817
13183
12575
19611
6209
2420
28186
14680
17979
1323
17220
21801
17434
11740
8071
1443
2601
24438
24739
7375
8287
18403
27499
24715
6196
18829
5169
8492
22708
26401
27519
9064
28882
7315
17160
24948
25598
18786
32477
26473
9466
4125
1764
20204
13033
20262
27783
7694
3241
5814
6313
3441
28258
16417
5598
31149
3423
2651
19163
1009
17949
24507
14635
9710
28834
10496
5156
15600
20240
20882
17434
20558
19066
24842
10706
5893
29174
19955
13881
160
28660
28114
10838
17755
27086
9829
4990
16775
32160
17449
22471
8240
21081
6686
26303
6398
28178
20174
25181
17753
18079
31372
21559
20688
16484
31482
17142
2236
3946
8142
15367
3872
11955
5333
9620
13524
25034
11576
27827
16099
29853
29694
25565
6961
11663
9682
26017
18529
9674
30726
3993
29941
31698
20697
10654
6583
5216
21749
3384
4952
23917
28220
8536
32600
18317
12228
15946
24613
27006
15136
3557
19591
513
2786
15365
11835
19432
18013
2875
21471
22641
688
8642
23054
25554
5376
8885
12235
22549
23044
26496
14883
29222
5831
28053
23310
15659
22185
19552
24471
22547
27303
18300
6460
14706
28125
20775
9880
25996
29513
4339
12095
19119
16594
17087
5866
14279
15241
486
27604
8492
26926
21686
5219
10174
10998
3108
11
5684
5515
19389
24432
18609
2645
19936
10186
12952
30200
14379
25998
30370
22558
5171
8779
17710
30838
16504
25041
29912
27901
28056
31385
2380
21884
31682
19809
7261
28753
19566
8215
23889
27763
23627
8184
6783
7345
14713
20217
2333
28730
10745
24678
16211
21602
5730
18633
5267
25507
3285
1293
23597
1506
28722
23779
11806
26100
10124
9317
12841
24673
25051
16633
8490
20328
16881
30073
28838
22595
1712
14737
23718
7596
889
8296
17350
31647
31975
4738
2441
12386
15806
24293
29423
5827
30750
26490
12618
21921
18173
27831
3917
10413
25556
15483
29798
9842
25751
18489
12878
10131
5611
26201
20702
13140
17812
17115
19492
5468
4396
17214
30902
186
3355
24992
582
25637
22467
17190
14455
21384
27899
3486
7663
10942
19903
16483
28077
19865
20517
5249
2717
10538
11155
10266
3434
23100
5424
30985
25748
7458
152
29380
15042
27315
22740
4999
5977
26258
17801
27823
27981
691
20591
612
3128
31770
32517
20090
10153
5350
13444
27289
26814
12175
28689
9628
15861
12140
15158
2104
23871
17016
23699
3294
11350
30805
8913
3810
849
19089
23512
13532
32118
31273
19522
23119
19535
26187
15119
15496
16640
16480
26010
28361
32727
16714
28619
22951
4645
17386
9359
18865
19020
26854
6789
20818
11802
10153
4347
505
23381
28843
6424
16502
6807
17650
24410
14504
5212
26329
10564
13397
23642
2064
23376
22873
18193
6372
6955
4867
15778
7360
25121
10940
996
10228
5078
21481
9397
27318
27960
12051
30862
28006
24497
2117
31323
25111
11425
21686
24201
12106
21771
13224
8288
6140
12687
30352
31123
9444
18072
29815
30741
13046
10454
11424
9775
19243
1519
31851
30928
10116
9585
27769
30756
2381
30220
22801
22119
17567
31486
31171
26876
9512
11726
3147
14265
4142
10301
9912
5766
2002
10874
29901
32038
29586
20885
25767
4436
21010
4662
1696
5906
14364
19343
9332
15166
16613
1679
21410
27750
21394
13656
1813
13789
25082
1780
25604
20750
1198
9027
24087
24849
6199
25400
24267
3196
16286
22853
31767
27004
28722
15892
592
28708
27269
5496
21834
26372
17592
8099
27840
32254
27128
27289
28661
2901
13129
6117
13468
7943
32130
10890
9461
24669
24729
28988
20794
27072
27681
24784
12345
5838
3345
29426
21314
30893
199
23830
4419
25759
31053
13233
27954
20695
22234
19880
15275
29580
6812
31752
19419
22603
30388
27129
6044
24465
8067
14573
16097
23705
16932
11549
21077
17779
17465
32310
12607
10582
12523
8271
32425
24887
30508
6431
29121
11930
23871
13677
1407
15529
19835
12999
19336
14211
24652
12663
26195
28118
18298
691
28298
12464
32430
10004
18355
26002
25906
4426
10255
32455
9464
269
22466
19955
2782
2646
27445
25839
13360
7376
31929
30932
13678
8073
10605
31574
7760
29934
21857
24148
32520
31478
31483
13740
21191
23453
2458
11092
29570
16788
6010
31143
31478
17719
27352
24572
13546
9663
7766
17789
1716
8889
25760
32311
28670
2487
12112
26221
2250
19525
15631
18482
8372
12830
21245
16183
25463
31648
9556
3809
9907
2174
13128
7838
17646
22197
6705
4218
10712
28097
9195
9709
29651
2576
5245
26359
20146
7351
31482
16239
27585
29540
2469
1689
15110
7315
14680
9462
18887
23557
15399
19552
27213
17262
832
30294
2279
17263
23573
7316
21041
18627
26814
24550
3733
14781
30616
4415
22291
26610
32307
20741
1854
18995
15211
14512
4231
4798
17620
17043
4798
30132
860
25593
24022
13262
25387
3444
16617
15692
15054
1394
19067
303
11669
20753
24067
15528
3385
7989
17064
24272
32450
27095
3912
21657
26280
16800
6078
20741
24633
30646
16229
26006
17466
6614
21720
32517
721
29859
23292
6711
21667
4157
25409
17772
1849
23318
23844
16826
26792
30465
32505
22714
5745
23692
11239
14977
13222
18576
31540
30673
19022
10246
17602
27793
23563
30236
22234
11899
26106
16521
14633
21525
23515
17949
8456
10210
24178
25500
31489
7129
12588
17100
11662
4374
13062
32717
31011
18384
24235
14505
6511
2955
5596
15148
3040
28558
15381
17654
8037
12184
25710
2510
12663
2255
5823
29753
15450
7929
28679
21579
6816
16878
8719
28862
9200
10061
5706
11841
1797
27759
14336
16658
1273
29849
10667
7375
29124
30582
27042
5770
7680
21444
10740
27931
3567
31309
24471
11194
8638
1305
19650
6861
4875
20194
2711
13054
27558
7880
22021
18065
22932
15430
9197
21748
1114
32613
16515
15512
18296
12591
32248
16128
30259
20583
13910
2840
3223
3703
9387
16839
29117
6314
22889
10439
12106
411
19981
32693
16952
24302
23551
11108
26841
28477
6841
11127
4632
23637
26924
3631
20995
28067
9823
22145
32646
16105
23898
2156
24441
20277
26690
20361
222
31764
20165
29668
11875
15619
25529
4362
6447
13094
26111
17251
8410
24893
10414
16322
23741
8147
1645
2363
19053
8632
9249
14645
17794
7346
18121
3519
11421
27248
16549
12840
22441
13759
14750
30153
17248
2049
22242
25894
5649
19162
1487
31030
24993
4652
28178
20734
18129
16966
20240
10597
23998
26200
19589
1859
1966
19242
28266
18363
3593
12814
22557
2763
12966
12308
31420
11297
5448
3452
18129
15920
4713
14705
8501
15236
32566
9716
7982
25170
26330
8214
19931
28244
11519
30826
2258
9427
14738
4026
9223
26374
4551
7161
27888
16026
606
14713
18150
6290
16164
7262
26319
8785
7100
30291
29178
31989
16799
25723
1098
15079
1890
31146
24983
23472
19768
14550
22097
14863
695
5064
2918
8264
14815
16919
20838
30398
27480
1111
9958
16580
20475
10126
32290
23473
29588
23783
1510
13362
25830
14763
31150
26085
9968
29548
15628
31011
18287
11396
17994
13085
16036
25790
7248
11306
31831
25170
27593
8287
17948
10007
30594
11873
19157
17908
26642
30839
3960
11415
16064
23523
6419
13674
28577
12915
30733
5571
26369
21075
6318
31836
32260
16421
31969
29698
8845
18259
17209
24209
13919
27812
7987
7199
27011
28430
9915
12920
5097
19148
6385
2251
21074
29360
556
2978
27244
13241
24895
19735
14911
30440
12796
30021
14025
21840
247
5886
15845
12909
27789
15548
16242
20662
14116
16857
432
5237
20147
19458
1261
26839
28038
30953
19042
31551
14395
5178
600
16608
32017
27089
25999
31371
30818
2090
15839
10949
17005
1816
25120
12829
19033
9914
10568
1469
631
23211
6355
13374
8648
5498
21096
11457
7871
26714
1209
31803
18247
19226
25515
29968
6664
8279
27575
29924
17638
18928
29839
15533
27851
25018
22277
3853
8871
27253
10793
2272
10677
3327
23474
26641
29439
13768
10144
13489
29220
9862
13087
74
12121
20522
20141
12144
15022
2322
9087
410
25747
29568
20513
19248
24474
10315
14430
5605
12158
31188
3167
6983
2405
25404
19223
19860
2402
30676
17374
25296
24894
26325
23387
5652
25720
26450
6056
4905
5514
8298
14257
16470
6254
25026
23005
23157
11873
16435
30193
5964
7911
27327
11825
16923
12815
19402
15304
1650
8184
19078
31337
23877
6548
16560
22327
20546
20140
30842
9954
1890
5412
18120
10003
21695
5505
5534
12043
12965
8360
29401
21383
26603
4840
30494
486
18052
26683
6417
22157
14417
26057
16583
12939
3641
31918
12157
21625
17788
18941
3978
30884
14148
22533
16530
17519
26238
1235
13309
242
24551
12792
28071
26855
24682
8588
31961
3527
13737
9330
377
6192
3290
32222
4477
26506
9172
8213
4773
21738
4201
9844
23658
7478
4599
12468
13874
13963
8506
876
1477
5339
12900
4567
16900
8667
23920
21720
32217
27676
24755
4923
8042
20855
12724
32574
6034
10415
4157
19792
11665
11858
20402
10264
13058
14560
19106
9657
13326
30767
13468
8789
30688
17422
15940
9168
25944
15913
16293
10966
8196
19245
23753
5407
29004
10028
22663
29937
20972
6466
2461
487
10152
2681
9727
1778
2874
1002
22638
29085
10896
22565
21579
26261
6964
31699
23470
32616
12556
20890
27571
5517
11587
27969
788
16037
22919
4629
14077
24064
25461
28811
2587
28515
3153
26406
14839
28424
251
19099
30338
743
28190
31028
14320
18740
9387
15730
9930
28713
25222
17398
19007
31493
4991
10401
28860
22613
7811
24315
1724
11634
4883
31185
20448
31563
19190
5667
13890
100
21547
27965
9223
31775
14114
21027
6963
14139
27948
7730
32705
30106
6959
20741
18420
13639
25758
26518
1768
24247
27304
11941
1388
19023
19376
5214
23828
16167
14078
15670
18825
20238
26804
24598
9252
13262
8707
11707
15803
4529
29086
18269
2747
17219
24687
2190
21879
4698
22154
10342
27328
596
19551
30173
29878
4000
7219
13176
30685
2176
2001
22056
9844
25356
18044
11119
32258
13435
12073
10948
25393
11678
21227
30265
12255
16557
7087
20059
26483
21574
17193
32089
1389
10163
13838
32105
6722
19564
14212
24168
10854
22748
22743
11968
938
14440
6509
27535
31944
15534
17148
15366
21308
21514
22010
31759
6998
2399
6741
23090
30350
12564
10341
3257
1047
26460
32287
25106
16311
17339
29835
12406
17109
26054
10616
26824
7124
16170
12654
20672
12191
16111
9700
10312
22917
16894
25523
15910
15688
27873
3531
14300
32624
21195
10276
4300
22501
3544
24312
5280
12989
11413
20016
22761
21331
6339
23836
31238
11673
23384
614
8008
27055
25031
1097
2644
17844
10369
2302
13768
18908
28348
2935
18209
706
22387
2128
22492
13824
7086
30467
23003
17662
12803
25435
6923
12807
3933
15147
11332
31650
25852
9279
12144
16927
32701
28307
20720
27504
11420
30403
28731
14650
18039
3267
15304
1324
20757
13008
17455
6032
17766
18598
19083
19487
29452
30452
20002
31002
6939
28429
7496
19606
10269
21216
28032
5144
10074
22826
16101
8801
26454
490
3784
18315
24474
28438
7579
3925
17847
13708
19469
14780
29577
14923
21367
8651
697
28643
23927
1715
16773
2090
16090
27422
25796
28209
22976
32449
6948
7286
27386
17968
26039
9051
18103
29943
22958
29655
18528
11750
12132
17004
31168
7596
17054
5721
13672
9128
26641
22800
18514
31995
15396
31210
22212
9698
20216
31258
2167
25923
20901
29920
16377
13957
10439
30719
24912
1445
2106
16496
27616
29062
31777
12120
27535
2185
813
2872
1318
13150
7708
24931
8698
16922
30847
7094
32461
20361
3777
7811
8687
28357
30053
718
31912
22279
9615
16572
15323
446
29382
24136
3043
28382
3576
30264
21441
891
14782
11087
11129
13974
5090
23493
4537
55
6175
10484
9404
16060
16423
10068
25198
1648
25835
19113
13265
3935
17686
25211
18335
13673
21722
15047
49
16022
15088
13556
30879
23465
7898
27912
25897
5880
11372
16156
21205
9594
28810
16654
2650
20002
29491
1141
6717
23403
12991
13530
19514
19253
25700
26149
2533
12495
7679
10069
29841
32085
19729
11636
13425
8764
7944
10954
17149
16939
16065
9810
13463
25612
2890
26474
17775
23652
11244
18894
11684
24799
9577
3527
172
31280
21634
30880
7157
18455
29116
22874
26828
19395
612
17825
30079
11355
23249
8958
10686
10712
5609
20557
6727
12821
9703
882
16323
19497
25179
12104
5354
19956
14193
1498
24558
4088
23159
27350
11031
4970
10138
27198
12458
20105
3312
1889
15888
4911
9916
30730
21044
17318
28909
8183
31533
18876
12775
24716
14109
1050
646
4297
23641
7633
5984
12666
19658
1078
12107
12717
30867
28400
19232
22377
29683
11855
4798
8349
9325
13280
2897
12375
18727
2366
724
7222
25233
10538
21716
11810
15686
28382
27767
28218
9271
3999
10174
2318
32262
21138
7
26127
22960
31440
7126
580
11887
6076
11732
25406
21215
12181
17688
13901
28511
30791
29350
28660
28602
4743
26677
32667
14343
31518
29750
27524
8397
9861
32529
26880
32363
31411
28082
17635
14263
6963
3396
12341
12262
15225
27708
17706
1964
27510
17562
22612
31139
4714
23403
27160
22001
3066
31123
19551
24870
7042
25033
20621
6755
10668
26595
4535
11457
66
3412
12049
4080
30784
18163
2725
7199
20014
20478
24651
5404
4268
11870
18645
28861
23887
19500
32138
23678
24491
19061
28630
18027
18097
28986
2367
27969
9276
24763
10139
15312
27366
26614
10624
29603
32288
9322
7933
27363
2178
20256
29319
24953
3167
23276
7734
12659
25245
18417
16690
24233
7107
20579
10600
18848
30548
21137
9601
2478
25948
7202
13076
12895
17992
31390
23834
2072
23802
13617
24227
26618
10013
21420
24008
26377
4022
22221
21217
27790
12284
17856
28664
19386
4714
13541
7293
8331
11282
10708
22842
29684
52
159
8330
27448
8719
13911
5830
1687
2295
15569
7937
13100
27304
15273
10229
13334
4058
25224
17724
9942
22294
12451
26820
9976
22983
21892
20605
21750
26516
3853
31828
17497
19437
10426
16485
5409
4580
38
18284
15463
14911
13009
6525
16449
6091
22816
31478
27366
17907
29349
14257
14610
28048
26529
11902
1964
19459
17351
12496
17575
12418
3651
2742
10022
25519
25339
18189
13027
11631
12565
1013
2769
27897
17081
27521
22272
30509
29208
9395
16833
12072
12205
20647
20492
3349
15810
26638
6430
1861
17719
3294
8550
4483
10111
9288
23714
9889
12779
19691
6982
4183
5675
1351
26397
24910
19474
5748
4914
21879
16537
5907
753
3233
30247
6790
27786
21323
31247
24668
6806
28086
21338
6159
28925
6463
20168
3314
14615
14316
19473
20069
30993
23109
28784
10315
23187
7013
25186
32702
25759
848
29356
26625
3261
25479
22171
949
25429
25050
22415
1616
24412
9598
7099
27084
3378
23135
27686
11420
9419
32439
7157
11236
19214
12000
29933
28137
634
25447
19764
28871
3855
21857
10839
20834
20844
32002
5521
24222
23861
24171
1355
27859
20151
6340
32735
32123
9167
27531
23457
3886
7175
9771
16416
10705
25603
13777
19625
31498
4124
17787
2061
5878
10826
9298
32164
12575
22343
26169
11154
25000
22257
29350
9801
19147
25585
30128
5456
12934
13978
26474
27970
25744
12051
7536
2841
28818
27321
6847
5292
6292
18623
4554
17015
949
8727
19658
30363
2336
14486
28757
17701
10043
8531
19506
20883
31522
11856
11884
9621
19539
7004
27813
25872
171
567
6061
872
3217
23032
3411
24063
13169
1452
23675
24569
11372
13888
12145
4931
32589
9121
12413
17107
11711
24865
7352
4657
31934
20765
31005
11830
29260
31708
7651
31507
23397
19899
3083
25494
28212
135
16693
11689
23687
13355
32183
30748
27265
31371
12528
17828
23950
23215
32730
14627
22428
3876
6623
26409
29321
927
20462
24763
12247
21988
8653
23380
4263
24038
13745
6698
27109
304
28172
31922
18624
21891
4518
22118
31581
22209
14831
29638
4556
13321
31636
28829
27451
30756
32080
17285
9065
4384
28933
8877
29790
31546
8971
9690
24666
4866
5063
18860
14347
21177
20352
14371
20738
32510
30831
31329
104
1706
14101
30642
11757
6648
1234
26057
4866
15593
1202
3661
31304
22758
24202
3476
4936
4519
20548
28334
11876
24917
26999
18597
29965
16363
9531
16643
29239
23010
22075
6037
32522
6669
6411
8047
26587
2754
16572
18736
23898
21050
29102
8839
1549
20026
24230
28406
17405
4851
23584
15830
687
20776
15847
8604
8533
26510
13026
27738
19782
9080
4913
5513
24748
29875
21625
11525
6524
6319
6267
32601
15532
224
2540
20285
31136
30820
31616
18525
8677
19686
32073
3932
2337
32450
23615
4889
8522
15466
16416
817
10007
11528
23418
4037
29364
20069
25093
22141
16570
27145
14647
8396
1886
26020
5907
22390
11241
29356
834
20304
11368
24904
28260
21319
4516
6765
21416
4004
15700
1350
6298
17039
26770
23514
7997
21969
26252
13033
15962
17886
32636
14614
5143
31250
30682
29004
26315
29243
6095
27738
2065
27992
18158
17888
28188
28064
4127
26735
30538
15814
8667
23788
3067
23420
7839
10549
4771
27446
20890
519
27166
6448
7081
21536
24132
2994
11398
26784
19134
19091
23613
10421
24600
16380
14559
17527
16150
13934
7289
16657
24140
30726
24391
12834
28137
29440
31270
8803
11732
1915
11592
28553
27130
25211
32555
7533
4326
2612
10188
25706
6290
32646
15384
32518
9596
6340
11683
31445
10237
31161
29340
4251
25558
19693
27137
18353
5644
8740
20495
26794
11511
5672
22269
821
18069
10184
14313
2885
26916
24097
20499
20848
10735
9244
7753
23189
13928
32056
13474
23234
29559
30602
29295
22357
10002
32514
6767
13409
24590
30191
6466
12627
4148
14021
4128
6357
3224
25374
30667
10226
26662
9216
28610
28795
23678
16222
3512
15018
13570
9953
16708
10758
28716
25576
8154
10630
2854
1229
11514
25337
11156
28522
29351
17829
7092
15579
32283
24623
19626
646
5305
4539
21269
11353
13635
22099
4582
19539
14669
12941
1906
838
10994
616
28870
26331
8901
12152
14138
2262
16906
4675
23625
923
7463
746
22431
12273
10837
23820
7028
26631
2203
31463
13081
31669
13053
27584
12240
14851
29681
27013
22497
13295
11538
20914
19434
7275
18200
9585
5751
27046
24072
21765
22994
7052
32168
23144
4125
19344
566
26419
4509
27049
29017
10687
21849
19098
24408
28042
8164
27511
13450
6876
5239
3685
26382
22954
23618
5281
31931
23482
22532
14788
26970
4616
4058
5189
7443
20841
21844
32575
22310
10862
19406
20852
4316
30859
19198
1427
5308
27768
20425
14262
5633
5592
28507
7215
23628
12313
118
21380
22423
13979
28426
16312
12394
1044
28167
16076
10321
307
31599
28294
24205
9859
27311
23921
19722
21907
26927
19749
4497
19796
12584
27080
22335
15810
24246
6869
29750
16070
6958
20764
3986
11867
4785
30219
25503
14833
26625
24619
28745
5902
6804
28909
12755
12091
4839
16295
12236
17182
18709
30170
30783
18660
14760
16566
23339
2530
7343
31712
31282
17275
4881
31090
149
20292
15904
2884
5984
5734
30065
12650
27106
21572
3820
4605
20064
27742
27935
7711
26379
22389
18391
2105
20270
27633
25330
28551
10412
1407
10095
25815
7594
20478
21191
11405
10889
14748
12416
25067
17431
20540
4607
24463
11782
3612
30878
4413
5533
22964
9726
4831
17581
15585
1695
16586
199
5954
10925
7491
27308
20450
16669
12098
29189
18968
18681
15990
12628
8620
27896
4232
17963
29243
15698
2980
31132
11741
15314
25142
19696
18180
28205
11249
16027
12712
27282
4118
23408
32673
4738
25843
28690
7252
28642
26794
28331
27537
26703
30515
23776
20412
15025
24996
24068
23339
31507
19120
11659
12496
178
11374
7618
22552
31315
27484
28350
2066
7386
6820
4498
11732
8217
21918
11206
12827
32230
21141
28420
16945
10096
4814
6419
8212
9427
21446
12298
15828
21225
9660
20157
10301
13155
19311
5500
1206
793
18217
4861
9833
2719
14588
14742
32420
23833
29260
13487
27775
31056
25230
12920
12224
261
16718
30167
763
31365
6519
17573
8446
20605
6607
1561
14700
1040
20161
9604
6311
17703
10591
3391
1779
25864
30631
19938
8921
22315
12805
17847
15050
13384
16922
23663
27141
29621
9916
10003
31931
20207
6462
2109
24432
887
6129
8327
7588
26335
31210
9028
13235
292
28678
25454
14330
8510
5932
11488
7995
8182
32722
15813
8258
17656
20163
29777
31433
553
23327
1199
9626
31034
28067
19258
10227
32638
1322
3823
8750
5112
17524
18466
18849
31673
27943
16241
23492
30825
3091
6391
19601
19747
15034
8130
13361
1414
6672
25990
16340
13064
27263
2706
10721
5262
25902
16900
32079
23610
14979
26169
10322
1924
23015
12680
8763
32141
26313
28464
10393
26543
32485
14478
22437
30809
13766
4756
8669
5146
27017
32630
27374
4347
21733
22694
18903
18
616
1283
13900
13652
1283
24398
9560
427
6601
24797
22855
21321
5876
25747
26819
12347
19497
5647
16701
16193
14333
24868
10383
21213
14007
30089
479
10922
3671
13010
22982
24303
31704
4255
32177
10868
9651
22292
8840
1684
6052
15241
24206
19860
11184
13698
31369
22323
1127
8161
24098
17282
31847
31322
7054
26614
12065
24360
24174
4796
32480
254
16884
6220
15367
17729
21064
24385
20889
20084
15658
24168
6911
2804
30168
16663
18182
7141
20530
9664
27688
10348
22300
10949
12812
28958
25124
15758
13392
14265
11877
24538
645
20242
32426
22354
24955
26447
1751
31588
12735
27222
9861
5454
8035
31878
14061
1657
32509
30116
28679
10505
31730
26136
10483
7858
31733
31833
30615
461
23498
24230
29578
11435
26960
19703
8240
2857
16062
7987
16935
10884
25389
29603
9186
31599
21591
8615
3476
31331
23966
17575
29776
12855
24656
29517
9326
19696
28969
30449
27440
9946
28441
5973
934
6104
30536
20115
19150
26360
23128
31059
32512
7242
30442
22337
3721
9459
7523
28607
14743
32125
24816
11990
2901
22129
31175
20083
28246
26408
7344
24528
24631
25310
27588
2352
2176
17416
25717
19407
14028
25063
28367
26137
3114
1118
29182
9754
21442
27137
4623
16438
20156
29806
31483
32282
30557
28384
23777
23026
32627
8961
32147
23004
3572
12288
852
16285
32738
22500
23776
24724
12401
14112
27309
14828
3180
6759
19825
5397
29909
26305
32228
20596
13516
18399
4551
8281
3761
6315
21029
23602
9357
14884
1753
11263
16302
19561
6992
10758
15250
32275
144
19656
6151
26056
28793
11571
30351
6670
30283
32025
1801
31580
24681
16865
10126
25719
32605
10109
15258
13564
22043
32668
32364
27192
8074
16672
21679
14912
19776
7122
24921
25918
25485
29780
25044
12554
22204
23640
5468
17146
19861
23312
13224
19450
27943
6629
14028
15071
4548
18796
31838
26872
6476
21142
471
29926
8879
10279
16445
16302
26285
19561
27391
16397
3552
24353
5665
8204
10237
18370
1944
22739
10327
20449
14328
16578
2980
16873
17996
16318
2820
24592
25413
7625
63
18313
30616
8150
24398
5115
2465
26331
26910
22323
9804
17703
31632
14614
20789
32246
8900
21465
16398
9027
20375
8308
25922
1501
22378
1875
3543
27581
8486
26959
5785
151
9084
13534
31861
13487
6258
23430
19491
32238
2587
15256
13576
12085
7333
21018
17242
23025
14746
18693
1413
28144
95
13745
8397
2931
8193
7053
6453
15236
32304
1811
20640
649
20364
21755
311
282
1312
31151
14090
5904
13100
23808
3322
15582
21800
7703
12502
1829
4869
21422
29380
2178
27574
7296
25571
1451
26863
5117
18478
12218
16429
32579
24484
22728
1270
17994
19110
22206
20578
3422
3488
2152
474
723
30699
12491
32032
13556
29170
7353
2447
1084
30356
18082
13989
1481
15306
27821
27070
27149
20106
19719
31010
15303
9707
31867
30786
2865
29065
2884
6463
22907
10027
27679
18348
22649
5027
20900
24725
21145
29430
30165
11200
20247
21437
32760
31282
18036
18891
31906
3573
31524
13328
7189
12057
19079
6589
10955
4601
2586
25257
30803
29376
17647
28404
8284
2603
27994
20970
27152
16272
22254
13354
12707
15391
3239
8455
4139
17256
22377
17198
13746
29981
2217
21641
10633
23577
23914
17764
25824
28322
3436
24271
31636
25579
23200
25667
18248
733
13534
30856
18615
19991
17882
18901
13128
12596
31061
18746
22244
4940
21904
28987
23556
29373
14342
24510
1550
28203
19034
18215
28641
24261
17295
31425
30382
26570
18807
6752
18187
8012
1646
8516
16450
13365
18248
23617
8687
13703
13703
2845
14282
24296
465
12602
30657
3677
4770
22900
17994
18262
2879
20813
21751
26347
16107
8008
20298
28005
25692
14482
18892
256
7536
14823
10073
3567
10013
10164
26814
10145
17830
31097
6790
3907
16661
29810
21776
902
1509
6518
741
15778
15871
10783
24905
16283
30184
2347
28432
22466
8760
31266
15795
32128
6478
1081
22691
27471
21826
31863
14045
6665
4635
31510
27327
357
7234
16428
1050
16830
25399
19339
22664
6935
9347
11237
9728
21853
17134
18740
17319
32235
7665
11864
21737
7764
32110
5634
13001
20572
26015
16082
32629
21319
26445
19132
6174
1623
16450
11696
22790
27792
24576
28538
26587
7614
9395
17639
30787
18617
25701
17449
16056
10984
5745
14460
1430
8452
12602
22794
6258
13598
4124
26380
31150
19940
30115
30515
5706
25376
32251
27206
27645
23425
5544
22796
21893
30622
18551
30572
28987
28216
31925
13011
21994
7615
28318
4054
2529
30488
24
2841
28743
1438
12450
367
8367
14439
20871
25410
23788
20680
19031
14134
6439
6683
407
12297
18991
20159
15800
22974
28175
20065
4678
8698
742
2426
11618
16302
24563
17945
6514
15862
9456
8675
18199
11841
13217
30040
29536
17843
26540
31832
15933
27079
171
26597
1334
28729
29312
15658
22108
5667
4072
9660
3968
29286
17236
5409
32164
26443
18932
26511
4271
22378
9492
24053
30565
8651
13739
6976
14229
10572
13873
1751
5780
27458
1714
14439
26091
26979
32545
20710
2125
27364
15342
25810
17100
22750
6362
23482
11852
14838
19979
26880
23863
4413
25435
477
2418
9301
28150
29861
24208
27862
19492
1357
13382
14575
21347
13098
19743
16209
9401
3067
28017
10824
6984
12330
24208
24107
2339
27727
12865
32503
13920
3062
23154
31031
22127
18850
26920
4647
26538
18
3256
17176
12588
194
7226
25622
21223
13237
18491
27081
7153
25714
17330
15001
6943
24653
31029
24341
7637
18919
8301
4502
4380
17912
18376
28959
30965
25932
9837
23432
29166
28684
19061
13020
28914
30271
30552
4607
13669
18832
18597
13460
8561
17490
27895
5661
27802
449
3364
3172
25753
27531
13239
24859
12391
16527
18593
11967
18840
30948
29995
1218
8170
11037
1071
5864
6942
22219
4744
31730
28422
14404
9159
16250
30176
2467
28455
19230
1250
21776
30916
27360
28438
15426
19207
28877
10856
22849
25701
15325
19198
7281
11593
9755
18631
19404
2638
7685
17239
1903
24242
28470
14322
30552
4872
32322
24038
1646
29740
31714
7454
20161
32380
21329
21237
6932
26949
22517
22856
8601
1660
30274
975
23547
19119
27612
1965
8353
4410
19195
325
24882
28862
19732
3152
12884
13263
14518
8748
186
18925
24242
12919
5981
17590
29310
10717
23305
13657
16859
23342
24348
32334
4022
32436
14219
27973
5708
15299
11301
12636
29842
28817
12572
404
2772
11336
18625
1926
2716
3930
12943
25170
15829
1557
2923
21977
18736
4471
17194
31276
28103
4675
2900
32579
3585
19028
8999
22771
31157
2098
9439
26394
17810
12515
14389
28189
12734
7172
20006
29588
25533
30232
18933
21315
30613
7455
15219
8269
11311
11115
3710
9892
12033
9391
21448
8388
19178
31065
1754
30113
32349
21537
30040
4829
15554
26082
11142
14143
24345
9129
2571
16737
2017
11020
26869
22184
32312
16574
27646
30329
17475
7520
27661
19882
27856
31897
6656
24119
29754
8808
16041
20279
8333
19129
15382
30990
11499
14135
13334
483
17455
20322
30712
7765
3791
1761
9622
19049
22535
32281
5523
3783
3636
4350
32480
9767
8830
18473
29573
5894
3001
24620
6814
5533
28813
23330
19363
16915
15573
20618
28397
5874
9798
28501
18294
7128
25681
26173
2529
12399
8010
9817
25786
926
23241
13294
24062
2817
24401
31113
10718
3735
26415
20810
24256
7355
4773
14467
10887
31318
26440
24962
27924
25426
24231
6058
23564
12114
18477
10697
5084
11936
585
20133
14843
21350
20171
14296
5231
31522
18066
18142
14995
27732
12388
6253
17175
23673
16157
23044
4936
4669
31500
7623
13202
30701
23194
8330
19779
12843
20012
13868
13713
3813
17227
20518
10719
24712
25347
21091
8508
6512
3976
10835
22317
15268
25888
23611
29612
28864
16956
31439
29808
24114
6888
15618
15215
2473
7014
9757
26274
25035
24086
29710
21768
16167
14490
18435
31981
29034
25654
15672
30572
11477
1405
25101
25907
27630
22314
18268
4230
6518
31820
6665
28807
5788
15782
31451
29108
29040
13909
2186
10161
24474
13235
20505
19528
20812
19580
5989
12206
12405
29487
13823
32263
8248
1975
28727
32301
20636
11339
2169
11693
14981
24979
31453
24083
22499
11788
5881
14184
11305
21677
27642
17400
12545
24267
15091
26969
31549
32058
25460
29352
11281
1205
32351
4118
640
2431
6903
28579
8469
24139
21050
21290
23507
31322
9329
18334
8814
2787
21765
24979
23228
13239
14484
8960
16230
17189
10564
28227
5859
23835
5463
10853
22183
24975
23552
31904
1687
4637
27765
15134
30913
15090
23366
32004
10570
25320
25069
27567
23207
18162
31910
14653
16912
9403
6785
24656
22578
6282
5045
4366
8741
4713
23095
28525
1693
9862
6283
1709
868
15577
13019
5670
22280
25607
24134
6979
29393
19335
17018
15567
18677
10499
22917
31599
19215
3329
488
19312
11470
27330
30445
31683
16106
22378
9019
3654
30301
17506
424
25926
29647
14587
78
27201
8018
20308
6625
4592
11343
30845
6464
24964
6592
19420
15177
22833
672
26064
8946
26601
21152
6549
21397
19562
13084
31336
9612
1914
17485
32747
26878
17265
30400
18890
11000
21753
6407
18079
20672
14610
28078
16915
32102
13401
23921
7750
30107
30601
6571
15474
30150
27970
17170
22731
11861
5385
26786
23977
23121
3985
29399
29160
9270
16440
20255
18063
19713
10197
28559
26545
18826
23729
29397
5265
18964
17363
2158
25353
24611
28545
25881
12845
13966
18179
23435
12331
4052
23466
28004
30582
32435
3857
26722
1827
3319
28323
25556
6803
17553
26717
12882
9298
20200
15573
7084
28735
7796
21116
29472
12525
22152
20000
24016
31818
25967
5301
23923
31614
1211
6740
29514
21014
5082
8836
28501
98
234
21945
16328
17691
13262
20506
21689
16969
12162
3463
27675
26980
23979
22235
23023
29370
14451
5230
8377
25616
18067
10719
28209
27276
7601
16144
20540
3027
24301
6769
13850
29294
25015
28802
4577
22898
227
19603
11818
23392
15871
30414
3082
10314
12004
31608
23876
26423
27019
14196
28348
18121
25122
3593
5935
285
28511
11237
32290
22259
26901
31585
20248
17935
5381
11782
11528
32479
22006
32592
31246
23901
20744
5299
18273
26935
32069
7900
389
8493
20857
8249
11458
5563
1091
31931
17876
5881
4717
14043
6884
31167
32633
32219
12471
14348
1148
29006
2086
28841
8496
15834
22478
2569
17220
30525
3592
31860
30710
21390
12060
1893
23524
11205
25521
22064
15647
25982
19336
22503
9090
10746
26730
20095
13122
3687
13663
22831
7621
4449
15905
32281
5304
4536
19152
30508
29532
8820
29671
17993
4640
24598
12911
21668
30837
11041
16499
8558
24798
27609
23987
17329
17222
17227
19612
17275
22935
19853
7032
3646
21128
22855
3555
2679
9911
14450
14974
3726
17399
3680
12519
16125
747
16125
15336
6069
6868
25428
5102
9405
1959
26453
5565
11805
5731
13525
20835
23290
2977
4054
1386
4098
6252
2057
23122
3339
4436
9105
29247
3574
7102
9994
8430
29402
17790
7882
24557
13151
15016
3430
21260
8551
3490
25464
28943
16116
17790
9376
9381
11078
9863
24009
31134
27459
26906
20654
10840
4380
21176
30876
8570
1838
25944
19577
17381
550
6402
25093
5864
24169
21401
22112
5811
27827
4857
8141
20751
29181
32066
11445
6220
24229
19314
29679
25210
201
16954
23102
10460
13811
11530
4379
23449
24572
3951
21173
15797
8490
158
7991
15680
9116
25937
24393
7117
28648
31697
4057
31526
5890
28244
23323
8766
13152
24458
17102
3687
1371
9587
16322
9413
11993
9843
31383
6147
21033
3240
455
22084
6190
17275
8423
4957
25024
29557
15657
17217
10319
28757
23334
6332
20937
19807
12762
23653
31678
3062
28400
12238
451
6253
4160
4349
17172
2331
30359
12832
27517
21421
5558
31100
17274
27840
26013
15783
19357
1456
30985
4599
10032
23722
23867
14138
6684
21257
9979
1191
7689
15839
20701
23829
21191
9425
20163
1131
19948
25385
31395
26968
3519
24358
16010
14148
4949
19350
8161
17542
26618
10151
4080
12503
4563
28923
9632
18438
15297
15354
9349
31982
5255
9836
29979
4262
10544
22599
29264
14839
16043
1733
12355
24851
28345
11706
8268
17283
3081
29477
13884
5218
4512
26885
29414
27849
8575
8558
30686
8330
22144
18651
2176
19233
28034
15046
7220
10471
2501
17526
26097
4233
6295
2585
29952
8377
6193
16914
21251
30243
17884
14996
17205
32163
30552
23920
1779
14005
9085
9771
19324
31277
24099
15956
9461
6440
19264
13332
15024
26690
19792
32519
2221
2825
29434
18250
23137
5042
26608
8918
25271
19211
27927
15628
5461
13489
7144
7312
9504
9091
30998
31579
19458
29270
6768
25868
16363
13547
25610
3967
30997
29982
8343
8609
11661
20575
31002
23683
9711
2406
4030
23213
20336
25123
16897
22964
12066
20980
22040
16911
6772
27675
6031
24870
22776
2671
10033
2476
4970
4177
551
3631
13293
23010
1124
18925
7063
11124
27200
11242
20784
13630
5474
30783
3383
32595
6372
13237
18214
20949
20658
28050
10232
28005
2099
23475
1511
10207
29740
31963
19834
16708
993
13643
31679
1272
19837
6547
3541
2862
6579
23463
2478
11936
21158
3637
1043
2691
23046
12854
18409
5306
2684
17092
690
10314
26697
13099
6743
5134
17706
4930
4132
428
23422
19964
5396
18631
9386
13882
13135
630
28349
21987
12529
28917
30032
13111
4109
3995
433
96
20466
24332
22080
26954
21420
16816
26904
29621
4558
31844
12786
9609
29039
12143
3911
25961
30835
23479
1717
18826
12044
18485
25764
18630
23679
23462
32553
492
300
16003
8235
3419
12745
22836
23236
3279
14318
641
20457
28026
7126
29257
9806
4183
31588
19574
14724
19643
21092
22576
17508
301
6164
14161
2737
9847
21986
12825
17913
6397
7032
27428
22972
3150
29686
3992
4817
23801
16510
22435
30212
13474
7158
27429
25092
13396
11273
32425
2173
6425
879
15514
641
3784
31087
20148
1068
9503
6818
7096
29576
6929
5881
3428
26286
29793
20737
29346
19758
3440
29286
20992
18609
8532
10679
16480
30941
30249
30056
4080
15993
9132
8221
27485
14802
10246
21030
12612
2141
16101
23621
9194
1437
11985
8120
16684
4935
190
14195
22201
11429
21981
18094
9854
18744
20408
4255
12130
21153
15998
15753
28212
12738
2459
28917
10977
14112
1676
5439
9707
25227
12786
85
14870
19970
32485
21948
18021
16337
12426
18900
29764
10236
29160
10844
11783
3296
8183
20536
22931
11032
31226
24178
11099
19614
11279
29312
9615
6962
26629
10693
6031
29184
109
8282
12710
29309
14836
19725
245
24722
18160
24234
26541
2556
8504
32378
25986
15603
13881
7178
17500
4617
6470
9773
32079
3414
12336
21828
27085
23250
3607
27325
5402
10754
28799
2522
16897
27863
4774
3508
30918
32211
19222
127
12635
29037
10102
6159
28118
5815
31397
23451
22819
27454
4362
22210
15862
1585
32549
32203
27140
16070
15978
10033
20851
4570
3152
15967
1679
2776
16293
5048
22974
13275
2084
28122
13750
20759
19529
16420
3053
27509
6500
10870
25937
28285
23021
9783
27450
23929
17943
1181
31901
25559
17063
8744
9090
17616
8711
29552
32440
28231
31638
20257
29639
13044
3395
6468
15654
28609
23386
13248
10414
8308
669
22560
6735
10127
28823
16022
9986
19828
30253
13888
23550
15053
26742
4779
1583
29227
17357
4758
3556
3309
1316
9208
15048
16228
11675
10564
29715
26677
9297
9195
20737
12030
27257
26658
3460
30268
21937
15847
14133
9324
17552
4926
9873
2160
382
9153
6242
23861
18377
14679
31611
12435
7925
27204
18088
12660
83
30818
27365
10553
31445
13741
13774
9305
18720
4613
14423
3659
3555
13872
1469
17575
10855
20511
24253
25992
25448
29810
7427
23860
18468
14654
29413
30463
4017
28173
21329
30060
24723
5414
5636
30102
13966
527
11261
8654
23225
16721
30770
30598
8660
11643
8321
9326
25819
21865
27369
16092
26587
6086
31482
23921
8965
6096
906
20986
8705
28507
16554
2964
28037
16921
19929
25620
13093
5656
11383
23717
8045
5516
3708
3507
7725
7631
14697
19976
29972
16294
5503
21813
27776
5318
15663
23860
31381
3735
8403
1867
9357
8759
4763
2099
2638
30146
20170
24442
20546
29393
21538
7718
23395
25152
8348
155
5013
30005
9821
24511
8249
24413
3302
15707
21247
26233
4747
28613
13563
2842
8742
12476
27132
11944
28940
5011
24089
23209
14656
9874
29068
3392
25575
17305
5828
12020
14332
21510
5813
5555
24901
3033
28531
14615
25478
24598
255
31720
19956
15467
31840
12001
17132
15379
18678
12471
10213
27130
21516
20311
4516
19490
32428
20079
16559
15941
7607
14129
16899
24508
16437
21844
2057
6303
12265
1371
4039
31278
24616
14361
26195
32367
16108
20341
8846
27417
7205
14443
9998
23473
6991
26195
16476
14067
25417
4966
29536
4979
101
27262
4121
20356
11452
32285
23698
24665
29380
12465
27665
7274
24100
29206
30353
1305
11974
30301
17522
21398
16942
18892
624
19712
9995
26149
4562
8653
3852
11564
10467
23659
4853
27747
22438
8999
31986
19992
17606
20815
3371
23457
14028
11155
27800
29927
15764
13233
16919
24865
4098
24402
7612
23778
29169
13870
11880
18774
13932
7031
30109
24776
12833
18037
28048
5224
12818
11886
21888
30540
19086
28104
6215
23220
4704
24689
303
32658
7750
383
13062
330
20645
19476
5493
23990
20858
9093
11405
15981
17044
1723
3747
26437
1025
4825
27742
28182
7366
6430
24334
8129
7123
19470
28991
13937
1333
18380
5519
17697
8078
31179
32700
31839
13762
11173
5121
11343
8436
13643
24739
10226
11953
6751
21959
28072
14186
5854
12166
14580
31016
24322
17987
24960
2683
5735
14652
11105
31155
17004
10080
27803
27731
15324
27233
11240
21187
25550
2057
7349
1093
8137
19921
7278
22314
24876
19120
5371
2374
15309
6961
26763
3233
20449
15304
19088
3183
2844
21862
10762
15939
1305
14411
4361
21375
31483
31004
7533
7951
11861
25653
30449
17239
11079
15168
26216
31849
14826
28934
29254
23164
32494
22406
9313
154
3970
29764
23801
15256
31860
28388
22262
1355
6298
19959
16754
18425
32368
30229
4727
30222
6402
7980
30474
18960
13325
13335
1128
17109
22369
20595
3727
12276
29065
20654
18432
25209
5550
10336
3780
21981
20665
29407
2733
25909
22968
29198
222
24745
8579
28533
141
5928
1439
13207
19720
10330
10850
1919
10486
13014
16472
29853
26336
12950
14566
14032
25328
9127
11821
5316
18936
15653
561
4734
20917
22631
31035
12853
18006
22647
21372
14180
4408
9669
10738
8221
7412
4636
4752
18592
15003
14548
20377
27948
27712
12106
3661
32277
14519
6541
30919
31255
27805
30554
7974
17130
27800
15691
31723
8214
31968
3659
6050
25609
8703
10573
4037
26471
32469
24382
1245
20129
21470
9527
13290
19913
952
5880
16133
24229
16607
32146
26948
7426
18620
11875
18910
15690
20446
22087
14991
20825
903
1293
1342
20365
17514
3368
5342
4124
32435
2983
11666
13483
17224
11368
28692
11804
1614
32392
11351
21671
9968
27933
18283
17964
9307
12328
14498
32455
9229
18885
25073
24486
11600
25509
18328
6167
15873
8382
27397
9445
7318
14145
19702
23013
2912
26317
23263
10700
16652
7906
19339
8259
19056
27032
12037
16958
14725
28305
13753
18569
17839
8748
29399
26787
16709
29947
7672
8144
2125
6008
6148
13418
19591
9715
14163
24952
25262
20687
7954
24706
29946
21742
9705
17827
16105
22634
4058
25055
13887
32646
8045
8119
17739
19940
16906
3579
31341
10232
23462
3296
20693
2236
30114
20818
30349
16293
21743
12939
13242
19158
15223
30181
22303
8597
22712
3308
19426
763
11698
31160
15507
7407
26628
19834
26474
8021
30802
30036
2000
3970
26601
18798
31009
28659
12710
4678
30385
4159
8724
30791
7437
6475
724
4510
4227
10685
5442
585
27876
5811
8277
25200
25224
9396
5575
24313
9363
19687
4726
18519
3191
25218
15883
930
5818
11398
19929
4589
7418
18346
12040
8660
28974
25748
7154
24404
15918
13903
8397
30176
20854
9466
21387
30896
12838
6333
17150
9565
10574
28930
24896
13483
8041
31713
27986
11685
29479
475
8195
28400
11632
14796
8211
25177
13989
14619
409
3760
28969
13364
21666
31705
23840
9016
1819
7456
10614
7922
7665
13773
22051
2574
2422
27640
19374
23173
6407
32159
3056
5980
20972
19446
24603
24206
11647
12542
10235
1863
656
21337
11899
13394
7689
27741
10090
27349
20174
13415
14975
316
26855
26994
16283
31347
993
9192
4175
8536
30833
28087
4766
30832
24923
20392
24836
20952
9106
18669
13239
9087
16801
25848
28460
27539
32329
25492
31709
14649
4716
10030
19274
11649
31274
23923
11837
2201
7497
5665
24659
5953
22234
15382
27832
5246
8217
9390
20530
21395
25238
10571
31841
17965
13714
32565
8261
13022
2732
16805
23040
12236
3517
25116
13789
13739
15360
29433
7826
24296
30326
75
8898
10023
5000
27364
13254
16112
13295
31151
16813
18341
24273
5443
22657
3000
10540
25015
8908
1818
27768
10936
30043
21495
20616
21978
18498
20384
11442
20268
16673
3017
1071
9231
12965
24564
8644
16456
13649
12077
5794
339
15742
13816
8332
5114
21152
29832
15159
20519
19404
2353
24822
1783
13687
3872
16023
30479
17537
21834
24199
23347
31346
418
3901
18197
24323
29839
2262
18026
29408
157
5629
29251
16300
19059
17422
28827
10565
25861
24187
4652
25674
32266
14702
648
13787
11953
4016
15972
24736
17551
30665
17463
25357
5852
13417
13060
27364
15328
25606
19315
8699
12968
21447
1831
14399
21757
31137
14924
20217
9623
22976
29551
10576
20109
23336
3475
17935
25616
20380
10369
18089
16217
12990
31583
18299
1504
25721
13700
3408
12495
25244
24971
11306
10422
17863
32422
2880
18816
1419
17461
27203
25254
18381
17304
19429
1954
16235
23617
27036
17575
24099
13837
5283
2959
23984
13780
10307
27925
25653
8255
29008
29252
18399
24281
12022
10799
13766
7017
4278
16355
16405
9600
21931
11418
5995
22094
28946
23089
29569
26297
22537
18908
28428
27569
23703
4889
23269
27837
14829
20194
19559
18650
13803
17191
27416
23942
31718
25211
16780
9240
5289
29710
5511
14674
8121
30683
2914
825
12766
6946
6320
26916
31966
20761
2593
21012
9356
25567
8358
23875
25857
4529
2517
2304
28202
2656
14224
15289
6275
24834
23265
25434
22305
17896
1577
7894
2806
7377
14970
9730
6993
17245
25665
25514
30628
7109
2856
30175
26250
12232
14650
2190
17928
32745
23880
15959
8467
21207
11404
7067
15955
6445
18317
10199
3111
14683
9794
14641
3561
22500
3962
7761
11891
28619
8060
6770
7138
20295
8682
26553
4250
19646
17131
13253
11658
18417
23432
19079
18865
19317
23895
25428
23264
25186
8535
17464
23490
30287
7708
12174
21275
18813
18732
20429
24653
24914
10152
5541
28960
29961
21039
15435
1218
13481
28671
26641
8205
31795
27997
4921
22281
18208
28984
15627
4018
30730
22025
3877
25083
18602
10749
27923
14610
30210
31318
8735
6630
31963
28174
8554
13031
31346
29630
3132
6412
1391
1727
29337
22043
4886
20367
533
11301
15553
9078
5865
12879
31118
10089
25413
11993
8277
6702
8424
21080
17885
2497
239
14406
19279
30711
19946
20669
12522
12897
29749
6016
249
24947
25734
15419
26370
4837
1218
8204
18241
17242
8981
19521
27220
11072
8001
18020
4408
21239
15926
25973
1396
12853
23524
3190
31124
24233
28493
28205
19929
3550
5342
15909
3375
28259
4863
29430
13919
7209
3305
32198
9606
13356
22455
6928
12742
19285
9664
8356
21307
19615
31781
27887
25905
634
9894
23421
22676
20333
7610
25276
27303
23038
4830
16131
13305
12246
5933
20178
9110
9249
4145
1116
14970
27956
28409
4162
6987
17778
23915
10658
16967
4976
21980
5968
31099
23895
22750
24163
23861
2954
13657
14836
1213
16009
5854
16418
9024
15382
20023
22617
13581
14230
2115
26325
3332
31161
26369
20833
22090
11101
12522
16741
24130
18352
2692
18207
15033
31125
28212
16945
8289
26698
22099
13148
32129
14151
19845
23435
11498
15721
22854
19475
21805
14159
29382
19513
18443
30981
503
14325
30253
25311
3812
15349
19222
7592
7492
4837
1365
25084
26191
10222
24319
20211
25808
17020
6748
5120
26492
8005
18145
29208
7554
6791
21086
22550
20835
20368
14969
7774
17924
20868
29275
9664
27138
24923
20649
23968
21829
17705
6582
30036
17624
9378
31223
15566
2295
3805
1207
30843
6506
3416
2827
11370
17426
26685
24329
8881
10690
32739
22325
12557
32080
24472
9788
456
14571
28062
23269
25568
15790
23667
7236
26213
4470
16725
30257
17187
12017
29702
18936
23681
7160
7117
14162
21161
14879
3517
4500
29673
1418
24633
13607
3161
13826
22456
20792
22719
30279
4294
31152
8367
9640
2892
5479
15351
22482
31504
31892
1850
1766
383
23433
3034
11214
13483
11677
24347
12496
6032
25705
31878
29283
26523
3895
8076
16962
25453
5815
24684
8384
28380
24820
6231
8283
14394
29063
20689
10131
17114
23050
16986
1277
31441
3792
9806
2451
13818
29651
24586
7502
17981
13806
16720
503
272
17485
28141
14394
24637
32289
8856
15100
8166
26776
25374
1262
32199
268
21436
5218
32188
32635
16844
24926
22403
7479
8101
31215
29122
13278
30652
14528
3660
18573
6927
18923
2976
22353
3779
29199
24499
29406
32011
19363
12271
3204
11597
28298
10875
30814
18304
13799
1213
461
26329
6194
17181
9252
16294
17804
11788
15269
23674
79
6213
17069
13962
25578
23123
28459
11607
3564
10068
17494
8589
23902
7932
27808
14123
15446
16605
28645
741
10185
9445
6633
9927
27041
7464
9473
8730
14607
9439
32016
22667
13603
16561
11957
5258
28058
13362
22211
2289
28151
12458
9714
5606
32469
24855
19668
21762
4475
30581
25610
12467
2481
7996
9399
2782
22994
31019
1333
14025
9507
1092
3591
19001
23651
6168
31503
2519
2211
21572
32001
29912
14424
10556
12056
13277
17071
24135
5384
28440
21792
14539
13619
20401
32582
10443
8991
12392
12526
7854
3624
16763
24174
28226
10354
9162
16184
25344
31266
16185
23214
27026
29902
22614
22328
29330
23345
10556
16276
29333
20772
439
12910
9064
10186
12968
12337
27289
14858
18603
31516
2361
27970
23032
15768
30945
10809
27527
27337
6643
25174
12664
3427
5922
29968
11953
30911
8757
2470
30665
4142
28167
12560
7461
6285
2515
25653
96
18457
430
12894
6384
2181
26709
13291
27655
8010
11817
5445
15288
12351
27000
19987
12635
20073
29694
22705
1842
3860
428
32221
30029
21282
5288
2228
26026
15012
29332
30430
13217
30375
32531
30981
31359
27984
8073
22411
14194
25644
3107
3964
17061
9409
12824
15297
25515
20329
2862
7831
1313
20576
3711
24384
19343
11035
7805
20472
5008
4059
6196
20523
6963
28547
26575
7909
23200
422
18014
12682
20479
28901
1238
25287
17045
8568
2137
3528
16688
17930
23480
27052
24518
14026
31287
14646
30809
16063
14224
8901
29469
21339
26938
17542
23005
27220
13546
22760
15003
25007
10331
32592
7543
11806
32331
32015
4562
17291
13510
2705
5810
27637
22694
214
25192
123
10843
31526
19825
14518
32744
16641
25755
1100
2094
3158
26216
8898
21357
32757
12215
28050
17672
25157
23457
2174
21128
28730
6818
27683
13284
23682
1273
32465
26880
20223
27729
12186
14451
30842
28832
18345
2957
3734
23632
26070
19353
17410
2973
22647
9311
4339
25406
18808
20461
24530
6727
28846
20375
29233
23374
16488
13885
4612
204
16455
26572
25358
28871
2640
29191
26777
23470
7744
25224
4970
25221
32543
15873
27636
26689
20248
31944
11468
4726
23944
12435
24925
15663
23381
14208
23773
26141
10625
8280
7552
21237
30207
9236
28651
30483
6853
22688
26347
23651
29474
224
31591
4993
6994
7665
26771
28447
20048
9649
6247
3752
21995
641
13392
31778
16668
16457
11813
24921
21655
2749
21852
6202
27040
24799
19582
6781
12064
8645
29400
5255
248
22173
5748
8078
18837
24046
583
26366
8644
23585
15532
15643
8904
5439
2577
25320
7851
5116
2032
1864
13009
16885
29698
16740
26835
21814
29615
2636
22922
14079
28616
31201
1641
18376
22648
19186
23824
9346
25976
27301
6431
20768
9859
5913
30792
27734
30730
20809
29865
20640
12328
9780
31064
18055
6104
4923
17727
11296
1126
2506
28714
13781
9507
22074
17950
11367
22877
28150
27885
19508
8846
26845
2055
10678
1748
10728
20115
16205
30625
31501
18366
2110
4276
8291
8531
19707
17224
9862
21645
1189
16779
28733
3369
28623
15953
18266
1726
20613
21770
29922
21585
25484
11761
9326
17956
32492
12935
5841
25040
31148
26176
26619
8339
16605
14204
27678
26603
15834
23736
26639
28772
29133
4614
10478
3758
27253
19130
16137
4850
29735
11111
24574
12902
11539
24586
13344
12064
24009
8836
4892
12840
15100
1358
29661
3024
29829
22120
5036
20040
13738
11922
6300
30317
31393
191
13093
5858
24400
15815
783
14690
19287
24668
17297
27220
8016
30015
699
8864
18261
29619
26641
962
22211
31283
20089
6685
4414
17248
13655
6545
1270
26429
19702
18511
6696
15518
8746
3052
15335
28382
11571
19637
32284
7121
18405
9027
25804
3577
20230
1103
12441
26365
29432
24263
21644
20054
31639
24608
30993
30796
869
21231
12355
6433
28133
19379
16234
6284
7492
6133
8642
6505
11070
9108
10367
10670
10560
18522
23565
11937
11210
15314
668
24904
9496
3934
28636
28449
21249
30340
517
4884
17439
18313
28699
15014
14384
27201
19824
2927
24508
10533
26218
23758
16121
6310
23174
31195
14315
2241
6045
16285
32719
13524
6759
27518
954
9648
6205
11771
126
31215
30243
21920
20941
2184
12549
9780
15521
4512
6977
12337
14554
29091
4966
15479
32297
2708
6203
8256
22574
22433
24068
3415
1501
24315
18688
12933
10278
30180
28982
16460
981
2826
4978
9688
6839
27411
5002
6707
24574
13177
29669
17848
3046
26520
26174
8138
21145
23557
22950
21702
592
27682
10696
18485
19644
11759
21361
1863
16292
6179
21072
16253
12495
20092
3066
3493
8484
2131
27696
14603
23312
17779
5733
12014
20520
17707
20603
21041
31248
29602
2766
29523
17051
16747
10611
1185
14131
6489
29378
24234
2940
26773
18193
10484
12084
27885
1475
15085
31582
15727
17282
2340
15007
16695
13768
29369
4328
2181
30628
787
1621
15379
3003
31696
14677
5797
16269
15106
31756
7393
21497
20888
24821
1889
3843
24090
31436
4871
6870
32666
21419
11152
22021
29927
24435
9324
30998
15363
28013
29645
13633
17879
23857
9215
12405
4646
6855
28407
668
18368
9741
14382
6176
7416
10584
22704
7598
9303
25438
29039
22842
20882
26708
14302
5187
19130
32339
28859
31576
22963
6400
3372
5851
4583
14444
7694
16645
32315
12089
4490
15658
27459
5119
28393
21566
8625
25069
1193
6809
9492
3252
15568
17143
19135
2976
2944
8899
15622
8200
11212
19349
16049
23273
7882
24057
17066
9678
8425
31090
11257
21235
2437
28094
18930
30889
18617
4444
25773
7164
30581
24908
28087
28308
11728
19990
10503
9177
5023
23053
25140
8539
24390
27861
485
3696
14030
35
6024
1823
10040
2500
11079
30268
9745
18145
27703
23253
20807
19585
3795
31949
24891
335
28586
21703
279
25758
20052
11077
354
18090
13482
13073
6354
22048
24119
8925
10081
9953
13289
4646
12194
5635
12300
7518
31318
12057
15993
5449
6203
30389
27915
15784
13860
15915
83
24341
30542
25751
16525
12334
18930
10529
4818
23029
27159
29311
12943
7031
1706
12220
7989
20652
15568
13880
4658
24735
23931
16625
4385
22222
12604
29952
28733
11220
11864
3943
22812
325
21789
8201
10650
21722
9846
30202
16147
28366
26814
8441
469
3975
11986
11323
17620
8313
21866
30315
19872
27720
27305
19182
6293
8748
13298
8299
11601
10394
17918
8331
5996
801
25387
23805
22371
20370
5143
21950
24532
7779
11886
13463
29425
10837
15872
25063
29743
13141
1047
22178
574
160
263
20378
27966
20011
15366
17917
23856
10562
15678
20767
15530
111
28193
21882
15311
27293
21501
9460
32639
27005
22736
29792
20683
11049
5725
19014
24748
3848
22399
19175
29684
29169
17342
1404
2948
1427
26912
9919
23744
14100
6209
13484
11840
26872
18086
14217
27848
1093
27471
29732
3195
9444
2443
7004
2635
25931
24081
4834
8628
3417
25163
15169
2730
10369
6645
22300
21456
18219
24295
30647
11498
28503
7983
4794
13717
132
16739
9521
9270
3792
9014
2006
22832
31072
26184
22675
12890
16386
32579
7491
12976
23569
15139
953
21064
8346
11989
25347
2696
26044
17668
25071
29335
853
24112
26319
17
24283
14080
13434
16383
4231
2265
22675
7174
25529
6319
20238
32734
13976
10267
32495
29446
31992
31918
29781
31414
27266
29062
31672
22550
2062
18206
623
30381
14420
9578
24693
7964
28612
1060
28524
16908
9138
28001
4834
28517
13494
20071
5588
19904
22611
19138
368
9760
17878
17813
20767
22492
10881
5423
10179
18656
10473
5342
27197
9750
26525
2312
25395
2078
29448
2423
21520
20549
30361
26101
5964
20917
4385
14617
14317
6889
18556
7520
8782
29540
24691
14463
21023
24995
6369
4344
8621
19792
5909
25068
7779
4536
32376
24880
1681
5247
31855
11171
21613
13458
19331
19390
31320
9566
29120
3692
13410
2624
15962
6684
4879
26172
19095
31765
9052
13297
488
8202
22525
14796
30041
26095
6121
28285
32300
18955
5656
423
29633
21325
22155
23772
30906
15331
1166
12488
9052
2057
32314
25260
1335
32543
14653
28175
22025
15103
25822
3760
17888
16781
27963
18110
14975
23696
17365
5451
31747
9152
4431
28927
5318
27935
13427
23305
26756
6029
12918
7771
18108
25495
31869
3863
31833
20113
11871
24132
10386
9188
10925
21958
22799
14504
14320
4237
12621
1398
817
780
8515
4727
11199
26605
28486
27073
15404
25859
6442
996
13465
31872
20650
25279
2611
7784
5897
20121
16382
28229
15354
26989
31954
4381
17342
3204
17059
6049
30860
9289
11013
22695
11061
32346
19694
20442
26376
15835
12222
21680
7411
27151
28542
15773
2540
19241
30309
17287
23695
2399
28577
14713
24073
16961
22356
27803
8756
2121
19420
16482
771
179
1111
23300
27425
5006
4198
30255
13269
25108
17714
10234
6697
30519
31661
14364
3915
26236
1051
21851
26675
19724
29392
16200
12422
26889
10811
14378
9403
15134
17955
21304
6012
26202
19505
29451
17999
16958
17839
3154
24949
21268
9871
200
19218
7299
9647
9827
20879
609
27227
20174
26941
11208
13076
25370
10555
7276
22927
26545
3993
30763
22529
31883
20669
9446
13210
11684
13830
16016
28751
10157
20400
4484
29149
9473
32248
3868
28171
9948
5504
28799
21551
20167
8948
31674
19955
27735
4590
7955
15705
4887
15127
22169
23549
19651
7568
4096
24475
15287
18320
172
18384
16806
12878
8716
14629
32399
5409
18473
2377
15341
29669
1663
24734
6191
27810
22283
5367
1639
2152
14245
8609
30278
4989
12688
24736
14408
16571
32592
26938
29228
7219
17595
14266
14247
4374
3411
622
7001
1750
1235
24562
19456
22920
7688
8880
4588
12685
7138
3496
16563
32369
12491
18029
28965
6419
10295
10352
6018
20742
20093
23937
18923
26936
2789
24467
19223
18385
24578
18368
11591
23902
17986
3725
8572
1839
5315
8558
18151
28925
27752
29069
3745
14801
22829
24519
1948
24608
7607
10743
9946
14651
23856
15736
24540
30695
5969
4837
8542
1607
10944
30499
2625
14083
20893
26018
27337
4515
19543
22495
26120
15932
11973
11822
18330
21583
882
5558
24979
4334
14648
4029
1718
14368
3856
32294
29928
9607
29224
22839
17380
20544
566
29344
11311
17931
12301
27065
14927
25004
10861
13580
16952
16529
3360
25875
9991
15284
1602
1091
19186
26563
26081
14409
15231
24703
19398
2195
28149
25442
26513
28178
8208
32132
32524
4158
12537
20671
11961
21339
1653
13329
6317
7163
21085
13123
30113
27589
19534
12744
15431
15220
13217
13544
21210
13859
11678
6430
32505
14791
21484
14014
1973
16637
1868
14810
15849
6662
23176
12647
24266
3855
10661
6556
1214
25526
12640
26011
6770
19403
15065
19539
1062
16211
12169
23717
29516
20435
10617
7365
6226
25291
21430
14564
9916
30080
12032
1292
24437
19966
3778
22091
5479
15710
25159
30483
24649
22341
7722
15073
29112
17069
23054
29981
16522
2024
30352
22337
32351
32737
24442
31294
2936
18598
15929
5916
23757
25379
12434
13024
2137
24112
22416
16818
27577
13007
21185
1343
8437
13742
31650
10845
13726
16884
30039
27117
22553
314
25759
12550
28474
29910
25608
5200
20501
9312
2143
4781
1552
5487
2411
27423
24893
28836
25307
2534
16103
30698
380
20712
16491
12795
20655
16214
25673
28455
15387
15501
13691
2897
31135
2618
1286
4410
12170
8642
25038
8962
19215
225
17070
19435
6899
10641
5832
8033
649
22829
12314
18743
22752
15062
15443
29492
18491
6422
16356
9166
16833
21187
18265
31285
22902
5926
17130
27539
7786
11613
16461
26002
17201
19198
30415
31264
10898
15869
22947
30831
11395
28112
9338
5951
10070
30672
5716
5215
12589
27363
20117
28017
32179
26200
91
5615
19470
8210
28687
20075
28943
5609
28474
283
20908
28237
19098
18324
25009
19500
24182
32214
31410
6678
17710
1673
8004
4256
21526
9350
32365
31750
23172
3481
19288
1300
22312
6789
15693
326
6044
14409
19425
3630
30268
32418
31594
31766
10808
4049
19894
19431
24040
9630
11005
17481
32607
28573
22291
25100
32578
9904
18146
10183
29147
31181
27160
4286
18025
14338
15645
11017
2234
23478
14152
7411
24828
23345
26962
6561
17873
25183
24587
2292
5281
22992
8011
26287
1076
24324
18732
7389
9600
4582
17782
23917
26303
23446
32091
16160
19653
4715
32613
8613
22161
7993
8108
7426
16162
1999
26700
53
4492
708
28182
8987
17226
30836
23942
3986
18646
5445
21493
17882
22647
20783
22800
8258
20314
4219
3209
6656
27877
16842
23565
32096
22600
7514
21877
15649
9301
27013
26944
32027
17809
26762
12609
3622
11915
21392
3989
24888
1644
1768
14808
13773
11728
17299
1176
1932
1492
10756
778
32551
11632
21030
20220
27267
10504
9377
3339
25
10301
22874
278
29084
24073
16184
18163
4571
7947
12590
864
4586
14879
23670
8508
6524
16178
15386
28407
16020
10325
28089
12359
8285
6415
17288
30748
10581
10232
14231
24279
15537
26243
9302
26806
21246
6940
26199
12435
18948
24947
19285
10959
27631
9495
29302
5257
29105
10822
461
25363
1186
6404
21795
18342
873
15978
2551
6996
3616
30785
3267
18239
7603
32463
2945
32009
10889
241
29038
21387
9831
18026
20494
7114
19857
19579
22896
550
4914
4276
20403
20437
11517
32265
3529
24720
533
12328
3451
8332
298
266
3757
9900
8677
5320
17380
16117
5511
22449
10245
31042
27341
8857
24928
4153
10518
31091
21996
15485
9927
6179
21716
18469
7919
16781
31027
30318
18983
1266
10780
5036
32445
28028
23518
16775
7185
20503
30342
21347
17726
11139
1445
20256
12029
20135
5459
26116
1223
14633
24691
31221
10554
27195
13369
748
21950
4536
11498
26790
23912
22383
12259
9373
5919
11455
18141
16438
13053
23652
16495
828
32503
19600
14804
26253
24257
10045
30191
7955
31468
23746
9612
21750
27474
13477
1257
23312
24755
24753
29301
31394
4512
17992
25303
10053
28312
29178
22066
12067
24946
26966
12968
15206
7162
20223
10269
13553
14815
3331
317
24910
14797
31081
1472
19432
4566
10505
20972
20347
25366
25761
18268
21448
4247
29732
31489
5005
15730
13397
17510
32436
30263
10901
21048
3275
2447
2809
26629
5044
21536
25760
10564
30366
945
26692
5526
16692
5519
32014
6731
787
5167
6063
23848
32642
22548
1964
9319
1373
20467
12025
0
851
5142
22474
6183
11346
18686
7334
17686
16446
5452
5821
21516
19689
12002
18043
7574
31552
17221
27229
20749
15554
16197
14340
6496
27959
14817
11144
32531
15518
1637
24846
11144
30055
12757
11421
29054
29410
28558
25645
16087
23544
14635
4097
23454
30233
9638
30007
6728
9333
15295
11934
23866
26479
17314
18375
5516
28750
23492
3679
7949
7478
21774
3515
7559
29016
6717
26805
16196
23909
9865
1463
2256
27720
20356
16661
3585
10260
26182
6560
15413
19259
29639
2936
6619
4610
5260
3361
7989
16433
14214
25305
3163
12047
17463
15401
24708
30605
27670
20411
22145
3266
11061
26987
2698
23191
15393
7840
11581
15556
777
7389
26596
25083
13347
18067
22007
28514
14668
4666
14306
30791
6895
24479
17159
7696
28711
14208
13063
27760
6696
10582
61
17889
20187
15218
24460
29774
14024
8523
28507
12815
8761
11287
13789
16155
6556
10648
21654
22137
19754
9529
5403
6136
10182
16217
13081
14880
2344
3815
1944
6248
27450
16687
31105
29098
30402
27635
22366
27347
19266
17854
32354
10719
32284
14453
29353
7429
5370
559
19648
16942
32621
22598
8296
684
21461
16559
16535
30505
21376
5510
1216
10205
31254
26349
29524
7429
7220
12055
30089
21392
22871
3232
30810
27163
25852
30496
7887
6687
27397
8703
27006
20841
4959
395
30546
32715
26850
9799
17291
27922
10104
25222
1286
11063
13698
28217
4799
30938
19575
32006
29076
10219
5326
31386
28492
23723
14623
24895
28375
14547
13445
24241
18903
18194
24646
15149
27488
15037
1206
14028
2044
22467
29016
20751
5875
5855
24647
11963
28873
23057
10452
4583
14087
17742
1393
6227
26943
3959
28878
13307
19274
24456
24129
4588
212
2578
20843
25431
539
17131
6425
15588
19955
5923
12648
72
32014
17211
4397
1050
6778
14738
26259
28130
25963
27936
1798
29300
24635
13414
5712
28796
20655
22693
10498
6489
5500
9551
26134
7215
29961
3003
27602
1847
18807
12060
31728
21338
11743
27828
13051
19967
4314
13381
20220
21793
20551
17609
18774
6564
16968
8546
18415
23529
20366
21140
10640
22176
727
18354
12687
19421
12724
27798
5803
26734
8848
18325
31031
29037
21486
13235
1147
28689
18674
2834
16215
20425
32547
21937
20521
8844
29039
20563
14321
32618
19568
24508
18611
12136
14317
17443
23325
7306
22948
8421
1898
14129
30022
11383
25990
17831
19908
7326
6259
20985
11209
8930
10475
10757
11655
3392
29511
9683
17335
24351
11423
10281
32731
30341
17203
3417
6087
4491
7689
31838
16991
18446
32728
20007
20898
19880
4389
32563
11752
4062
21932
24414
5735
1179
4353
29691
19196
15582
24183
16418
809
4015
65
26443
22106
29015
10711
24092
31084
19152
18844
7552
30063
25979
5565
3065
15275
16145
24668
4407
15074
23004
30446
2025
22997
23847
4321
467
31497
6643
4482
4641
28107
18411
8479
4603
28786
3738
24936
4953
10212
11996
16667
30233
12380
24722
13025
21327
11114
14490
19315
13020
28475
11007
2816
16194
15130
32108
21971
27574
5431
15847
24625
16503
13735
4539
4480
16735
8877
28854
8879
8887
25144
8341
31697
16464
25772
1213
5387
2767
3301
5676
24241
24393
31098
6062
29868
32016
29502
23124
8479
3532
9485
9762
29258
29645
197
6920
26542
21151
30098
7700
31345
1503
23407
9957
1285
31310
14313
355
19973
7460
16422
22445
14943
21927
15399
6227
27320
15611
12106
3270
18444
2108
27155
13324
17301
22730
26923
13752
19951
26340
9641
282
18809
14969
14993
27827
31742
26170
922
27115
17301
30964
6453
8455
4805
6429
19914
2389
30701
32429
4165
20905
13283
16175
22481
11533
9180
8215
31971
22453
652
25430
9083
26673
17550
16940
6823
16614
5125
2621
21832
13759
12164
4328
24600
14880
12331
28884
30956
11036
31507
17867
11063
2535
25069
23244
5584
14990
14053
32347
15861
6885
22477
28956
5007
1473
29815
8864
2743
5736
5218
12415
28282
16454
8089
23463
20697
3810
28377
26611
15380
8720
9970
6656
2345
14951
25455
18236
32663
27125
29817
11327
8807
15666
13305
32095
20077
28723
13821
25982
3532
1056
22621
26407
17592
18664
30110
21466
7040
12083
16150
19875
18891
30361
593
1777
10017
3089
23988
13478
9390
11436
10336
26219
5187
8323
4442
14662
24734
8685
14824
6254
6891
17654
20286
94
395
29453
26457
30760
25619
20221
9516
13580
2200
5407
26618
7241
30250
19405
2563
5939
18590
22553
29282
28038
29073
19135
32310
6650
2729
31065
1280
19735
7454
14290
31820
4683
633
17949
32404
19258
17052
17959
14689
30037
4867
19978
1715
28078
23369
27267
13731
9994
25326
9638
17991
1592
3159
26064
7382
22690
16662
14558
28684
6434
29548
24476
30416
30487
22796
11648
6421
21431
17186
4249
10238
10663
14228
21954
24901
4809
12168
32027
16861
24661
7974
12986
27606
31019
10911
16285
9090
29287
11374
1763
10198
5686
28894
25404
27154
19689
19148
30879
26789
7240
26030
20027
12618
12585
30932
17583
20088
10049
16366
15485
9209
825
23759
188
32472
4868
1648
18958
23681
10353
10552
28114
11556
25084
23674
3483
5466
30186
20800
23264
29451
13205
7751
17141
10639
12036
3402
5945
30995
19134
19843
1426
25919
5088
12144
29974
28438
9326
19923
6923
9757
32743
18428
23570
21695
7708
29002
19871
19440
6209
6640
27564
4625
11333
21749
22191
30995
2655
24447
11721
24544
8426
3408
22848
8950
23154
24209
22831
85
527
8910
27772
29340
16881
19779
9227
18287
28733
24150
13873
29979
7704
1636
9836
29565
7424
26048
5457
7200
28259
3577
19653
21925
20842
10332
23664
3688
25366
26042
23151
19040
1167
7020
7241
18503
31673
12691
31781
507
519
18084
32314
3109
13716
11301
27270
6424
8304
8369
11971
8956
18999
27458
7319
299
2025
15280
22539
27867
32245
29812
2622
14590
2199
16818
11355
16742
32356
8567
32456
21805
292
16703
160
8276
20703
21690
31588
22698
21819
18895
30445
12783
20741
32226
10661
23866
29709
22610
14583
6040
16183
28230
24068
3062
28367
5034
17048
3137
24349
32116
10844
26059
7993
22828
15437
21745
9761
32171
108
23547
24073
6435
26039
323
31218
95
25689
14490
18814
844
4126
31719
32515
27321
12073
22289
7134
859
10473
27423
30474
23060
24905
11422
4593
3444
21543
24899
12161
22657
1288
8402
24963
15027
5898
23870
40
24899
8474
13842
16357
13734
4710
6927
22913
13652
15125
535
30829
30413
19766
13386
25427
32734
27127
30318
4849
20768
3864
4244
11048
19139
30879
30968
2640
20105
19148
9770
25295
17173
6223
19563
4842
23654
6329
2650
11995
19871
9009
18640
28963
18441
16744
21000
1313
27482
28367
25603
24548
2872
22535
16938
6974
28153
11928
2614
1817
26797
25831
20557
25870
31838
26210
18029
564
22678
8190
29454
9014
26402
27875
15107
30377
17686
15205
17058
412
19729
32311
27172
14960
5826
15835
26959
17898
4011
24157
20050
2694
4389
27969
25584
3598
6053
3002
17120
20844
32573
18717
4724
7869
26982
404
15482
32166
12284
5399
6240
16875
2442
2712
20891
26685
17096
29566
3400
13652
12642
9045
4884
19262
17403
4036
32090
10487
21362
27839
13452
18489
6500
22781
14804
19861
28658
11949
1275
32451
16068
19557
31113
29495
14669
27227
14126
13044
21073
20439
18784
14245
2213
31976
31302
1002
28983
7255
19669
17648
8782
20953
25145
12868
25618
14472
20086
8169
19022
9620
8271
30376
7029
822
8295
1703
10467
22502
2982
26685
31846
19918
19678
24325
32509
20094
31150
29489
31967
1761
5799
13601
10943
26480
26286
24373
4175
29861
18849
18911
31747
31667
28222
26108
25623
32628
23360
12644
22739
29091
5066
22975
27662
3147
23305
411
12785
24447
23318
23484
16125
26444
13081
4275
18255
15852
12468
8883
17187
15932
14495
17311
15512
10865
8847
20839
10931
11014
3165
27797
32165
14840
26724
23843
16465
20022
19243
14736
29449
23379
15428
1075
920
31103
3699
13006
1670
18869
787
21606
5527
27190
15542
18770
30613
3893
17676
16787
30031
5076
10758
30051
32738
5967
30266
19472
3127
31351
2186
25867
18381
20835
3840
14140
2745
7522
10493
15001
10987
25395
29843
20471
5298
29049
2863
23328
19587
27497
12667
17189
15862
27590
16002
19702
31761
21519
32278
1071
22217
7159
4718
9781
27078
13589
6420
17282
2151
22237
5887
2877
11014
18127
28667
29966
16765
28910
27986
15664
3816
25716
6053
26312
29357
2244
26651
14453
17082
7840
5310
26408
6926
24988
31777
25398
18043
24018
29766
31659
9386
19928
192
19426
12639
5359
13333
10066
4350
10621
16486
30635
17999
958
31570
16674
30078
25782
22807
16648
22630
2410
8954
23202
18446
7759
27882
17973
32628
1795
3680
13920
31626
20027
8841
26542
7295
20989
21415
20076
27711
15
30133
22200
11837
13999
13385
27355
7280
7556
22463
13273
30107
2773
26004
18502
16594
18681
8208
15706
27194
20494
10536
20040
7440
18414
19618
3532
32493
26207
13690
22019
12360
32138
4741
27264
13884
20143
28244
156
12683
29974
15963
8717
1764
32073
27986
7611
23649
31872
25820
31439
4180
15453
23143
8716
3395
20185
25427
12642
7985
7807
5206
11712
11807
20184
12319
1835
467
294
10553
8973
29400
20820
31539
24783
11462
7982
7934
19625
26052
30670
7830
29881
12106
13142
3044
5203
17452
6885
24292
2457
30676
10947
32515
18763
10958
17631
31691
17632
26763
26492
14529
30421
4702
15399
4238
2373
15307
4844
13150
19130
7169
7625
17542
25923
14501
99
31593
3014
11729
2040
19356
4504
14173
8085
22600
8267
24413
21641
14032
32711
30186
32537
17588
9372
13862
25461
5302
30871
15482
24299
14139
4500
12834
30043
25075
19090
20972
21227
15036
29453
10812
5627
18884
2184
16468
30044
22254
11881
30930
5820
13944
22537
27002
10597
18650
22796
30774
6440
12785
20462
27483
28051
2908
7903
20270
10603
5671
26321
21671
15958
12198
14543
3445
26839
3492
29072
10561
2175
1470
29516
6199
18530
25609
12750
14019
11209
5371
17611
26264
21286
9864
29810
14583
3405
25739
29764
3630
2272
5224
16422
20063
14859
5103
20404
8066
18546
24452
5081
15533
6504
17277
29340
21139
19042
15564
13629
1356
12203
19678
7297
852
11097
17603
3914
18901
28799
19342
5994
32297
1700
9215
8377
154
8564
30047
11878
7277
8374
7084
31370
31008
19582
17142
13315
12527
8612
21001
20095
12445
17012
26700
6359
17520
24487
29417
3487
30334
11667
7470
4603
8743
14750
8244
5811
24803
13304
13758
20362
13374
394
12899
29900
4384
10793
2800
17191
12370
30480
18696
11707
18494
21901
13069
30324
5110
20986
11076
8344
19320
16111
2611
29084
28977
23734
30798
29756
6335
5375
2771
12747
2811
7893
10227
5575
27447
7889
30258
12208
16836
6030
23312
18202
4024
15964
19689
30210
20461
2105
31770
15710
2381
765
5989
18423
22093
20180
12183
20347
1464
19441
32359
22478
14510
20609
5282
13474
8684
31454
13189
3399
19022
29702
21866
21188
32401
13899
10664
23590
19038
11340
1972
7448
9348
15395
7564
10932
12422
4832
23893
665
14677
17463
28226
18494
18782
4725
9401
27782
967
29368
17841
29588
8950
8544
6495
19680
16468
23233
4369
29066
18768
3098
1114
15599
17830
4299
18799
13179
21217
20418
11473
11198
31006
19767
3116
3521
15636
1177
6271
7322
4945
7880
894
32318
6342
22660
7221
30103
13446
11558
7917
726
1739
6541
15443
24075
18746
2908
7127
32754
1128
20579
23891
11536
16028
6746
24045
14079
2007
27349
17470
26631
1809
31604
6068
19694
27846
30298
26420
20752
28337
4833
17156
24754
12504
27276
3561
1427
16328
6718
27020
12740
34
937
16930
11450
14166
17160
15692
22178
4527
11537
4156
13812
18832
26917
282
843
21501
31691
6054
10100
13916
21852
16670
24516
27005
14592
27490
31919
28121
4056
23382
28311
29975
31869
17032
5346
17621
17066
22547
847
13988
22325
30915
12682
31060
11332
4729
18686
30579
3517
24273
1258
1808
8702
12547
22711
18116
25295
23303
20617
19444
8852
28157
24596
1616
29128
22987
5041
31903
30886
12296
22448
18111
6441
3609
18928
26855
27959
29337
18862
29744
29977
511
14747
4180
2607
32378
10289
21173
27106
30496
21062
1697
27865
29256
13282
19156
15984
5940
6990
10302
10342
6900
29293
1543
18133
29830
12879
7889
14440
7234
13572
23357
7880
23158
22958
13744
855
26957
11994
2903
29729
28149
5905
32360
27920
3328
7081
19883
24927
7691
25057
17722
31056
17054
30254
11397
22562
25684
25039
21912
32317
24124
16039
12705
7089
21886
15692
3756
26334
1346
20828
25266
19316
461
30736
18386
1439
14061
19731
3550
32123
9624
24980
1305
30414
9424
2458
26175
26870
10697
5015
31686
4896
23374
7745
28772
8379
29793
157
26321
29229
14882
30812
16078
24004
2290
4715
11110
31983
15575
454
32372
22958
31010
22669
19813
4167
4944
22361
21311
14651
9519
18128
13282
12152
2626
3959
1167
1744
19557
968
15782
18090
17332
4229
31156
15607
28074
18251
9644
32104
16262
30570
1653
24798
30707
18676
14245
6435
13287
3604
1933
11479
19148
16033
21621
28589
13790
20979
20264
19159
1748
27382
18100
27070
12738
2684
24939
7927
11838
15320
26413
5490
13250
28584
234
8693
5457
30962
4450
18633
93
24691
2863
19380
8937
563
26630
21543
31979
10589
9530
3511
24820
7758
27009
17617
26642
23276
14331
23978
23798
22841
21616
14198
25170
12328
15578
20442
22661
29359
23587
15011
18042
1309
23087
16824
18893
23726
11549
16717
21040
23900
20426
5210
11278
18937
16791
9548
7790
31355
13165
30458
8217
19607
1534
14810
26623
657
32077
16757
23767
1106
19824
28184
10246
14011
25748
24269
28610
23865
5699
32649
31863
14745
3042
18343
19817
24094
7806
15509
24732
26065
32200
3278
12785
1817
18525
22280
13713
13451
31051
29102
20878
16387
20177
18064
6856
13300
3687
5850
22798
22268
18942
15170
5766
3516
2697
13446
15951
3814
956
8214
3684
7575
13588
25869
24772
15848
7191
11622
4048
6080
23517
32621
31220
31724
32207
2931
26761
16241
12207
454
24058
24864
8921
1249
3878
11628
28872
3039
3078
21625
10459
18742
23440
9845
27481
27041
3803
27179
13748
16222
3971
469
17418
11674
11599
21042
11249
26666
12049
8153
5236
23419
27342
22221
12121
20684
10527
28753
22438
8858
22487
27390
31075
5468
20454
2322
9888
10353
12926
18699
32186
29527
8564
19573
17627
25373
22248
8448
24256
27675
24616
8149
31935
992
32722
22314
12808
30572
31545
12820
19499
29088
22282
21149
5338
17906
18224
21015
24816
21349
22004
23472
4275
5049
1641
21830
25942
10974
30215
2684
20419
2735
16790
3597
7319
32477
12622
17760
8557
13609
28732
21085
20319
5591
21223
20352
20170
95
28980
4651
2130
16485
6023
26433
16166
20203
21291
32240
8325
13254
7668
29902
27778
6990
27938
15656
7172
29786
10121
18582
10256
10860
18159
13523
22091
20520
10422
27084
11962
19979
20923
24055
32461
26969
10621
29926
3484
14167
28802
11292
25968
20667
30198
2591
22149
22881
20630
975
5902
12351
7884
19445
9338
23451
4635
16671
18934
1403
18878
28076
28723
7262
16524
20003
6761
27689
21023
20937
13468
17252
6965
18802
5918
30886
14678
14487
25429
25678
11704
15529
7614
8820
26463
32421
10546
12576
14472
25321
1896
16057
15176
27462
700
15552
26993
32598
9518
2750
27573
3855
8366
19834
25614
17305
3223
18032
14173
12893
7289
16255
6737
18015
13339
24290
25994
21453
31936
30561
29950
2520
24490
10440
5788
14018
2525
25753
19504
4664
23845
11006
25735
483
29274
5121
12243
3130
4323
30975
21328
28058
16249
21082
40
920
21037
7535
4501
662
6573
24264
22085
10644
6083
5266
2306
26697
23838
11601
15506
11122
29781
22226
16092
17259
32297
14689
14157
6396
25355
29501
1146
9333
15838
26697
7431
23293
25597
14852
30663
1575
11904
31675
16164
14790
26811
30462
21442
23555
2056
5200
25183
29612
4295
15394
4350
12495
19618
17411
1860
25480
13846
15377
22050
21783
15662
12467
692
14133
18834
13450
14441
7593
7617
18084
26213
13846
32667
26867
19491
12823
18978
31486
14687
6029
19585
11479
1331
27448
6734
7757
128
27013
12556
32354
26511
16807
5876
16128
5880
1769
22261
12519
1987
19523
32249
7146
22222
7723
32106
10075
23406
20141
5876
9924
4441
18366
13709
7895
22980
22478
22451
5800
22472
11420
28405
2330
27658
28750
22709
2711
5019
15553
21548
30469
11805
22814
6575
15349
28456
30126
30512
4893
32492
23023
5639
16648
3607
14567
19955
11276
24825
8120
10587
24445
5605
12917
32474
20256
10971
11060
17403
28386
1637
20324
32065
29386
1983
20321
28523
19245
25146
17478
30197
12577
18402
16387
8930
22323
10079
9135
3001
4701
281
12319
26574
3890
6048
1207
25538
26460
32586
128
20045
11080
20766
14715
571
13344
1264
32309
12725
20986
14030
5532
30402
10831
23451
12561
19726
23214
10490
17598
22761
13233
13422
14890
8082
8241
3519
12554
5302
3254
22687
16987
8500
25393
10637
31149
1827
28398
10746
30914
18198
15556
18346
31063
27294
19343
29534
8514
22545
8416
12976
23741
5002
5618
2366
13058
4401
28896
32010
18712
31933
7702
14881
1772
6711
7685
6523
4771
9216
31516
3875
5679
18965
23539
17303
800
13970
1481
23666
18621
15221
25392
14408
12372
3493
25351
8658
21454
12595
17321
15947
25222
31455
7780
15129
10332
19166
18221
32432
2821
25818
21649
24756
29093
2363
25583
11613
19103
13221
28133
30752
9131
8897
16136
396
2090
3393
26840
13426
6583
10270
16115
32328
5887
25124
13448
1743
17618
30897
11791
2804
28026
18874
6967
24308
27211
1806
27936
23492
27515
11999
15563
15280
29236
28030
13775
10818
12520
19558
6477
2917
17893
21116
27941
15818
1065
31125
11114
23691
15991
7481
1556
17423
18602
18087
4853
24109
9034
31256
29679
31124
1373
26952
20323
12394
14463
12083
11500
8755
31541
31004
2638
1269
23935
16596
15529
20889
19372
31801
29171
3989
15218
26109
26276
968
12094
17321
9139
18085
969
19681
22722
1428
15340
6121
9878
29589
16053
12136
28105
11559
15290
13676
30147
4968
10669
14255
32742
25213
4913
6425
6921
1844
9708
13445
19240
30696
14302
7368
22873
5286
14065
7663
24578
21133
14033
25545
26442
13947
4349
27046
9677
25318
19231
5981
14740
15623
14233
12180
27972
27966
1120
29499
23957
16050
11277
7770
4870
8760
32049
8717
25552
22646
11241
16332
12824
1864
8627
27120
23144
15970
32640
3443
26208
12087
1547
10488
22441
7194
22632
21771
7979
17059
19680
8617
5248
17749
16380
27907
424
22653
7648
6015
5886
13917
5594
14592
23402
7818
11323
15207
27865
25747
7782
32346
9450
20963
19750
26692
30186
24297
8517
2204
5123
1910
7770
12139
16048
15974
6114
7688
15988
17538
15506
13606
27340
26277
27628
17425
19554
26398
2577
23861
12163
5718
17878
21472
15059
24243
1305
18249
24128
18363
27478
24272
11828
13437
11893
7047
32527
24876
11750
25330
21716
25614
32752
9995
31522
13716
26950
20361
22887
971
29404
18530
22352
21747
4600
22927
25988
15724
5772
11279
32401
11482
21443
8238
13350
5761
14042
22791
7300
30961
16433
8520
13359
2280
4770
3381
2025
884
3345
32240
15072
27480
8772
27127
15655
13745
25333
3822
18019
10713
28198
28831
26823
30860
15285
18751
20546
20041
30000
20210
502
25851
20714
29330
12269
22745
9039
31660
29959
17547
6772
9676
3383
26766
22515
8955
24047
25049
23797
10117
25305
13249
31888
25344
21192
10522
18516
2697
4334
20639
11040
22609
15951
6292
9786
9305
32629
19881
25759
31353
19046
290
6296
20903
20691
6709
22414
18550
23186
5811
26655
2781
9295
16107
13938
17722
5758
20684
25287
18582
26771
26185
7762
17451
1142
6914
19017
14371
15921
13600
3388
1443
13292
21888
21157
16392
27164
29461
26816
9073
30711
9607
12444
21629
22571
800
5234
19798
12751
5609
14391
7150
11674
11280
6253
21896
11091
1933
2878
25467
27528
12549
22475
3378
387
29167
22466
25464
8570
14837
22318
28914
7942
29597
9876
21485
12246
3112
4923
9563
18085
12987
14795
20759
6761
4796
26394
17265
11726
3455
31554
4070
27362
14114
759
29999
10002
6837
31511
25214
9045
2462
29315
25092
23719
31292
32302
3254
16569
14795
13171
27473
6887
30088
7340
26779
19818
24341
23552
14572
10959
28702
28796
23278
935
4413
20837
5537
15489
10267
21453
6050
21
20697
3685
7084
25026
18094
12178
13919
1083
16337
31171
12608
6269
16537
23041
5890
18692
10722
19656
21764
25918
1716
1301
5658
24896
23839
2496
14992
32184
1641
15628
4460
11298
21100
637
14068
831
31289
30441
15472
22467
9729
28370
32049
19790
2614
12019
17618
29598
24557
4889
10942
17411
15495
5940
18162
4883
3216
30382
9221
19102
13799
22011
4709
32741
9503
10866
16611
14854
18982
21595
15986
31931
18468
8009
18731
27460
23718
7338
3733
6050
16892
3228
16676
20998
4319
18690
9983
3209
25944
26327
1542
10013
19165
451
4372
14276
13244
26092
14977
8960
32701
3087
4076
6282
22018
7119
823
18502
22067
26701
17618
25463
25816
6904
4925
15920
5894
167
9160
9483
318
11493
2206
15132
28050
26507
14337
29736
15625
6293
6359
32531
30789
9774
14438
13464
21347
30989
3420
24125
10531
6916
27666
27013
12617
9174
4113
23399
30275
26698
24278
6143
19979
8061
18386
21124
23119
29308
26037
14714
21456
10770
17644
13096
9480
28383
29544
15949
6159
20394
15778
19215
7103
505
15580
8244
25623
4318
6825
8340
27101
28179
11695
1230
3463
6473
21420
23867
24924
20926
11447
28704
24279
1550
7113
18472
2892
30283
12411
1809
20429
15439
24081
20645
2127
11857
9144
25068
3593
20407
2572
10400
16669
17451
6621
28385
21882
30961
12339
28458
26369
30840
21391
25732
6375
7215
28276
27385
17498
4249
4902
17484
31335
24484
11442
21735
23835
30007
16686
27925
5096
21002
10562
12913
24395
24762
24808
15775
4012
8477
21871
16441
25478
7635
21702
18188
4295
24605
503
27781
32122
22002
29426
3942
27555
24144
23436
25021
7274
28625
27079
25623
11900
3454
14164
8433
15279
32231
29782
15471
31205
30836
12137
11345
25394
15606
24291
11298
10561
18817
3930
16818
30707
8830
23398
26055
19274
24828
4263
9488
23686
31559
9738
19802
27277
31676
26441
31494
24976
6619
31153
6843
9708
27038
7720
13144
1614
5385
21614
3117
6427
21507
17315
874
2319
5732
3082
10455
5412
5199
26124
28870
18357
14530
12928
4935
10467
6763
24617
27546
28728
30398
19072
27626
31114
25412
30132
31032
290
10550
19440
17301
27422
32586
16348
28308
6676
5581
30822
7679
6392
10482
27074
15049
7232
3434
32687
1092
7749
27444
15613
16788
6893
6839
29772
10084
11911
22542
32278
17879
7158
16547
4080
4801
32274
20223
6412
25624
10315
18656
18435
28325
31376
21388
7633
7423
11375
8806
12833
21178
21373
29631
3276
28636
10488
20462
14492
10384
21163
16035
29525
1311
13074
26232
7926
7707
1215
19145
22588
26846
17660
7110
22120
10291
12722
19654
30786
21842
24201
25823
8798
5394
9553
15795
21150
3418
30113
9356
3320
11992
18365
4524
1401
18166
14013
27102
11146
28170
1516
32337
31347
9677
5487
16038
13085
15375
2599
20808
25372
17833
11480
1532
23788
17842
17546
22201
1403
21750
28719
27321
6888
23971
17287
20432
22667
16198
11073
24061
7221
28406
23651
31039
28857
26575
21227
9641
8619
32675
9142
8633
15463
29675
9634
31462
8789
17156
13808
20600
4204
9624
7148
14492
16373
15450
20431
31672
1170
17910
10468
6652
2942
28999
14058
20282
8214
8139
19130
2295
6553
11349
29225
706
22060
2562
27440
31940
26401
20334
21066
16537
21112
552
4126
26718
3494
13923
19038
7179
5526
22254
23535
14595
18414
10598
6218
6122
24979
25258
24098
25783
18031
24463
15687
15626
30322
21973
13258
2239
21462
4442
18018
16579
7848
4494
30734
6182
18820
6951
25852
15218
2976
4630
1194
6716
21515
12217
22347
28408
567
26962
620
30994
1974
6840
8407
7482
22337
18764
18871
24575
17662
4911
4862
28319
15363
7858
4868
10781
27926
7694
9584
26773
23222
15190
30556
24781
26208
169
7860
29708
17163
4268
16607
18991
28917
17207
3234
29689
9889
31311
2881
1963
19232
17237
3303
27604
26001
6268
13383
17515
9700
22145
25988
13851
27363
14998
7246
29662
26994
31903
27983
19149
22805
22944
14021
8247
18868
8822
17520
5616
1691
8902
27310
18667
10949
29748
23781
24075
19034
4565
17185
20791
21878
16358
21246
15021
6188
7102
28617
32408
31691
26625
5602
6884
27999
26903
5476
1873
3451
26076
24584
23494
3382
8345
28231
12521
23668
23604
32703
28396
3431
16803
15064
32425
4437
14758
28583
4338
12955
3766
531
28706
28658
27448
16182
4088
7409
2039
8710
20390
27603
7889
19252
8740
17531
30129
12372
4298
3253
5565
17983
19486
17855
720
10933
16107
8968
1834
4423
22419
32311
26470
30580
31653
19567
4781
25619
22962
30929
9002
13809
3421
18499
17085
17850
18866
10864
18420
24349
32185
7184
7991
21803
10058
32362
21570
13824
18466
2071
20441
24998
12599
13064
7606
2102
6217
19403
20167
21312
11194
1545
19350
15981
6303
14932
11017
25443
14103
12575
24907
15593
20700
7950
23306
9548
13847
13937
22755
5121
5241
29195
7962
24203
17543
32023
19855
160
309
23693
29677
12167
15799
15777
13861
15556
3476
3468
5403
3063
21244
16016
12190
8194
10075
24118
3998
874
12846
24795
22425
4096
25110
18026
25687
22976
15402
31851
14039
16633
13714
8509
14985
28590
19282
3231
15294
17980
19555
16758
8796
31550
2568
11466
17622
29358
25183
22033
26459
4173
22838
25776
15182
2372
13089
7871
29431
30987
18121
17676
15736
15754
30855
28771
16130
24190
5170
21517
22856
1055
31029
2455
22580
16640
19684
18901
22233
13110
10000
14117
28842
16572
27864
7416
4841
29462
19907
18575
610
13877
5900
24323
26968
32411
20797
21640
448
6847
23551
26866
12205
13235
31793
19833
8204
16644
4151
22457
16273
29666
24213
26109
7665
23936
12988
22716
4434
21694
15395
17764
11775
24326
25498
18007
26209
8307
2780
3123
26411
5945
27235
5207
980
9793
384
10403
18250
13075
19626
3198
31973
23289
13847
31518
17817
865
29833
23300
3441
18820
19563
19141
30008
5445
26396
27408
1145
21340
13451
2541
14251
6835
2820
4931
16037
16656
31049
27293
32600
8949
32485
4653
12476
8901
7869
17170
8715
8999
32744
23254
558
175
4288
16955
15220
20156
24633
12599
14218
23452
8562
29757
8104
16375
3466
5822
27912
32106
6069
5872
23964
28786
10127
1742
8448
6540
19888
15968
20910
410
9856
828
3697
15753
24396
18765
18460
21809
4506
28883
6011
4476
26810
9643
12170
30155
17822
17361
16357
26773
21740
25891
23424
20305
19280
31847
14232
8599
15383
8592
22249
14210
15866
29501
29986
22360
21047
12675
18070
18029
16871
30188
24628
24900
25995
11455
23481
32504
2792
13186
3108
9178
27925
16574
22122
18268
29394
30978
620
12590
10011
21802
6182
12710
8189
15841
7465
14693
18345
101
17995
5176
15303
139
29085
19260
14092
19458
31901
29254
14607
29403
19117
25729
24664
18761
4036
13401
10938
30374
13156
21144
4068
30135
24524
12495
10802
27185
4462
25336
25033
28540
15011
1113
19938
17590
20382
25516
16486
31227
20126
14972
12220
740
6248
29650
29406
21069
11509
17937
947
25436
8296
9247
15257
21439
23619
18885
15936
29492
217
26457
1727
27727
31495
12442
19169
27256
8735
21211
10432
24883
29221
5732
21142
22692
13886
12053
11471
25426
14181
76
4707
8491
17248
22537
13154
29640
8178
25936
16849
18419
15955
28111
24756
6246
17117
1729
2412
3542
13576
21778
23363
24624
27544
6340
2374
23843
2325
1937
23123
14302
7292
15058
28530
1563
14900
13471
17512
3676
8515
16440
7818
19316
16578
12707
24016
18762
12686
18583
25642
16090
30785
15001
1815
2428
9057
10341
16243
28009
6615
655
2960
16251
11682
8554
14217
23604
18124
5161
32723
4098
15005
27460
16917
21697
8976
542
12346
2178
19075
3044
14788
395
32690
26552
8035
9119
26086
15
25798
23167
5482
14679
5297
7600
8255
13278
2896
24959
20240
25839
15051
6467
10856
19262
7706
12002
9251
17029
19995
5014
29987
14960
27873
19953
836
21687
23375
10527
25489
11913
27878
26988
19640
22833
3548
10757
3515
17908
3950
18435
23785
10552
3703
32421
4877
6380
10304
6365
9957
27171
29082
23567
31957
4610
25642
4117
24285
3549
13829
18566
12489
5789
20349
21304
13479
9061
21306
28675
29566
32629
27788
13768
7741
30542
22527
18610
31474
24854
23088
17852
12860
1087
6368
1908
4355
9316
2631
10238
4710
13171
28330
25691
17909
28433
2096
17644
26145
27962
1266
12081
13040
23592
20305
17623
25846
31095
14476
13298
19584
1158
12690
23687
28946
12320
1556
28493
17684
22364
19935
27060
16840
31169
2153
4903
32639
17070
5801
24462
7693
8185
1836
23320
4474
11223
26726
823
9978
28156
5446
12524
22047
14339
12301
30788
12878
8463
16223
8483
4208
25779
8602
7488
13545
10511
19048
8049
7630
28732
32400
14377
15698
14571
530
6974
14466
4680
27762
29424
32307
10021
5972
25640
19000
1108
23369
10237
26840
7764
3817
24188
20095
23089
31778
32425
22451
7589
16335
1985
17738
10883
18316
22466
18650
18773
25033
19245
13682
1860
5150
2571
10375
2873
11230
9774
16177
17986
15599
28345
11160
823
729
7395
16040
6557
22556
15863
14861
18378
14279
32415
32347
30794
32070
15203
27020
30338
22140
31341
31152
22163
7186
12943
2016
5250
1038
903
12148
11925
25255
17281
13686
16128
27991
1501
1110
22720
13363
32563
4062
11208
17784
27284
13673
13403
12134
21523
27728
31161
21585
27780
23206
8189
17653
19076
8741
20806
5386
15546
31079
16917
24088
4444
25946
21750
25741
30452
9966
8547
4877
23140
12560
25061
16393
26151
15068
3452
29075
1755
16910
8257
4976
6396
4538
22346
21359
9203
8510
25550
6138
17999
24436
22921
17643
14162
15916
23650
17057
431
4569
20812
31570
23442
6538
5738
17058
16353
17180
1654
23413
11457
32686
19299
4098
11101
15446
17473
4138
1251
21266
610
2567
18638
2050
8635
12487
2155
26324
140
9659
27542
5247
6724
30635
709
26932
2463
11373
31305
26257
30225
2229
4816
24089
28775
2607
813
23521
684
18379
10076
10635
30537
11353
8384
32120
7025
16213
19376
10810
188
28676
11826
25160
530
5824
17414
25590
4043
8335
19431
8612
1812
6395
31245
14901
6293
1566
13302
21955
593
19197
14694
14992
8397
1047
24237
11840
7028
4669
15400
30534
12346
18339
30474
4765
25216
27448
1884
29112
4407
1587
8003
21691
14409
12270
6018
5355
24884
19448
1343
29539
1784
28262
23818
16394
28980
23145
18203
27841
19084
20262
2267
24801
30285
5825
10151
8420
26964
3003
10448
7778
2604
2175
4838
17472
23670
30007
5174
4900
31630
26596
29329
25131
10347
2734
10319
6111
28359
15480
21140
28515
9600
8120
21714
7665
20031
2950
21903
27783
6231
4851
30825
6620
2800
5787
31063
6297
6756
5246
3377
32198
11497
10763
11123
13186
21105
31870
9534
17400
13262
31596
11679
20622
32026
12700
14100
2399
18262
6169
19020
14572
17745
8069
14895
14350
14283
25520
22814
24112
27867
15722
4988
16826
20110
9877
4973
23760
17617
9342
20957
27197
28305
11373
14533
3754
30240
13946
15017
8724
1243
29347
870
11645
6666
21532
9770
28897
18695
26342
27844
1387
8867
9123
11294
28649
19909
13737
16903
14206
4948
26453
8246
21654
24919
10401
2188
3103
2395
25593
24218
2807
15893
5451
12899
21920
5193
22366
26723
24635
2795
23396
8912
25268
24195
32466
20511
15674
11222
29551
714
242
9666
11691
30289
28908
25194
3379
25983
3926
915
29634
5614
2799
15950
15930
15565
8383
1496
21491
8417
17926
23998
16467
7626
11890
5956
2719
27784
660
32264
16400
21821
23189
14307
25642
11828
20773
23568
15177
19491
17077
1424
9085
18349
3302
25804
28567
15403
25153
5245
30852
25516
1576
13769
22746
13370
1292
6062
1713
25184
15585
28068
16308
27881
18895
22910
31608
5609
11051
19602
22540
27906
13477
1049
13521
20192
8131
9433
28555
32262
20878
14849
30649
14541
10379
6996
11298
28841
26348
32393
14001
1711
3336
14322
23170
12628
14345
28253
26685
28536
22756
17976
19619
11427
22415
18424
28006
31374
30318
1467
18494
997
2574
17451
2105
7243
22805
10918
1363
4511
14457
16029
25158
8829
14321
11834
15523
15880
29353
11846
8994
28903
22586
28489
17974
9102
473
28147
5861
3519
26574
8890
18391
848
2857
21701
25773
32302
26544
5129
29588
2466
16923
7858
21785
29395
9860
13764
22079
25229
11033
9474
10446
17472
19220
527
13807
7756
28141
26323
32502
16251
28365
11040
127
26063
14407
24981
19388
17023
18499
7107
18957
32572
12346
14735
24273
10424
26025
18391
23421
8809
30399
12889
31211
1931
30553
19664
20724
7524
14897
30559
30528
15051
10834
25139
18525
18667
22736
13413
15
16709
4789
6685
8167
19700
4926
32253
21271
26933
9800
29117
17541
13606
20229
2578
6942
19662
18163
12757
4205
21854
26895
14433
21868
7862
23878
7997
14746
32299
6188
27387
18509
18056
752
31583
20554
338
24464
11972
2451
19793
15689
21692
19840
1611
4434
13303
5393
6675
18377
10086
12675
11971
24814
5791
29473
32325
28303
19844
12893
2840
1475
30495
28447
4688
30939
16337
31325
24287
28054
25260
24044
25108
9108
9757
30358
13665
32525
3022
29804
26977
11203
14282
13661
17945
27701
21219
11784
24703
26902
27729
21711
10552
5373
7835
17197
22694
30814
31675
329
23586
31161
1149
12235
10374
30225
12072
1006
5615
15776
16736
18902
10433
18633
331
24869
27627
14670
499
26569
16492
31683
3819
1815
17942
7491
31542
5918
16785
10593
22372
3125
9124
9313
21246
25303
5552
30121
19748
32177
12157
22130
22645
10744
14905
6339
13871
15872
9406
23200
3223
1547
3348
31103
23708
29535
823
23035
31415
16795
26906
22476
3861
1610
5099
29175
24824
24249
4761
1858
29019
12294
15764
14059
10453
11642
29652
14745
7359
6424
10524
18067
12185
29302
10624
22832
4266
1996
13861
27279
24295
7499
24392
29575
29462
7856
16257
19169
5427
3864
31817
13253
8467
11030
12219
12403
24135
28931
8087
27956
3907
917
25996
22415
31680
6835
27831
13759
31326
30344
26727
21093
15758
2263
10275
4219
26543
18574
27886
31625
10871
25501
9161
10267
30101
17160
10618
30834
30868
5435
31628
6522
31747
21151
31383
19452
21971
28778
8641
19989
32000
13755
22405
30951
116
26342
15283
26254
25896
15116
5816
13397
12172
20464
20000
13610
7209
4101
601
10320
19332
16076
14778
18516
25926
8028
15555
17986
30363
26946
1959
1304
4056
32652
29959
10619
25952
7713
1537
20905
30664
29012
27497
2479
1849
19384
13398
20444
22038
28213
17889
15733
32479
5723
41
10154
24918
18167
13467
19657
27360
32484
20848
25010
15917
21028
26230
5003
32283
6447
26388
20917
16344
10891
19848
29694
26695
21149
884
4376
30886
32191
13209
6474
3693
18579
26850
2405
6777
27286
7844
18938
4969
12024
9764
3786
10057
28587
1370
19070
12398
18106
13044
2712
29088
27100
21406
20394
23935
25673
23681
13765
27935
8908
16137
309
18934
1561
492
25451
20216
28514
27496
3131
9472
31525
8396
23368
32370
24136
24377
17852
13854
6503
12714
17468
21864
30317
18482
23835
17830
1121
21637
7885
12490
1411
4026
7839
21825
920
19791
20390
20763
32386
16238
17909
10347
26899
20590
14867
2801
26659
13725
24749
7414
2016
7997
27271
18296
23398
10700
16568
21383
14992
29833
20759
21743
4621
307
32497
10263
31158
16660
3069
1833
1310
29502
3473
31347
619
14357
16917
10254
7013
32269
23225
18109
3277
11189
3427
14359
26608
10997
747
3561
4732
14739
30091
32470
30865
8956
5009
3648
9499
18242
31319
27500
13408
4961
23925
19424
21717
20166
11829
17680
18998
25106
22344
26938
9941
31515
24759
11151
12083
12851
4124
20371
7117
5294
22801
26566
11576
14494
12777
10116
18032
15841
8350
3114
366
24670
5131
8570
29176
32651
23899
25921
2749
16179
24002
3638
22689
9590
15467
14886
2134
23057
14513
18254
27180
27359
27793
23817
26666
14752
4959
26539
8797
30458
10425
2988
9584
20157
29626
21513
28541
10603
21103
8167
14115
9976
22927
4985
10457
14030
7270
4133
3713
28948
12563
30690
5441
5424
17651
16357
9614
20874
21853
5756
393
14483
24720
8250
7567
1799
8937
4180
26379
8047
13402
8267
28047
24297
6679
10955
8740
12075
8338
28116
8414
31174
4522
14359
14515
24744
6943
1443
9612
24549
31050
20416
12445
15543
14859
5147
10994
26051
11266
22308
30283
10397
19970
9653
4138
24719
21186
23028
21290
662
3286
10106
25234
10926
22238
12981
29738
3663
19454
14218
27726
30776
25742
831
64
12651
19218
17817
21187
31609
32108
32065
16101
32767
3664
876
17692
22897
6905
31419
20116
6422
18714
9568
15048
28244
24856
26243
27472
21294
22646
29412
16889
25099
24721
29889
17691
14521
19853
9978
24103
3249
27023
11123
26240
21661
2092
8378
30348
11031
28194
15082
11018
20148
24902
25551
21670
25409
29886
9802
17866
22604
25968
26871
12984
6375
6842
15374
22486
26792
8036
16007
23112
4596
9939
24194
5828
18813
29311
30949
21154
27402
11175
7239
819
29559
1347
29453
8020
23548
14906
6354
12099
15026
15317
24333
3761
19538
9331
17645
5400
19264
17023
9864
6222
14281
20384
26421
32091
30121
10287
6966
19336
25297
5870
29851
30136
19303
2295
30562
19963
24333
15858
14563
22369
2918
18571
11884
27148
24534
29476
20264
23945
24202
23750
3397
11617
24249
25182
27221
19434
25641
10278
10997
5987
4084
22369
28077
9536
3724
25675
10520
22467
9981
28752
21829
29132
20338
7292
17500
7410
27387
24627
28293
5586
5261
14370
13573
29351
6987
16757
24746
14364
5123
5450
24426
12382
9212
30822
1351
14452
26863
13095
21622
30675
8787
9658
4287
13869
32733
27790
8743
17291
14664
10505
2765
9883
21330
17017
29714
1355
13831
13133
5884
31638
30785
13957
989
21662
1136
26983
3375
23036
31383
13684
22979
11604
29591
5786
25115
24620
2480
4523
23828
15870
19013
28430
24519
31883
29919
3509
13490
18035
11125
25166
11795
21507
30699
30398
30613
1614
19160
32203
11054
14463
22412
20248
11592
15213
29010
24407
5151
12144
19954
2234
7786
12404
20858
14250
32061
2123
18238
20412
29998
23368
11294
23777
6839
777
28167
25821
11739
2964
17597
27898
22796
1702
2007
2045
22349
10567
9739
89
17812
26530
8619
29347
9074
788
13936
27718
18165
16003
3191
25208
18382
11505
7305
5484
9647
20048
10655
13257
11767
28312
29605
21084
25745
31512
1919
3081
29721
16905
20554
24072
26945
20585
19940
5198
15732
25095
5294
23112
29881
6106
31376
17359
21209
26774
5438
25177
27588
32641
28090
14956
4913
32131
3355
11609
28549
20605
18060
11046
13302
5340
25239
16588
17904
13678
4004
22179
20919
15732
15292
13082
4687
4344
15251
5547
20633
32609
25286
32270
23998
25668
29025
29613
3280
19069
31396
24921
28591
17791
10503
22843
23338
29928
891
21773
30311
26201
6131
18058
22917
18820
12067
3106
32639
10886
28039
7667
3924
9848
1448
1781
16485
20032
24475
32372
24094
11181
22986
13764
11992
7364
1783
11824
16894
31060
3453
11059
26991
14033
3033
5355
25124
32350
9834
24266
28691
26924
8821
18063
29011
22275
12908
32628
11392
4894
22384
7593
24161
15164
31764
22018
19144
7412
11364
26093
21690
32073
3878
14246
25040
32382
1119
5806
3293
6188
3353
2169
27601
21905
24676
7526
27870
20011
20891
19957
3801
3205
27624
14389
30946
22354
26378
20859
13639
4280
22870
24665
5030
8174
19196
21198
30290
6409
3724
17595
3832
5907
697
19094
20099
31838
8540
21602
3132
3351
32700
15583
10294
6174
9228
22782
11497
8725
21557
7063
13341
18104
16854
8542
4874
17516
14217
14612
4541
26138
11113
15354
12733
16189
23249
19083
18415
28218
21350
16746
28087
22769
3415
31386
3424
6033
31459
12013
3518
432
12572
3007
24849
4507
3563
20707
31533
4586
32597
2782
29400
18776
20476
15699
21108
6354
7401
4543
23518
16334
22664
24167
17301
15070
32500
6542
10015
28805
24437
3306
17064
8265
8008
23897
10733
18441
22942
15057
2136
29585
230
19605
11372
10860
25935
11695
25188
28665
1161
3482
25111
2498
1740
18751
21535
8
3356
4131
12858
3235
13515
27102
1776
27657
29759
12239
20599
17580
13558
20238
2771
6281
20166
26274
9537
29949
18538
5620
26326
21723
314
3972
1636
26813
10298
17371
31133
14743
9302
14529
16251
22930
20972
24751
10719
5911
14731
1671
27256
26153
9211
8579
26342
29689
12157
9579
6175
6324
19027
8972
30994
7072
13955
19685
18571
32103
31449
13347
8791
15539
25899
20944
13224
18682
480
12359
3771
6044
11443
18667
25015
3883
7861
27160
5337
15625
7569
14682
5070
2361
12308
9693
18016
23663
31725
24357
31829
27753
12465
9215
20628
8834
9250
32184
18314
20613
944
15244
11468
10175
16192
16993
29694
9816
4397
1206
8435
28387
18316
14038
31509
15923
12981
4945
4104
29552
23807
17324
18826
24171
28618
16728
6814
18479
27075
17121
2025
27097
2659
2408
3932
17833
5817
8787
13075
5720
23402
28995
11133
18604
4086
5702
1214
13131
32572
1103
11089
205
6465
23523
11250
20
21037
24084
10939
20192
29334
2995
21901
4766
15617
17602
21937
13185
3238
31784
1215
19924
20852
21416
26815
19855
3413
13332
15247
26664
14003
13758
389
26795
9275
27952
29524
525
26081
28701
16180
7102
12068
9879
25917
19581
13971
15489
13076
30576
11920
18248
8906
16244
15188
29646
8449
17586
2611
20647
32337
24691
28193
2184
4074
21301
9590
8444
17274
6397
11502
4441
10833
22512
17396
17907
16323
7453
1568
25487
28365
23454
15870
24347
6908
25055
21777
15772
12427
14653
1303
4199
32715
9171
11919
404
26568
11408
30841
1200
5162
32141
7517
32690
21081
28830
2446
48
16869
3624
11952
20691
25636
28210
12408
777
20253
12222
20147
16633
1956
31321
12426
31676
18119
15857
29956
18890
11881
9447
11468
2482
12589
27749
8501
7439
12694
5874
3195
20407
7276
11587
10060
16181
609
340
12166
22138
29940
10168
19523
12751
10902
6958
29459
32526
11787
15988
12936
11794
7444
12384
1528
1388
14923
9772
5758
28503
22094
16402
3394
4847
21535
3096
23290
3485
19659
11054
6321
24790
5706
19574
26055
26629
12711
29411
26426
27333
25697
14597
19491
8020
272
1827
31620
12612
9035
28555
20288
8308
25290
9510
107
3135
16840
16463
10436
16115
23211
17893
32128
3461
4327
9375
10058
24451
18720
7328
23431
29513
27791
17740
6878
12920
15270
9561
14584
10916
13303
4393
4484
32333
3410
17239
3711
25105
4653
25488
25522
31263
22345
28580
9084
11247
5779
15068
4305
14385
12617
30607
21123
12547
7517
32496
27584
8294
16926
19242
7645
29427
2069
22447
5969
31434
8237
23500
5125
7884
17944
4994
21195
2570
493
2705
1067
28540
11542
7637
5734
13815
15977
9941
693
8281
8597
1434
32722
17927
7616
31933
15801
28569
3950
5060
3760
11219
31141
29615
8581
12503
12879
29133
12567
23962
11743
15572
19735
28565
11831
24625
8208
16573
22729
4509
22181
8628
30717
31985
3099
9281
27603
571
24599
27134
3530
6673
6568
19280
3072
21541
31623
27292
32666
9242
11678
1976
16998
28822
24520
10144
18367
6297
2520
25707
31922
25357
27868
31101
29535
3230
14755
24573
23969
26571
124
3978
6897
17213
20033
14121
23943
2648
6804
642
10947
21521
27497
16205
15052
21503
20933
30471
31607
25012
9156
20713
14954
2637
6113
20506
14977
24648
9586
16932
14448
32150
20082
29093
8874
27633
13955
28999
2178
26480
11059
4849
1168
12121
383
24383
9815
22838
27798
8496
7972
23083
12767
23071
13881
14982
24124
12789
18475
10136
24721
14236
21897
22468
11648
1463
25790
29909
20599
8080
15161
148
3565
6737
12747
26523
31464
26232
10320
13924
11715
19845
23697
9381
27694
30709
10345
27360
31350
3956
27431
5685
28679
20815
8756
20092
13615
9512
29942
17040
3620
3053
14323
12013
22345
31499
11066
12926
22189
30686
30719
26032
18132
1900
12677
26571
32443
18004
23873
22146
23318
15617
17980
25545
19676
17443
8121
32230
12549
3424
15128
15819
21907
9286
21754
4003
20431
31621
15782
18859
2005
23131
24747
9539
7506
15951
28615
20037
2445
1314
13576
31893
8868
29443
20529
19449
25624
26882
25439
17963
8332
24519
29420
21293
202
31364
31892
989
29703
17960
2518
27337
30056
30934
16797
30532
19141
17813
15648
1722
8364
6217
9223
8256
10153
19938
21455
3695
5828
15571
5743
19315
14156
8645
11324
29535
24019
17549
11530
12483
29818
26972
1172
22401
31343
25142
3614
8668
7347
21670
4952
17362
19489
1967
12934
18604
29868
19973
28638
28371
14824
24702
30257
30181
23756
15555
19150
4872
11958
23627
30884
32639
13743
22410
30374
21883
26096
18789
19828
12083
5286
1770
16439
15414
2035
32574
31948
16640
18485
22486
5926
13516
5770
6378
21485
29098
11412
32295
1643
10961
10617
16293
1449
7478
20526
26392
31957
11870
31478
1354
6887
28016
26661
23497
25989
10894
17450
20188
13091
6245
5324
13244
4206
11267
27060
20225
5355
12009
30252
5979
27355
14178
30758
4226
3683
31507
4224
21104
2025
12242
28806
4301
9665
28348
185
13995
30985
19841
25807
27251
6609
8707
250
3615
30336
9248
25709
4010
12914
25035
15645
7621
22502
14690
14532
5324
24856
20027
30508
14328
23722
11137
29098
2774
12616
2366
31720
24312
17548
26552
16872
27114
2335
29953
26438
30567
14370
28874
11198
3021
14796
632
14573
2767
340
13690
32092
13930
24593
4057
14522
6682
5088
30480
7529
13901
5318
22303
11069
24
26070
16347
10112
2345
27989
27784
22073
25597
6173
27049
22701
6227
19519
19735
21799
15328
28396
13393
19445
836
406
32019
15795
24381
6738
27690
1740
31258
15233
13958
5181
10611
20143
8337
21916
10264
18107
10175
4185
11335
11576
27238
30789
11810
7956
16849
12624
29279
31863
17040
7831
11586
20462
5905
8862
20936
12489
26741
13529
24870
9410
18844
28786
20081
17631
22658
70
19103
10649
2511
3121
3246
25149
21161
2955
27171
31635
9421
8434
21430
22974
28894
25418
2636
26979
8956
14339
8229
27661
19865
8858
6743
25552
30344
11619
18043
25133
14935
20357
6310
15926
14815
29766
9627
30194
1561
1929
3390
16131
32308
11156
26956
2694
21476
31767
5194
59
10748
618
23739
13542
319
16151
30870
8181
26483
27800
19703
5218
7352
24418
24085
16603
8984
10018
31604
31521
27743
21830
31836
23214
6701
3263
8329
26266
1097
16133
26916
23231
31032
14940
32242
18460
27919
27991
29388
5239
2693
922
335
7494
23116
16355
2772
464
29858
14156
30370
22672
28963
20938
16483
21466
2273
13306
19157
6593
7862
30237
19138
21303
8665
19552
24114
13942
32432
1122
9183
4255
4581
31728
26345
4769
20924
29971
13003
25949
8612
27468
25486
18696
1036
19998
1597
17360
7799
17613
7576
9154
17363
24422
7948
22507
30982
22783
15331
25789
10187
20288
19129
30645
29628
4898
25903
24123
26031
30455
3555
25546
24902
15787
29343
23376
6338
3913
7888
22488
29464
5824
12858
22630
6215
11496
28651
27426
6120
13504
14701
3001
24071
3322
19008
16641
27185
15033
18311
15836
31950
12697
30722
2398
11954
23792
14396
29234
9966
20051
32518
20793
25324
13660
1571
24437
17595
1195
27461
8998
23463
26667
23865
14386
6925
28822
10590
30666
29549
6204
15707
17227
449
1280
28945
30306
18701
11171
11471
17524
10808
14405
16325
1341
3610
24616
31420
13495
30166
184
25348
10813
25962
12232
4525
19184
23684
8479
4858
15194
20888
1331
23058
21585
25391
17716
7417
24350
13186
16460
11455
23775
8775
28198
7671
23850
22731
2733
21867
10227
23617
12054
19726
16048
6745
31776
9522
30906
9237
14746
22011
16119
2777
3878
5396
10934
5057
14910
17312
3034
13622
25972
30836
6715
4804
1278
31363
22089
27430
23665
16281
23795
11427
4557
17229
12999
9118
29114
18993
19034
30568
18705
25931
18922
26968
30622
18889
21570
2590
8229
20720
22750
22868
6562
13398
12112
854
1493
23121
482
12628
12542
18095
19325
8101
7910
935
27849
28254
26910
5904
7318
24612
21131
22481
14203
31550
13347
14233
12988
16622
9969
21712
13937
28418
3935
26829
8933
32678
28084
26185
1341
23420
6108
23571
16218
29167
16488
28678
26368
11204
28373
1593
8247
27633
19729
26741
30449
4787
28219
492
31726
14043
29354
807
10461
2408
11570
577
20420
5979
11682
27475
6561
24007
21649
21807
22610
25640
21595
3665
12210
20725
17254
30226
23045
11385
9130
30239
2966
17886
880
12330
14750
28299
7001
13279
18536
32688
3491
20762
25779
24094
10920
23127
3160
28765
24231
27498
2604
15096
11463
2160
26920
5916
23385
10501
8903
14177
13662
951
3248
28392
1353
11707
18837
28326
11526
25311
16731
27903
32570
2496
25723
27543
15821
18493
16040
3941
24998
15403
7346
16137
4021
11338
18858
31583
24375
17784
10055
9812
21813
14373
9608
11256
14670
18951
23963
16853
10167
12303
21502
12416
1152
17563
9700
23405
13337
28141
9690
31495
15636
18652
11178
15616
14124
27593
7039
16102
11143
21973
26699
5880
19000
24145
5478
24375
6408
14455
31608
30400
32630
24407
21656
27992
21500
32275
21429
19785
20116
10319
19253
14189
1147
30436
9949
1416
20789
23764
15601
26330
20689
18563
15004
10997
20334
25892
12177
11981
20990
4209
31987
8206
7242
22687
11123
2738
22583
5777
27832
25810
16967
30796
19459
3260
32610
4011
21011
27975
32727
14675
8262
15459
5022
28650
18178
2036
5088
24452
23379
1249
17848
19806
4053
21607
23100
10191
21717
13236
12215
21115
17331
18865
14393
714
22922
1823
10578
16537
17683
19685
22810
24367
19399
19624
27764
626
2628
22429
14996
1114
5106
3995
2495
20135
13798
11893
2386
31951
24839
22406
11526
23099
32623
10125
19826
4274
14612
30396
12754
6934
27559
267
26374
20558
22972
26834
2014
6787
21804
18327
23188
11919
26807
16676
26522
22450
17646
19677
28054
11143
29777
10577
22188
14903
6836
11791
4859
3821
17383
28603
31850
5258
1429
27233
10148
12953
30829
9736
18017
13957
19584
2443
32488
23817
31978
20388
23761
4073
26293
21066
16144
11232
18170
8253
26415
25305
25673
4319
3547
3682
26443
19013
8354
1629
9894
28046
3323
20472
27169
23923
15495
14560
26889
21280
9878
12978
2003
13634
6893
691
6402
25954
10695
6592
9548
30577
19737
10376
32504
1956
14106
17400
9354
8834
27139
11767
13986
29499
32019
5716
1314
11323
13015
26620
30607
24063
17576
30321
21690
12327
1909
8055
11679
12493
19907
13585
28557
11798
10993
17323
24967
19974
31681
2201
4331
22681
22548
11456
29009
26639
20981
6035
13238
29575
9689
28226
6362
26575
16421
4909
17126
17019
15345
14751
19026
25396
16140
25017
6662
1875
22336
20652
22207
9135
15575
22828
21941
4274
7773
2081
26235
15539
22952
2463
29734
22655
17942
23064
16817
12857
29718
6096
17824
12901
1514
2194
26852
12095
1451
10146
11519
2641
23693
20466
32104
19524
20324
22168
12337
13047
9319
10624
31207
26062
22068
18014
22714
17485
30741
7655
15069
741
12162
14145
25648
2573
26343
10168
22301
19349
7591
12978
17599
567
31072
9701
18506
3952
31857
17863
29095
27534
1465
24134
25438
23561
32162
19386
1977
25622
21598
4120
8487
9082
13681
18536
14814
6044
5232
5753
14020
29407
30472
21203
4496
32302
8257
6893
32300
14553
260
4000
32606
10911
4572
22492
11944
7180
31225
15258
15213
10501
10106
27409
25940
24993
15596
17965
30194
27962
30733
14397
32163
25540
30166
31724
22456
20830
30649
23410
14808
6183
3624
16651
21152
9299
19542
11176
15245
9854
26945
23525
16924
18495
29168
19772
19503
3841
28921
20344
23475
24846
12103
21612
30080
24813
29210
17892
28544
4846
23119
30684
27156
259
18658
2800
30899
20689
27825
21268
15829
7
23939
5765
32271
15087
26696
14592
28287
323
28835
10033
17002
3393
2981
5742
15396
12545
14300
27813
17712
7687
22156
25747
20905
19221
19004
16951
4832
27714
24180
11143
15687
12624
23750
31073
25998
15931
29451
5316
14603
4622
20207
13376
5471
20474
4784
3499
17239
7849
1826
20502
22800
4560
12023
31231
1887
20996
7997
24521
22127
30414
16680
30313
5548
18177
24850
13921
736
21323
11968
10994
27804
7947
4839
397
21466
19298
32238
11660
20704
30861
5110
29727
16232
20850
23064
29833
30205
30072
18669
140
3240
13468
26708
22817
30412
20930
22639
9069
29775
16200
27631
10737
7674
2529
14226
15873
4387
26017
15081
19831
32393
4436
1631
168
8319
1044
631
29847
23629
6427
15445
25961
4819
11733
23424
23833
25711
26169
9446
14957
27681
2906
12065
9257
13805
14393
11256
15490
29825
18654
27433
10453
14872
16295
31334
16793
14494
5343
1693
32403
19733
9362
25212
29512
23095
11936
22069
28600
13917
7441
7294
6473
12447
1192
12508
4098
28989
5051
21282
29689
14654
25410
25652
24335
17750
24109
17
9946
22541
13051
30993
31459
12062
904
6251
13074
26653
18214
18425
25190
6237
4848
2368
489
7185
15451
23979
18404
24753
2574
1047
32591
11936
26356
12180
29579
13835
19343
7018
17492
25364
20879
8283
13809
15664
9635
12072
20909
21965
19343
21591
27275
2617
26751
10546
23094
7359
1946
22035
2615
26899
3291
2527
7530
14320
18972
2769
19891
30207
27252
17529
20973
20987
10179
30468
24611
1555
32395
27581
8195
20623
21506
21204
8591
24503
16997
11870
11286
13552
32654
28318
31075
17193
4553
9091
12596
19573
18148
26481
14574
17145
8581
26437
11150
12553
12480
11155
3555
27790
1513
1841
4859
6571
15527
20218
1243
16544
18762
16076
9586
31470
351
12243
7120
31676
4737
1034
16788
30585
23410
27390
25763
11971
23402
25558
20768
8327
11182
8336
14232
10090
14181
11917
17276
1640
9639
2128
30165
10427
10712
29827
6195
6399
11828
22074
23526
29587
3242
21116
31089
22594
18926
28416
25660
7971
1738
3636
26249
21693
7093
27779
14761
16751
4774
728
28272
16
29482
29278
14822
26578
5301
23947
31295
19820
27445
21084
2062
24440
493
10722
10165
8729
6273
253
12064
19938
5709
11880
13235
5619
18427
23029
21632
6501
6997
6426
29886
1001
19799
13485
31350
8619
16009
31724
25984
27261
24972
18624
21166
18481
30706
6467
16199
7238
4435
25215
8375
18632
156
121
9348
16497
15275
26478
11396
25108
22809
31324
23374
9020
8279
10948
17646
19984
24573
17838
6109
22137
32350
4591
21040
2695
30816
9127
22287
8721
17035
2317
30825
29084
16479
13423
18662
17534
17899
18292
18973
8772
22427
9125
19208
848
7250
25643
2740
14535
13752
9434
29501
2986
29398
14959
250
22338
4320
16406
10741
8898
32337
7728
22942
32296
21565
28242
21696
9828
31203
24721
6579
13500
9859
1533
4308
23919
13679
9323
8498
408
99
30584
32138
6230
13337
714
15734
13098
21273
22937
5857
8608
23247
32622
19390
30770
16095
17963
8185
32361
11965
19788
27566
18501
22904
1644
7578
32479
9174
25355
16847
7245
1190
3982
24747
7878
31570
24455
18954
30470
21684
20279
8379
13812
12842
15954
14897
15747
1773
18433
9851
30934
32670
23597
29815
24487
2082
32251
1602
18665
25520
19347
2546
20652
2856
13094
27272
21826
17831
31023
19744
20384
12120
29689
28267
2822
8845
8289
29791
32739
14094
29661
2093
22003
19376
4029
19572
20906
20010
14769
948
12501
13605
15756
31493
14975
24722
7239
3337
1553
21568
11337
20767
15806
174
3813
19161
24606
3614
7973
11697
17689
24042
15814
2295
27143
13851
7811
28686
18709
19256
31383
29400
16363
7260
19581
31343
18828
21899
30970
24086
3965
11334
2397
17519
5673
27229
23302
9454
2180
6917
26661
32141
26351
3626
3524
4289
7516
9735
29448
16301
17586
8947
30131
21654
4979
24958
16366
20888
16796
16060
27462
6039
25548
5857
21748
31096
425
4622
1889
3984
27519
13163
23785
24412
4907
24182
16351
11123
27704
18075
11218
32698
5959
32004
21519
19927
23732
4274
4967
11752
14966
29901
2355
6004
2375
8504
1941
9889
32006
8553
14080
16808
1113
1400
4858
12935
19350
26997
9248
2294
26340
1791
7019
22683
26525
1298
12979
10113
24823
31265
30321
8391
8164
21605
23753
24469
6710
7284
19912
26196
22791
17941
234
5663
25176
851
21471
14964
26104
19920
32398
32048
12712
6748
18523
22202
12412
27334
8869
20094
31108
12786
19603
8093
12716
15916
25617
5602
17633
7612
2069
14073
14965
12731
28711
3035
10437
25381
7456
7821
3097
11823
1842
10
1227
30682
27944
27262
16556
25032
10479
21428
5027
4174
11606
978
919
5836
4370
1092
19343
32313
19205
31478
6680
6658
960
17862
3816
7957
8262
27193
15296
12600
27154
11628
11415
23200
30812
26702
15092
8639
16025
27661
12444
12637
25665
2766
32109
18154
18900
6305
1162
23315
24351
30900
17592
14483
11964
2759
24584
30028
17112
3295
18103
406
18232
17727
2386
16855
3198
2196
5661
26196
20649
28784
26038
30022
28892
22009
23286
15153
26720
25827
23064
5489
16619
23195
23325
19221
22563
17861
31598
26609
7774
23017
21188
19951
12972
11113
3909
28838
23
26551
7408
28462
16425
24004
23610
50
1711
27324
11257
25670
15037
7920
19074
21115
8434
12052
21006
4913
23293
1450
21603
15661
96
2238
22960
18668
13428
26580
18104
28214
23982
1567
28210
32758
25120
21747
20848
14920
3395
12925
21568
14036
755
8370
26640
31579
25531
26757
29269
22159
1619
32093
29229
32552
27239
13510
10562
10548
18586
9830
19442
1454
25547
18484
31918
24659
32663
6884
5792
20401
8223
31397
2961
11137
30475
26639
22793
15670
8655
23895
22712
24278
7468
966
28692
31753
4602
23913
25412
10608
24358
14089
20285
17975
1271
30301
3883
23534
21909
6271
4370
12436
3787
29853
23989
16117
16652
5873
22455
2359
10164
18419
30208
31151
22161
5069
32098
17913
24738
26127
32124
2119
23582
3492
5343
761
26552
15621
16496
17006
5410
23212
14862
4378
23760
13772
10868
29145
32510
29503
12896
5251
30196
18111
3829
30913
23945
19546
23901
13087
29670
5664
16820
2146
6028
16927
29985
21275
26265
11409
32582
26492
25414
4691
7899
26987
16821
14233
9621
18645
17130
26337
19277
22597
16663
23589
15454
12725
20764
28757
26447
23972
7502
6404
19890
28776
23927
4194
23627
4550
4127
14698
3701
8896
22794
5212
24770
30126
10498
22382
22242
19600
4823
32702
6342
4515
29091
28300
27396
32306
17490
26278
1662
9135
25186
32291
4927
2818
28136
22612
19109
24097
9940
15352
1221
20449
885
22959
13579
13836
12864
22194
6689
2483
26829
28608
9490
16837
9250
18524
23472
15329
15924
14901
14899
10089
31915
14566
22562
9944
31974
7647
21623
6997
8511
28835
19710
20104
25488
32565
25854
28332
12534
23244
7963
4325
13012
3278
3707
11732
10523
6140
9000
19561
14793
6634
5557
20217
22960
8371
13861
5777
12921
2282
8712
28809
10728
30676
9703
604
28258
17876
19938
10167
11436
27942
27032
30415
21237
20688
1863
24312
1303
28630
10804
5492
9754
22702
16462
17544
6905
28915
6926
12501
10921
25950
28577
18662
8024
22001
8777
21254
3315
4725
24833
11604
24810
31527
20832
21529
7991
22959
21951
8792
28829
18001
11678
167
26157
28007
30020
30270
5647
18703
18598
20558
30079
8993
3466
21396
5142
29540
10476
11309
7243
28161
9121
4012
15673
22071
570
17770
24995
26961
21547
2333
22581
30165
15917
31660
20748
29439
992
5698
21625
11373
21685
21410
5890
22044
24587
954
20138
7315
29848
32122
28019
1374
12043
8934
25888
13246
31727
27498
22591
26015
28883
26734
23655
15562
16552
30763
12735
10332
20330
6845
5055
631
10499
7545
1851
13879
24428
4224
18845
488
5141
14996
17778
10614
12423
32555
12328
11556
4680
27330
13589
22657
11774
22900
20924
15769
28120
27595
18252
28776
20266
15830
17770
5780
855
5244
12848
8027
6132
29967
13174
14281
27178
23333
23888
20271
26972
163
10711
16338
27914
27674
7725
28640
8694
14679
16571
32424
21125
20533
17597
21001
3687
32182
3841
6187
30074
9042
30699
4462
10732
28815
28349
13984
11681
23250
25109
3955
11988
18293
4536
19758
2048
7193
11661
32162
30465
10558
26093
27232
20342
8977
20762
30761
11371
7300
18956
6822
25909
14500
11380
12377
18844
1576
4603
23252
26944
14661
29898
10025
27189
14282
23376
6817
13041
11112
28991
30641
27496
3665
12760
20265
6517
26118
1897
12719
23676
8297
1044
5484
3150
18202
6097
17413
16204
32000
26550
25805
31696
31270
10871
30521
6344
31177
11817
20884
4516
20143
27467
30707
20851
4538
18694
24428
14664
7868
30388
29059
26083
21389
32416
25573
30861
17755
30220
14425
26436
24642
28281
30963
6168
9500
3106
1162
19413
31131
26058
32621
7138
16021
4535
15442
3945
8350
1023
12687
3000
22236
8706
20109
9192
17431
12088
17785
3004
11792
30509
7484
12747
32532
22729
8110
17634
17872
5845
30726
10404
26471
4539
5526
7539
14274
20109
9909
8084
27688
28489
16380
16781
7182
92
949
1490
17456
16228
23952
31649
32736
16186
9880
9003
27806
3376
17766
23796
27626
15255
7828
26748
14166
30085
26997
13855
31455
32725
15619
4154
27005
19310
26905
24463
32761
31945
28643
3819
27135
3245
13202
20998
15732
26173
11348
21418
9
9781
14979
3863
11025
24433
26908
22695
8592
2223
13428
22958
19604
30613
10534
932
20936
3318
28496
16006
6214
30289
5631
22137
4013
10394
13031
27825
28019
30781
10840
28561
21629
29281
13165
24083
6893
23401
27783
23147
8764
30401
5113
20455
30088
31703
14597
12314
8751
23655
30984
2873
32412
16380
7409
1989
21345
22708
10999
32106
6790
30019
16524
14120
18721
29754
18572
8368
22311
31882
25019
25361
31106
8003
2414
13459
16996
18082
24200
24547
7130
5707
4264
18033
20644
8403
20385
25111
5956
5761
20267
2555
21333
20822
13016
32438
286
25162
30281
438
32615
985
9633
31712
11147
5566
31290
30586
975
1535
12183
29001
17394
19241
9370
17654
12294
21469
7415
14519
382
3979
14057
27691
10887
29822
26916
11909
25500
10009
7434
32748
14164
9824
14625
16930
127
8634
12229
23652
3698
23540
26138
22162
25503
16266
1861
12176
17001
2082
6108
29420
31798
9562
23962
20929
14021
15043
28504
17115
7106
24877
312
28187
9879
3366
16676
26397
1158
16061
22391
31513
15092
24204
24569
5639
2056
27637
28433
775
12661
24747
30518
3071
13716
28020
8871
15494
4790
29742
30044
19457
6328
25360
19260
29451
30936
21811
1680
12315
1990
7249
696
16224
26111
6092
7964
18928
598
31986
30310
4130
10963
29823
5615
4920
8129
12643
18806
578
23811
25798
20248
28223
3495
13130
1916
2436
23998
3984
30287
30306
7786
7677
9968
26883
28728
1470
18796
8341
26544
21257
7084
31658
24619
20134
29421
11231
28901
28335
31089
19644
14419
17556
29812
25052
29111
3169
9826
78
2289
16708
8519
10042
8344
23370
7559
3016
15945
6761
10447
23613
4415
707
16715
15976
1828
28201
12570
3388
8999
22238
15871
6590
19279
16286
345
29474
15
23775
31829
31280
12826
25431
15458
17389
10872
8126
9189
3960
14554
15317
11054
21298
7211
21671
11691
9505
22887
17935
5980
663
29872
20346
1671
15118
16543
30190
13741
599
14296
18252
16828
28148
5345
25298
8326
25026
7220
27363
23410
12251
19602
17419
25202
28602
27035
17726
2869
20640
5276
15712
4253
27447
26536
29195
9843
22133
18154
31628
30042
964
23609
8750
4865
9824
28909
8380
19101
10752
6641
28737
18839
31928
27162
274
1153
12318
7863
1294
26703
13740
31338
12069
11204
14949
16950
3095
21802
26043
4312
22654
18502
32689
29787
30735
28811
16957
2535
29213
23438
23024
3034
5982
22458
23000
1561
13554
27461
9894
9385
30881
14178
7436
20601
27237
7097
30569
3714
7976
11796
13992
21778
2254
23131
4709
19301
1910
16066
13394
10102
8189
6209
17114
7700
31684
21317
32516
6456
5556
5285
31129
10390
14463
20183
9097
24690
12840
14180
15755
6837
24773
12441
27396
20032
31876
31615
27690
28800
17132
17934
17257
5443
26469
27038
18950
16586
27899
28062
30722
8223
19807
8840
25409
7081
4398
26900
14827
30717
15734
31149
15379
30967
14967
16417
30870
15114
6054
8092
20806
14036
20728
13015
2632
8949
31068
23693
26811
10274
28297
15407
9370
7029
31227
23256
12772
13063
824
9347
9466
26817
14168
380
13896
32623
18884
9236
10535
24086
12862
24217
6658
13704
3106
5509
30648
9269
31467
8694
11330
19524
14328
14430
14486
4067
11665
10108
18379
26587
17189
907
32125
2151
16085
4537
883
18502
24631
2010
6783
32271
6227
29790
12966
18373
754
25216
20097
28843
1305
3777
13795
26969
13520
16277
15293
1552
28199
5724
6974
30539
14715
27795
12350
12438
26358
4428
3804
12707
853
31451
15974
26011
2542
16595
7034
3250
30705
29233
9579
25598
9454
7126
15078
32649
1175
4923
2518
2725
13768
22880
13956
25215
708
10757
32259
16119
14018
2845
22475
23983
27816
28800
23204
25442
15126
18400
26822
26488
24998
254
26430
24023
23410
26141
1171
21243
31447
22711
21162
11849
29305
18032
14311
28320
28551
27208
31637
5426
10561
11796
29064
12946
2487
16431
2304
18957
21459
12653
17105
32574
27289
12112
21185
16861
7598
11903
28722
27608
7959
6515
6657
1445
1604
22388
20909
9430
1101
16324
4540
6382
11643
19738
858
23155
31754
9553
14148
28740
28717
18786
26084
16173
29011
400
31421
30649
21673
23010
28426
5703
11488
17110
14242
10592
18224
10836
18975
21064
31133
8417
32063
13267
9849
24341
18571
17274
6442
16207
10038
12462
8237
32679
8775
22125
2139
24612
17915
27410
23915
28976
1636
25201
5049
9800
22359
13859
32581
248
31621
2079
15359
26631
20200
21386
27458
32495
4193
8145
27294
4495
28319
27124
26586
26660
23618
14373
30265
6006
28480
2961
2301
8527
20360
9342
30506
31025
30950
19606
27788
16712
21543
7042
27643
21406
27517
27067
18142
27534
15909
26013
11758
891
30534
32446
16189
15042
3101
7037
13686
22508
1367
19678
7270
15145
30654
29845
11963
21754
28696
4448
16652
29997
22092
9626
24090
1550
3015
27662
30806
2012
18718
20233
21667
24698
32501
21939
4700
21351
15903
31646
29849
13808
27399
9888
20654
13220
16462
11998
17909
14089
25781
11562
8910
19085
6206
911
6883
1471
15502
21545
12977
23231
15510
23098
1092
22515
6002
22907
16705
12796
4753
6064
5674
10729
22295
5247
21214
9130
32383
29570
31839
199
21125
19611
11224
4946
17475
22152
24287
15642
24218
8119
7415
3873
14291
18779
5721
32080
9862
30911
8180
31338
15803
29402
12466
4159
21584
5669
17405
18466
7067
9897
17794
30620
2383
8284
27188
17762
6308
941
6804
31365
9906
20574
21040
29673
28190
8850
6250
18424
26105
9767
30331
29847
2021
21573
3768
10585
16762
12087
14611
499
5352
28794
18660
17649
11485
23828
24554
31399
26537
13351
29324
28777
7584
27590
24933
31743
9919
12295
19456
4947
25491
22618
224
3181
19799
18201
11972
6561
20829
26464
15145
22023
31663
15646
25103
30252
13557
15212
768
28935
6041
21790
16207
13615
8234
31640
19870
15947
15614
32740
9890
7881
284
2561
28459
20947
32344
6781
17246
27006
2752
19014
18245
27973
30007
15549
8331
31927
28000
30732
15744
2668
8894
6073
3427
17213
24345
3452
3553
30132
8227
25678
20953
3522
29787
14787
25954
30896
7986
24985
13071
1368
18540
26513
20082
5269
15050
25469
18398
11768
30182
21403
28017
19645
5982
28961
7506
30973
24372
13081
3384
293
21365
29551
11052
26534
18201
27209
31631
22766
18475
29590
6238
15768
14634
21226
13749
15583
6574
27017
20370
17241
16974
4802
25820
25058
6082
6782
25508
6357
31045
536
10922
25475
28221
1903
17443
6109
22302
8762
15801
28276
9612
27548
16852
18084
24512
9209
22040
31499
29484
19207
25391
23104
6754
32296
27080
6082
23090
4343
2271
18735
23058
5152
14655
17335
7108
15990
25158
28111
22066
27711
11241
22826
30621
10450
12791
14565
4854
30309
31906
2050
15500
18464
25147
29719
6632
25206
13885
24647
10485
5556
27021
5234
613
1754
0
27817
6991
31403
32542
7397
18973
22272
14886
23800
4773
20065
8018
4291
32150
27094
27227
16554
32534
25851
24640
30277
12457
4179
30788
20824
25173
11742
5685
26886
18180
31726
14836
19777
16425
25142
18482
15493
3238
29988
20600
25030
24302
17265
29802
11943
7782
8694
21580
9708
22546
27073
9413
10802
8813
23656
20963
9437
30872
8861
21344
6483
20663
6403
5668
30824
29081
24384
7946
18456
19351
23892
19175
29564
22718
13097
20425
22263
18480
18026
25468
23729
30919
25241
11091
15686
1788
8028
22820
14527
29191
280
6549
23489
7240
1985
14230
9476
10982
8177
6447
7943
2230
10807
31100
16898
4190
3249
1014
12829
8634
733
13555
11743
9854
8108
9073
16617
18973
13784
6159
3812
26858
6776
5468
19128
31357
30162
13652
11774
31577
5744
40
1209
6604
31350
8254
8512
10774
818
6009
19583
9677
1781
22970
1631
14975
13601
28839
10883
11162
132
3243
19765
2953
996
10045
25760
4128
5339
6758
4671
1594
30950
20861
8341
10400
28856
30518
2335
24109
3540
17627
5767
9008
1626
22232
30490
8722
31521
10877
21372
16185
25607
10496
15770
7211
5765
25537
3041
22007
6791
26066
29870
721
16762
16055
32261
13052
13222
10858
5509
30957
26558
31395
25755
15533
14517
9557
13559
24191
3540
7292
31036
27843
18698
21270
19964
28954
28547
4975
1763
6347
16507
2722
7218
15461
11861
11613
3183
2726
28135
23012
1627
23196
4121
23385
28453
26890
22958
12858
6365
1293
19809
17963
15659
28671
7220
25846
4161
29852
28677
13008
14
31075
17506
28638
29621
4671
16798
14071
7997
21863
20004
6572
16266
30595
18956
15749
21132
29456
10476
24206
8118
16133
24049
23314
9394
22711
20014
11431
14931
9466
15667
29290
1483
27785
26594
28812
2590
30632
16766
10510
28118
3335
1797
29128
18681
22506
7360
11184
3896
31111
27160
32601
27241
18863
10155
17082
6455
2737
21407
27697
9752
5244
16438
14024
2688
15107
28835
23478
4693
29670
14365
1321
5026
32590
20273
24130
20111
6168
21340
25697
2449
28471
25817
23972
15838
30291
22200
6314
26660
15798
9520
22941
20858
26985
9782
6255
25751
410
10318
29795
25409
8769
29602
208
4105
19972
24913
20258
8246
26711
32009
23073
2559
6887
25816
13942
765
10809
23359
11370
17119
32142
16265
7922
24160
24075
24666
25577
20086
12566
23691
29084
30668
12803
1589
1419
18035
28400
31756
10350
12757
3309
27887
13175
15594
5985
14781
15063
18094
24233
26985
387
16082
10753
9041
23096
4785
16552
9163
6588
26247
3647
24321
32360
28381
26226
17920
12515
32328
11227
25099
16944
6995
24099
14901
19179
12986
21355
14127
4047
14809
8426
31070
20348
21859
30423
21808
7543
22615
29577
27057
28275
12080
12765
1369
14799
2909
5848
19752
21599
25328
8845
23030
26735
6298
18497
16388
12037
24535
4558
13526
20071
12646
4677
18245
477
25596
27607
24016
28344
15673
27894
28467
19091
3803
2231
10555
14041
13362
11899
31192
30088
980
17614
11892
23348
2449
19343
7555
8782
7337
26962
3675
934
9789
26626
21318
14383
11268
25803
18902
18434
29503
14134
13689
19110
20463
21398
10317
31887
29765
11428
28214
19940
21594
22630
11821
20102
29216
31829
13787
6989
9625
17598
9062
12437
13638
27497
24971
17913
21219
4473
10733
5982
20561
28819
428
16180
8404
10050
25658
1528
31358
9370
4202
19197
11243
30492
11210
27245
31279
730
12339
17546
6925
25308
22430
19002
8042
31169
31289
12995
25088
30121
4795
16083
20055
19283
23796
11459
5105
27779
17064
16924
6597
15783
2717
3675
17904
3769
32243
19185
28070
7015
30644
31886
366
22130
4780
14751
18831
1108
27003
14870
18117
26917
7400
5225
2873
3519
5240
19421
8112
24609
11584
5124
18691
13073
19191
28036
16847
24838
32591
27
15469
5700
15237
21984
16677
1609
16439
23500
15518
4200
16247
19320
21145
6068
25885
25128
18655
4639
14689
2313
7800
4835
4521
21175
8990
21537
927
29186
8946
968
3719
3570
31341
22457
28368
5897
9880
11561
20456
455
9600
14150
20565
2676
15076
285
3074
26137
27954
18107
8406
1232
20146
27026
24971
18749
26368
1055
10942
22877
20671
24778
3650
27774
24460
22542
18618
14991
25137
23001
13671
28826
21787
9782
13374
20111
6415
31017
13886
21059
536
11738
25600
5048
21188
7414
4752
13983
30607
14931
31355
5403
5792
13779
25897
1992
18355
9098
17517
28412
2135
28451
26715
24909
16473
7807
18266
9043
27264
10144
3194
19631
13690
24006
24583
15947
12567
14807
7774
19940
23477
516
28927
19142
9212
5290
32228
16343
13003
23158
8465
5847
4465
9165
25709
230
33
30059
10704
18503
4256
2122
15197
28515
22849
197
13842
16657
21523
8445
669
13844
15961
31356
20593
21477
3130
25368
18202
26804
17594
12570
25037
18601
23017
672
10564
28783
20826
5184
16329
12531
20695
27374
29584
18537
25427
21792
19273
3217
2592
1840
16630
2616
28259
22273
7930
15873
18116
23269
13171
19045
17770
28606
19914
20217
8742
27236
14985
17647
5358
30791
12652
1248
21646
29526
27066
22985
28058
11551
18645
17747
1447
30007
24336
22871
24250
24284
9922
19105
12033
2521
14745
8436
8385
29354
28720
10319
3728
3553
8163
1903
20420
13000
27362
8085
10539
6472
22148
6537
13821
28425
7134
17375
23822
18395
26261
9849
9800
27989
30192
28493
1113
20923
21553
7272
26281
10789
6182
1843
10127
29662
25851
13558
10948
26891
7250
4250
16408
10381
30357
29107
7779
5416
30091
5310
2751
12260
25898
26790
32756
29107
24237
21902
27188
26709
486
24778
19209
6777
22740
21038
22923
30501
6520
16012
29398
21591
14821
7032
28347
16621
2711
16462
11446
11714
19205
30839
27936
12826
27769
2791
19110
28480
30496
23274
26618
22381
17757
1569
9672
23532
2403
9159
29932
18044
20739
2361
6370
16886
31682
14262
28286
22063
22319
22371
2781
23328
21876
25490
18075
10052
4650
27715
2374
32066
6514
4331
26899
31948
9537
6261
29392
6855
17659
19079
11802
25772
9028
28166
12752
4910
24083
4316
23752
12317
9479
31993
1728
21386
4607
32407
15767
15404
28645
24515
25277
18178
25546
15641
15592
2618
11320
6095
21000
5970
27331
18677
7550
10365
11234
14842
30344
15688
8445
1651
15104
27261
16583
27416
4679
24903
16846
9743
23676
29080
9041
11374
8689
3016
14417
22779
5855
1407
26858
30774
1880
9684
7652
21913
16254
15542
2694
11806
17395
18827
18602
11266
28304
29976
31511
20424
17242
25249
27146
27266
4529
7249
19990
3404
13771
7900
15662
4633
3681
18530
28161
8626
31400
11927
17798
23291
29827
8225
25303
32632
6903
21825
7490
18705
16607
5046
10397
19730
21473
18910
21467
4214
12192
25887
5597
12645
12595
26501
23690
18939
7895
172
21026
28747
14304
11745
3279
30628
246
9604
23678
22291
8317
4528
10988
22824
24405
24095
8708
30973
8644
7495
3176
4213
27824
18633
9294
15298
19218
24844
17549
5674
10151
12325
12279
13322
28393
13307
25322
32283
3389
29608
8994
20980
7534
17442
16849
3024
23386
16410
17394
23954
12011
30500
25818
5894
25417
6169
10000
17258
24142
6841
26462
16429
27707
11413
9768
12534
29609
25901
31485
29928
9666
1365
26220
293
32432
17885
30233
17552
10838
31088
28432
30936
8510
1469
29272
1202
4563
30677
20428
21349
27089
14292
31526
17804
5113
8132
22365
7959
15881
31166
19505
5780
15083
10578
23043
27053
21805
1066
8171
6897
9649
7657
2053
15575
17062
2905
3595
28159
23222
24774
21545
27324
4225
28581
31244
22480
10827
1914
27197
10870
27121
15864
4525
20902
8482
617
13713
1172
21963
80
23407
23162
2771
5453
30585
3991
265
24130
21787
7031
1115
8116
28112
31862
6472
3444
8761
23680
7832
13694
2416
29466
14154
4641
19098
18598
4302
1888
13499
16098
22900
20377
2255
691
31525
7012
10774
19233
28241
26814
10415
2466
14632
21863
23144
28571
28429
28808
30165
27940
17479
20377
25503
3340
2554
27266
14879
21020
9814
768
5931
31136
23823
6987
19504
18212
31757
16374
4225
15740
16484
10518
11759
26887
1926
30374
23450
7988
8376
3114
15111
22340
21186
20371
11122
82
27115
20323
26469
30865
25124
5137
8329
2518
388
8367
3517
3926
30452
26314
8037
10416
20780
12690
19972
7726
25054
19514
14094
23111
24880
26530
31735
7273
25968
820
6032
18678
771
23820
7571
31373
10399
11611
6268
14474
3003
12557
31131
30416
14659
18345
20328
17094
7823
10361
13846
16799
7830
29420
13931
25567
1887
7736
1742
29210
31673
3139
25250
22271
9516
17348
27602
19094
16943
5541
19117
17094
25755
12717
32757
19738
29792
28251
7474
13765
19063
18453
22348
8163
30744
23426
10073
29441
3628
24372
28084
16864
30981
24714
19279
3702
17485
18388
9546
3894
23356
26553
1732
22929
6414
7126
21745
5565
15797
15016
2412
8117
6859
24236
26319
14721
3274
19140
23426
12983
5247
28125
1744
10562
9404
18895
5184
18274
30798
16772
24866
8948
1070
4701
8296
8692
23036
31953
28855
2112
3752
24664
6334
4766
31091
20103
24007
17153
24342
22908
10379
16904
23872
8572
27723
31176
10822
26075
1052
19915
32022
7452
31363
5208
12654
22618
28481
13557
31819
30183
3952
4139
17571
26418
21455
5257
29782
3566
31067
9452
21859
29808
26655
13309
20311
25945
31820
14586
6412
9846
25996
25018
12943
23268
4244
9707
15202
20600
20216
8095
30948
15453
12612
19719
8461
11007
18248
8061
15710
10024
15027
31688
14872
23657
30692
3996
30125
14524
22780
8289
25716
20839
1848
14133
7328
3876
1662
20020
24179
25982
7989
25335
27823
6526
6746
4698
18766
23431
976
8579
10866
14463
26360
6176
15263
9775
14722
20463
32552
12013
26755
7556
25575
120
15303
30279
25393
25123
872
14268
15113
22070
17311
29703
6292
27281
21211
26543
18126
31890
7696
31906
13690
29753
1874
32377
27743
14986
4770
25598
16049
28467
21768
20971
21198
8559
23010
15093
21035
4138
29307
16649
21901
13670
9183
15318
24956
8413
9966
2187
1780
26088
11952
1762
31839
8351
26856
26461
17088
22082
27884
11983
11057
13528
3251
4895
20623
30229
15408
5449
22900
27009
734
31909
5733
27095
11165
5996
20557
16811
9916
25720
23338
17232
21079
2635
16647
6137
7395
16211
6442
2590
13831
1901
24462
20258
16813
27303
24724
5170
16730
2378
3317
21104
10170
12568
18939
11857
19072
22482
4593
26179
9837
7933
30936
5268
10669
17638
26971
18575
30826
9956
11781
15080
24476
14557
6834
8538
27166
5643
27203
25998
19463
3840
9366
17215
6199
22760
8374
4508
29744
16911
30542
15341
15912
4003
31076
11642
22876
26810
32579
13480
5286
29334
9145
8550
24402
552
16259
8903
16430
1748
14598
10224
17120
4724
31808
18485
20348
8863
12029
30335
8278
3883
30030
1009
18965
16880
23095
13771
2569
7119
12456
29326
20159
10996
174
19041
11986
5719
21739
24243
16899
25225
31812
27938
4236
29613
5081
411
3250
28868
27962
5059
19098
27695
9432
5014
27229
30062
31929
10574
26718
30766
20336
11399
18396
3203
12109
5792
19395
7282
1489
29796
12744
690
18276
6890
9140
1715
3914
9145
21248
23008
14292
29744
29347
31266
17107
21542
808
7589
9810
22477
9475
3038
20869
8412
25893
1997
32252
15085
14286
12159
8476
5923
5539
29912
4560
27409
28416
5007
13948
30423
27023
10362
20275
30350
7194
19980
12329
17127
15517
25116
107
25870
29856
22759
20685
8661
20419
16729
7972
16398
30875
24200
6582
3640
14268
31362
14063
27487
26903
22088
30038
22333
23431
23322
22463
19877
20134
28917
29121
28962
741
7771
6250
18651
4060
21842
2866
5561
29918
4527
10542
716
6097
11412
1670
13547
9788
2360
30249
32155
3234
32486
23487
13619
30735
9289
23008
61
5616
24550
12419
1054
1575
25066
24505
20218
13151
27430
25243
30418
1437
1368
5760
13295
8984
4268
8820
31364
13131
19074
29414
22415
22600
12658
7585
5376
21071
27277
16894
26909
415
3046
14679
13605
14988
28754
11198
5939
8146
30827
23791
21350
30505
23771
17796
22591
11290
30167
19560
25162
29968
7145
13454
769
20146
1523
4835
3821
16752
18545
24705
14094
9564
23038
32037
20861
22588
16666
13795
5456
6621
20266
9240
19902
682
3264
30881
18564
18556
15133
1866
902
17844
3828
9865
23994
30344
2161
14189
20290
24730
3194
27089
27864
6351
9013
4309
14959
23390
32714
7055
4375
27175
13674
1533
7202
9543
15760
22078
12677
4585
13190
31234
2433
17246
26924
6208
6530
23153
14581
11047
5703
3828
14642
30294
24899
30623
13459
11599
25923
1051
3050
24105
9810
23897
25907
29830
2265
8232
19410
26821
5131
9735
9755
28537
13184
20535
9239
15641
15392
2325
2949
12793
14403
28583
1312
632
16151
24949
20256
12155
23361
22170
30979
25371
17607
17434
3213
1435
29229
30838
18446
7837
17630
9854
19939
22165
21710
4711
27967
11389
8030
5405
26668
13259
7552
27098
23244
28320
1307
31224
10213
6210
14769
6916
3740
29644
12351
29459
19841
29476
19044
30553
30412
18990
27846
14583
23014
16959
21682
29717
9772
25045
28930
5425
10991
15493
16964
10422
22719
32564
1560
26833
26601
3210
12762
23936
18494
15780
129
17132
15894
6921
6087
10744
20629
8672
2187
1818
27949
26976
11891
9066
25700
15495
13013
9208
9176
31759
14040
7011
20864
23710
26838
22951
11316
21821
2309
28215
21872
21003
8535
4172
26709
32562
29854
24956
496
16411
26868
16014
7871
9950
29018
4749
29041
32765
15007
24603
5870
18001
8068
29960
19351
4932
10269
31779
1487
24385
6266
24912
6586
9833
21127
15323
19012
17800
3889
13068
27494
9031
13002
4348
31141
31139
16559
30630
19163
21405
12840
27713
15417
4915
13455
11470
397
5008
4789
1005
31169
15232
19841
3828
11428
5158
10202
10818
21998
14321
10695
30673
8574
11724
24277
13323
31973
1173
21434
19679
8744
17105
5943
28435
16322
32414
16963
32220
25065
12776
19301
10412
274
7904
10594
4939
22967
22698
2328
17449
29016
17494
6826
19699
27840
9746
14813
24932
7049
3742
30146
20574
23778
15616
15254
4921
16784
18552
10470
26459
3891
9910
18678
9736
2251
25163
16740
20092
8314
5470
12809
30263
30348
31904
19488
5017
18868
13954
25770
22190
15512
677
1553
1099
5264
5521
17675
1882
21931
21675
23745
11378
24564
3681
22065
15275
29171
680
16080
25776
13430
20392
12916
12565
13201
5813
15474
28907
26851
28034
21507
21906
15131
28561
30701
11983
5819
1006
11615
32286
1052
11037
26140
21578
24242
26961
4571
11578
4498
8415
24302
15886
32049
28913
28195
26987
27247
27775
32232
19986
11988
15739
20658
9144
26137
2124
21151
23058
25834
9086
16986
11823
18666
30648
24895
10762
18936
7150
28351
16992
12465
471
29446
1727
5685
18082
7388
6112
20782
31717
14025
22582
13327
31958
30589
2759
154
9149
12654
21563
13477
29609
9667
21042
5149
2658
32369
15579
5195
28320
13220
18115
3158
3706
24672
12010
20234
545
19048
14620
4567
26318
8543
126
17693
26105
14637
22632
16807
15564
17316
12146
28533
22487
19812
10450
18878
22277
507
24549
25653
3535
31569
2571
21900
21423
8260
27320
11062
14552
22159
19912
19058
29476
3056
31763
25221
5966
23178
24130
21574
29281
19592
16865
13024
6000
771
29877
16852
30088
17445
10831
5181
2531
13455
24545
12632
606
16377
12881
25155
25645
29976
23180
3333
2766
22725
17437
16591
4923
29787
29182
22402
1892
9057
9645
20592
24028
25705
31875
18535
8659
12599
30530
13036
22340
8742
8173
14532
28527
24776
16860
24505
24970
11725
26639
24474
15284
32294
5571
18564
16426
29546
27971
24160
25277
13176
14593
19885
14980
25438
2789
7552
15310
18809
26085
712
20058
23262
9686
30935
5067
14329
6529
17182
29270
23668
762
15416
14270
1626
29229
5675
26754
6269
11706
28650
3925
31765
7683
25630
8398
17833
28290
29989
18273
8499
22881
31323
11150
18815
20804
29337
3160
3796
32106
24572
15353
12502
15348
4328
21716
4011
7812
31308
15019
30813
5386
1831
15378
4223
15067
331
26659
9492
31236
30561
27764
24748
30941
17453
3910
11472
1505
6931
6655
17056
30140
15834
18395
11963
10150
16305
3294
19551
9200
31087
18701
31698
2268
4895
15325
6144
14770
18108
19436
28517
1040
16441
30447
17453
12162
16068
32235
6042
11090
23372
8617
17575
20130
6209
868
11755
24247
7835
32196
703
20376
19485
2576
24483
29400
30427
1439
19934
2224
2554
27535
26213
26449
24503
22202
7166
11383
31914
24550
28837
11586
4172
11324
6703
6210
24248
16380
23085
32208
30638
26990
3347
12965
24285
22556
13466
16549
2402
13374
354
23036
21644
19062
8156
620
23010
8125
19559
25317
17511
413
29369
31575
2844
26274
23681
9924
13511
13067
13130
9625
2291
13764
22947
8766
21048
29081
24445
25580
5564
1700
5588
9151
25594
20487
1426
14348
9922
2529
19888
2548
4225
4986
11422
2361
4291
8641
14565
4689
29174
30201
3339
31417
1137
27823
27318
14220
31413
30959
6421
21076
23282
24503
636
8224
10701
18348
21838
28375
12896
28940
11296
7371
3970
10724
283
20113
23113
21123
28834
14097
8654
1582
3893
9689
4144
15381
22166
20407
24796
29830
28202
1414
3083
18017
21153
19784
19340
24780
8410
4469
23747
21799
2048
23187
9202
15683
9978
18183
5303
4558
22786
13611
982
17682
13715
21408
17977
30176
18313
3046
16693
20166
16260
31529
20495
25992
9613
27998
8895
11982
19964
3727
31219
23067
5528
18035
25687
10750
10497
29250
24852
7308
23371
28871
2966
30733
20460
13495
13459
4086
31704
20801
3145
22040
16874
13542
16903
3094
11910
1675
15598
10524
5757
22733
20985
18382
7472
10132
6971
12415
26105
21483
21608
21412
29894
4623
24727
18568
519
32197
23878
9281
17867
18673
26271
15586
32293
14437
28922
11506
13525
25335
23458
11037
2084
26326
8412
2602
31504
2334
18213
29997
4265
29609
30652
15358
14011
1321
24160
17385
17325
26483
13915
28839
2985
24606
10431
6541
20734
3917
24560
24324
5058
4297
29794
29753
1211
13139
5796
12566
8064
14904
6814
112
12251
23845
18455
32386
18034
31293
5242
23450
24742
11881
10713
22290
18364
18415
24370
26242
27450
18247
1521
23860
14996
25130
12471
10200
16904
15595
22362
28793
3783
19978
31789
16048
7765
8199
13953
26648
23858
25972
18027
25857
30906
4942
5576
23913
2122
30093
19071
552
20900
29178
19974
1642
11413
27969
28200
19810
18901
1607
31493
8253
24878
7101
1626
85
2784
20470
10242
27048
18501
32501
27581
6536
32689
23243
19505
11668
28572
8736
24366
12006
23811
9487
5942
23950
267
3127
15933
20543
31208
5646
3501
15433
17149
15993
1965
31175
30788
1178
30115
6170
26865
17129
12279
5782
15698
19847
4891
5498
13306
19151
17864
4902
14878
31277
13450
2440
25407
23859
26238
32728
1033
30441
3930
25733
29820
5477
687
17263
15689
22940
27755
11350
13439
29048
29346
23954
19814
14379
9358
1797
8107
12482
23252
14671
27070
3837
27912
21824
4729
16990
24692
3987
28162
14208
29717
23769
18930
17322
11751
22963
1207
28324
19811
836
13367
3785
18245
21478
8117
27486
11922
6172
4345
22818
11994
4041
16555
1318
31674
12191
25089
25055
22950
5849
4506
27258
9189
3373
11177
12399
29661
7420
19797
26457
19857
7629
1376
25349
30056
17145
30727
15305
21296
679
31274
3351
1634
26875
26541
593
4008
11147
14622
9695
13212
4371
7320
9856
31443
361
5607
1757
29466
20915
27116
27492
5631
8407
22851
31315
30868
22579
28196
531
10351
9359
24967
22984
23029
31567
23436
12326
19417
32749
4889
15494
991
23975
4293
1593
18662
26997
6389
13852
32293
8254
324
9836
17333
21835
29993
9436
79
9468
28116
6885
14424
32698
24920
4190
22042
24876
27919
15436
18261
1966
32570
6139
5110
16383
17385
10318
21030
6457
22811
29011
7046
5383
3621
18458
26553
10258
12888
30408
28708
7868
14046
26343
241
14865
10213
17920
23386
6394
16640
22636
3364
16820
8393
28263
24937
24449
24524
12134
20123
2206
3744
12203
1478
8308
24407
1046
1813
10770
32281
18494
24472
7899
23819
19136
29764
7548
30581
21463
32316
1314
20517
14893
7247
20713
12046
14833
7617
18327
25141
16938
27214
21386
1486
11339
11116
5871
6049
4615
6865
4149
22963
13670
6709
25281
18467
12057
30809
6116
9810
22283
1864
27658
26438
6968
26588
31796
30033
14530
11909
26536
7405
2881
17734
14822
7915
26203
12032
12511
11725
11670
4083
13154
23152
7785
8066
3031
13294
153
26422
15151
7874
12483
29446
30747
10029
14644
22230
11900
21209
27905
11581
4891
13757
14677
29579
8091
20032
8453
26379
2732
27809
5738
18309
4225
10646
10095
8967
8067
12339
12265
3813
15687
24334
1575
29183
14269
1185
21962
17474
30379
15087
7383
26482
346
9835
32523
32038
3216
7189
25455
24084
9405
29414
4140
5774
18553
1134
14495
3149
1838
8380
12720
12654
30738
31102
16480
26810
7513
18537
13986
32554
1960
13531
21100
24234
19916
15551
4877
24094
11436
9394
30913
21155
25468
13155
25219
17943
8244
15424
32290
30427
4161
15695
32407
1239
27002
5209
3222
28607
32597
3918
9571
19093
14427
23525
23527
18544
30681
6787
12291
1659
20441
6238
28708
14144
3920
29922
22808
4903
153
13908
26656
12857
27682
4533
4934
13098
13158
27113
23536
21399
6171
18968
28598
23948
940
24405
19313
3657
25321
13693
5268
23110
27134
15202
7360
12916
21665
21033
17298
11974
30352
27633
10944
16880
12347
32182
28772
23151
7101
18548
25495
5321
1553
15759
26434
25366
2179
626
30513
19903
22116
22390
873
12678
4866
26118
5564
7878
17368
14850
30106
15868
13057
27232
15914
23943
22003
13593
6809
3244
3177
4675
7347
26589
19361
634
25008
31291
2504
7301
31056
22617
32179
7735
17194
22595
1743
1170
13888
2751
20827
28467
18136
22994
2772
21226
24199
28806
15025
16296
6799
20459
4945
15774
17515
13660
20274
1443
14503
13827
28259
6358
12277
13216
26684
31621
7806
3717
9548
5966
7542
14565
21907
2180
4851
3919
30449
23253
3071
6774
8159
31017
31979
7731
25181
21708
23527
6605
23339
2000
18896
7543
16700
30381
15689
6426
2408
13611
25613
2133
29281
12930
11908
8131
3304
28863
14740
24444
5185
19305
2745
11998
10980
4453
21080
25997
20341
30231
10320
26040
7670
7626
30419
11166
12604
18770
1908
30289
14495
25839
26240
28090
5622
32373
4242
27102
6083
26282
7778
16223
9130
496
25310
13638
25896
3108
12156
2047
21633
21445
13006
7589
10746
12377
9559
20353
4425
14348
14493
27853
12618
30875
31871
23229
23539
14192
11977
30144
31370
32015
10502
6147
2581
28592
24725
26934
15379
16685
11519
23444
3945
13343
18568
31261
30111
31812
16132
27686
22604
32293
16108
21012
4815
12789
177
24421
13376
11707
14416
22000
7591
6836
17703
18029
20587
6642
5127
14903
269
23626
26506
10833
16917
29037
31399
26535
23373
4693
12675
22679
8494
27363
19594
12208
24728
9926
20927
32698
12998
17822
8272
20726
19840
31329
25198
7079
9106
6654
20827
19408
27006
23873
32709
12864
21102
31223
7762
1740
6508
22354
28284
24540
10965
24975
22431
17193
523
16597
21072
13252
3947
30561
7665
24923
14975
10976
29826
23736
21620
7452
12474
30090
3790
6107
6743
9576
19034
20484
19634
11283
21092
1028
27542
16635
22571
22896
6738
32261
17042
15852
26893
26508
9752
20299
11354
13734
30986
3832
29453
17064
22520
25748
3660
17132
28261
13280
24553
10705
22466
2526
25327
24580
3230
9523
8826
12030
12311
24016
4812
1486
20884
12241
158
31513
30390
28069
2740
12383
395
23920
22964
31359
18181
17837
2616
29566
27051
11544
32034
22916
19599
20939
560
24359
12928
7079
4304
20716
23936
3573
821
13323
17017
31821
1962
17011
9515
1719
15398
26638
12393
8465
10273
9542
24197
10673
2215
31432
17929
21323
8875
17032
7847
26132
3997
6661
4723
7207
14399
16846
12112
7464
29108
5701
3240
23848
28889
1443
31073
25289
2009
10044
17932
14499
25084
22533
32607
3558
12736
83
11493
19008
1323
26341
26612
6401
13407
13605
24288
12157
7791
4267
6254
21169
10353
28163
2955
24618
13013
176
24382
24099
30965
27760
26332
22254
3820
7106
11899
917
29100
24486
11176
2496
23883
15524
26205
20697
23966
2319
11821
12911
19721
16523
12226
2520
13717
12493
32393
26395
18499
25506
26284
26893
24225
27187
6977
697
15002
28039
5313
12293
30866
10313
13243
23955
26547
11724
31689
2022
15489
8780
31428
21958
20917
18551
12340
12773
27464
2091
2314
10178
12238
21122
17298
1998
19461
1804
20387
5838
29870
15963
32537
19584
15003
7621
6788
25985
25866
6245
11810
19566
17969
16739
8971
7753
15898
4981
30892
19999
24497
20902
12918
11240
27676
25943
19927
21167
6218
23939
21610
16883
20687
29511
24171
9804
28655
14241
6509
5458
6648
20088
10063
16570
13270
23260
26988
25794
10209
144
3090
30160
27897
7877
26166
20821
981
10281
357
30200
24216
15392
24062
1777
26277
25937
18335
7858
5301
8549
19933
13517
20263
5643
13624
6930
663
5952
29773
22007
10417
25293
4430
21566
12615
13585
29616
18897
418
6912
32291
12785
32278
9580
1223
15503
20953
24964
29597
11002
26902
15002
14652
24507
20796
10537
18885
9661
29596
21270
19992
29362
24115
310
21320
10417
3780
3601
3661
6948
29739
12773
2041
23265
6637
20462
17710
3479
12819
10469
16205
21612
28985
5831
16625
1508
28898
13783
31454
16133
3086
7910
25908
4025
27151
5842
16617
18035
11160
22349
19829
7957
28183
21727
1743
22802
6468
9774
32665
30927
11002
28798
11159
14416
30023
32116
11878
27408
703
24095
619
22832
5397
16185
3081
21972
29164
21161
27927
5323
29162
29261
11409
878
1550
24567
1677
10442
10052
18101
30833
20737
25655
24918
23908
2029
359
27177
12034
9991
24443
14344
15956
31367
7128
11413
30975
16845
8050
22468
3771
3840
4066
29850
2823
18933
22202
9012
14108
23122
13077
1034
22559
15603
2418
6261
7578
2188
26050
3183
21549
9616
25535
19866
12417
15698
29056
4997
18046
9323
8266
15658
190
17499
30634
10171
11329
18547
32448
25246
27746
4594
28638
25782
11017
14190
19026
9956
22819
4981
13951
18381
4943
9845
28723
7390
32474
20441
11060
21646
29422
8821
9756
3555
16902
22564
24423
2360
14245
10415
8395
22077
7752
2033
21704
9023
24985
3897
23167
4522
8421
5616
19399
13260
17872
15740
27006
6107
29512
29795
8733
1082
24759
13492
26255
18680
30077
419
16708
19098
14493
26739
25473
10778
26806
2201
7418
11823
20534
26398
29090
20943
10698
4421
16834
7154
10521
21102
14408
9370
31665
314
29538
27408
22081
10224
6988
24944
25098
3103
23399
20839
7824
22917
29066
32316
2965
29744
18332
10253
12103
13795
19299
21596
19641
6843
30871
32714
24208
8466
18747
7457
10751
24740
45
1432
32245
7408
507
15955
29332
22242
12280
14122
15590
8622
31119
26283
27339
16127
6104
26466
6966
18001
10089
31320
1689
23451
5231
4825
27550
14642
3325
20346
13336
4330
28067
1115
26169
2174
23619
15018
13829
21810
1312
18792
19206
15030
11832
27504
3650
29006
5332
30389
5226
14128
18781
6347
30804
4397
32113
15529
14763
32404
30774
32173
29670
9300
9454
19424
374
13152
28620
9596
24388
3672
25862
2475
25690
29285
17964
2194
8672
10085
2488
5262
32587
31560
30950
30909
26321
3257
24518
6337
5664
10497
911
24000
26447
16681
21302
29871
9749
14943
1599
16849
17721
7580
7636
11642
2121
27267
31764
11801
30095
4491
1453
13173
9281
22880
429
22327
15096
13191
11157
30377
12899
17473
11183
6589
12349
8627
27042
19281
3708
3651
27972
18097
25292
12869
16815
7774
6715
6359
3735
16398
32054
29705
23515
31219
12212
27714
13145
25920
433
32479
5383
23018
9182
12316
28992
20395
5271
5176
7515
20557
22805
29652
30338
24357
22245
3997
9921
31198
24984
18218
16478
5752
20669
10023
9065
17039
12812
8884
24979
18401
27620
31752
5188
31243
25592
8282
22759
4499
32325
31489
26505
14379
2119
986
30626
10804
25708
3306
26418
4482
2505
4932
22544
32095
11275
5933
14207
7122
8113
16255
25603
6177
20089
19531
25971
17044
20504
7362
27470
25980
31534
19542
1362
27508
633
11036
19019
15079
29257
5493
24874
27346
8756
28397
8278
13515
28426
17507
14151
18499
20748
22891
5712
25352
8792
9456
2236
21261
10664
286
13597
17774
15676
4734
30689
1711
4629
10851
19494
6213
2916
10374
14032
16215
7746
8173
26584
28869
7585
17169
1510
15978
643
23359
22563
10654
1130
20287
16968
32511
5647
32052
18172
8050
6742
27587
1116
23140
25986
5751
24283
15702
24229
22884
20044
31896
21851
16395
317
22868
24504
15230
19079
10447
21631
965
3363
24812
13717
10367
6719
19954
7861
5324
13713
21902
3172
2667
13292
27420
3880
22560
26641
6434
16117
20313
20935
17437
744
15632
17198
2689
312
27123
28752
26107
19305
26051
7417
29177
6850
8698
23753
31596
12546
8112
6535
15820
12623
13503
21432
29021
1391
11302
20848
3762
9018
17835
12137
27503
17999
22725
2130
5203
29191
7864
9833
2165
20391
26626
29516
14797
15578
16630
6668
30455
7774
18855
3972
8756
19197
17671
29929
22962
8895
9040
2210
29965
9822
2979
6489
31765
8954
10479
12114
31442
17934
15893
24571
22213
11683
17738
32709
2417
18627
7868
9779
25626
7217
4728
14384
16589
16215
10635
27814
17568
9600
8807
32588
5947
1863
1161
1472
13207
79
5977
6869
13830
13621
16466
21550
19316
5571
3170
13836
9708
3943
26772
6500
6750
17379
19948
14389
19359
6213
25746
21528
1713
12314
25140
11033
13381
10463
10149
11973
894
10680
25034
12676
12792
7013
12726
32297
5385
7281
8212
3528
18502
1452
24517
20423
9545
4828
9163
14392
26802
944
3174
2150
10348
18677
28540
1454
32562
4620
62
4753
4433
20124
6665
24071
20143
30852
12938
7445
5644
14868
14118
673
7560
17532
22937
27014
17509
27268
4061
25828
12815
21374
19277
10937
26201
23161
11018
3254
7946
28088
11678
29515
13976
611
9695
3845
24627
28795
30486
13337
25861
19219
23649
5185
18105
2238
16214
19142
27450
4164
25065
28382
13757
32153
24464
8249
12545
13071
18853
16855
11989
2762
25355
22300
220
15476
16148
14118
11917
19251
18338
2654
19581
4056
28301
17997
22753
13146
3653
7090
16718
11650
15801
2769
30148
7143
7031
4621
11499
1309
21524
10937
15772
23594
26574
2092
12707
22585
29552
19731
30148
29843
118
11020
19196
11466
8306
8304
23816
18743
22446
18543
8748
20391
6931
29027
26669
27730
25929
27998
12959
26381
10016
20741
20071
30912
5935
5282
15992
5401
9403
19316
26080
31874
4570
25930
4872
10833
30935
11856
20535
29503
16601
296
7513
26652
17856
24380
30463
20673
14160
25427
20134
21317
29585
16995
22588
7028
24693
20134
20704
5756
2236
12528
8938
5866
21
19520
2859
29909
21126
32661
9078
32345
781
14851
30302
19528
23944
5381
66
20251
8146
26901
16775
10287
15919
4218
17957
9006
18154
19554
18021
25546
10556
48
17641
7090
25456
14103
19948
23742
23621
10216
15307
23405
27540
11048
9412
13714
22066
22374
22014
4426
16664
14283
32714
10289
24513
20723
30505
4822
25044
26619
12430
26732
25603
16348
22501
1730
26675
16631
10707
5749
6365
16113
29248
8036
23476
20672
21523
16740
30600
28422
15932
25909
20842
19614
12792
31157
1297
7541
15952
4436
23676
16284
21731
29640
27353
31387
23526
30722
20134
18695
8553
14944
24342
24663
5084
804
18614
27379
25553
28965
23888
10382
29444
15556
6927
26806
13464
10018
12005
5033
25251
27024
30250
13675
11501
14663
17286
16149
17653
13146
27408
29296
27445
17640
22967
11202
24999
25494
15330
32232
26504
10812
30547
21669
8796
11743
31825
4410
6194
7904
12806
21815
7977
2674
550
28560
26163
20561
18385
8179
31513
8370
9659
9305
29120
5749
1930
17628
4266
16802
21119
20936
9919
13843
2393
18420
28238
29294
26486
3923
8527
13143
14140
1990
8939
1763
26551
22580
25150
13391
9603
13277
23131
19442
31469
2539
21392
29552
15189
21322
18924
16945
15831
29370
7423
16913
11050
23331
27873
26713
25287
28712
18550
6895
15182
21758
4335
5577
8742
7551
13972
17575
24164
5498
12993
25858
31471
4686
25391
1087
7137
695
10869
11817
17200
12519
31183
24478
18573
27353
10269
4488
2188
1250
14895
28688
3846
27273
63
4622
16572
12696
11455
17603
18492
25459
18518
16330
18953
28841
10021
21836
9206
713
17230
29300
15315
8311
8375
1058
8523
22462
7691
5092
1805
25256
22274
12578
22314
31244
31715
31384
26302
19112
16967
23561
3283
16495
21279
21554
8322
7204
23032
22270
8795
1832
6526
8184
5384
6545
10559
2309
18732
1659
16562
14675
8337
25251
13176
16525
3203
14642
737
29265
19319
25302
10418
5603
10737
21271
32550
15907
19108
20457
27186
23996
14810
18301
9741
27551
20502
14429
24304
11184
10232
24504
30235
28606
11106
8698
6168
25785
31705
24992
2115
16415
14894
14411
17802
25016
29021
17939
27762
15747
10421
2845
31322
8688
24889
32624
22020
11855
583
23812
16721
3465
31095
20508
6220
18702
4550
470
362
18446
17908
12545
29457
20204
4650
19758
12886
4848
2272
18442
12043
13884
12030
4331
24825
16385
25409
28328
2666
25842
21729
11182
1003
13305
19825
18512
30031
31529
20998
10079
8183
30965
24475
26875
7761
11679
18100
26536
15519
24819
27202
2981
20218
12340
26055
26745
10390
14423
24250
22734
6215
12399
1325
3202
3652
2153
1965
15612
20268
24569
32362
31676
22598
27092
4504
20278
22797
3872
24340
4577
26092
26408
25419
18315
18502
22357
26968
23791
4025
28506
18028
1417
18596
21934
25715
11177
31718
22591
24564
9927
23529
30053
15673
11286
17120
28948
30897
11611
26188
19031
30354
6656
25541
9465
5570
13924
2807
31621
27128
32118
2283
11634
24863
16514
22664
15767
22523
31051
7257
21733
25102
601
17808
23892
18621
10644
11339
18718
1455
20754
32023
23084
15478
4654
8114
32205
30577
5850
31510
4270
11248
7478
15026
7943
18842
22881
30971
29970
22796
10638
29475
5057
28099
20571
10792
23984
28476
10591
5393
4185
32089
3074
18549
23943
29703
20626
14140
14605
21022
11155
28841
11959
1929
21334
32665
21633
28326
9165
20229
11527
29935
13469
14286
3645
14043
5493
7098
24672
4863
9374
12729
18732
30841
13268
26478
5968
29838
28501
31722
543
17298
15159
14267
4488
26888
31486
26149
16968
4875
30574
29615
14942
19693
22174
21986
8639
17693
23118
8269
29516
10830
22650
27340
23041
25557
8752
27914
28271
10579
19614
29509
26732
15765
4207
4177
6409
20664
13144
12512
16580
19857
12269
29696
5631
5708
4026
27877
4017
29778
11151
12777
18524
16241
17947
23761
3391
55
13500
24658
28108
4510
2710
22228
24412
1519
31203
11893
18722
21216
24457
22097
3165
2303
11506
20737
23762
6740
9240
20577
32122
29762
6623
16022
13688
28847
12968
22608
4429
25189
19747
15437
17487
16567
3940
5151
15960
13927
19002
14894
18875
6087
9916
256
17788
1055
21028
32696
20416
13903
7137
2013
29826
18613
14823
10333
13448
28753
10058
25042
30869
29479
20747
28675
17633
24037
1330
19630
16582
15558
22556
20357
26300
23478
29719
3958
28807
20919
1836
26927
21423
23427
17212
20194
25137
18803
9295
17733
25460
1183
28968
12766
14718
28487
10781
24189
26216
9330
23077
22026
1551
23252
32307
32384
4109
28405
30402
5178
30184
22672
14257
27246
29064
3897
10834
5367
6127
8771
30142
24407
1060
2017
8555
13564
11888
26507
17920
24258
17357
25508
16487
14778
4508
9817
6948
19242
22934
13772
8678
21972
8709
21362
21340
21627
22068
27321
9546
32164
19236
21231
20188
13466
31872
26719
3386
2996
5587
16573
5724
15322
7161
32452
11808
13638
19156
2333
4506
11656
31552
10371
11435
20173
9544
20773
19925
27744
21146
6987
19533
24689
5432
12093
21586
30486
22129
10337
19902
2703
4624
13219
4315
13518
20947
27929
23927
14903
32030
16615
18491
4516
20721
21345
4664
11692
5144
13424
7875
27429
23457
25143
31619
18663
29587
24310
11976
19667
16349
24110
16414
14868
10637
19718
12067
31909
27714
14829
19605
28179
22500
24449
10671
22405
23186
22191
4534
21753
26332
13340
16847
32208
2611
5316
21267
30349
18333
24034
2789
20442
2734
13327
1411
22220
18099
28077
28380
14951
5680
1158
15778
10853
28301
19121
9375
21299
15372
26294
11852
23357
31230
23281
13984
17771
6967
7228
14118
23787
22207
31688
6482
3634
11466
26700
789
20797
14314
19042
20911
2333
7812
45
14021
31922
14465
15424
11187
19639
15685
19387
12067
2814
3557
1975
223
22269
28564
30181
20451
9098
19039
23665
3767
2531
16411
19757
25083
19953
12187
27627
23875
30670
30758
29738
550
9860
4391
16886
13714
24
18983
25097
8034
25287
18169
27958
10291
15247
3124
13064
2419
9713
12263
30630
9146
14582
647
18681
3934
9584
17452
12049
6978
2434
14845
15301
11758
7522
14313
15770
15589
7518
29337
6631
20018
5405
11682
4662
14405
28712
6654
30956
5117
29608
30909
6445
5382
1394
22008
22010
15461
25664
28679
17564
6481
13633
7923
17990
3141
2773
20526
25846
16467
18577
27266
30620
20155
2186
11848
20862
16572
26064
26074
219
25514
20536
31307
24782
9025
19807
16469
630
24121
19179
4498
12628
26906
26132
1519
5876
13138
19556
24927
16848
17029
6586
2508
4977
30756
22421
6483
22999
21825
399
24752
6171
12450
13096
28151
16979
4884
25285
27526
28854
11777
19961
27447
19969
8261
31490
29146
17689
32062
29591
22242
12785
18978
7393
19550
6574
26006
20679
9003
11785
3452
7278
8040
8181
30476
18432
28971
1410
11558
2989
9586
22274
10470
5616
9053
18282
22650
18196
2458
31739
2096
17910
32
26401
25043
21004
21024
19099
30264
30374
25656
9436
1300
884
23275
3505
30480
28233
1358
17957
15904
542
24579
32674
4112
32602
17515
7768
12128
4433
6168
31458
13905
15626
4225
26407
6208
11589
24314
31359
19763
32700
22755
26904
23474
30634
28703
27287
13528
14730
4040
29698
5801
29729
12576
18653
26790
6846
15563
10131
18079
5313
3132
5400
11721
1626
8046
3021
16
5779
23252
4516
20910
22161
24978
31108
13565
11798
24557
21487
30857
29003
23040
21218
2922
957
21169
9468
31697
11429
24292
3043
17376
108
30959
12772
22719
878
10317
729
12268
27135
20886
3152
11986
6571
17070
10473
14494
20418
20285
31488
20046
4373
4448
31372
29962
18170
8863
6727
22200
11670
24862
18448
20683
30555
5399
19597
25947
18895
2695
19988
17019
30607
29480
31436
21447
7060
9376
7695
4668
31158
1784
9491
1613
18542
18255
22218
12338
18400
8912
17158
19076
18969
24033
11489
6919
4245
15261
29788
17863
8964
2437
17222
22118
845
4978
352
29620
25300
5071
21438
29056
15609
29700
11120
13486
31457
28981
10082
7562
1144
31021
19841
27740
25270
21397
24351
21565
22306
27498
19609
12328
3221
19630
3127
3668
17729
10845
22611
1473
10737
162
6334
2577
7826
10059
31583
12698
16371
26747
29
8633
28361
28574
31744
5481
3062
9378
22418
12820
18955
18277
3212
7849
14347
24425
9902
4334
26994
21455
19439
17688
24437
16259
4054
5017
6028
21940
5672
6457
25390
27271
18627
9576
27867
29708
9418
25298
3680
6001
25346
28213
23639
5749
32636
20335
2797
12576
25717
2268
4072
20401
15482
12510
9704
2265
12240
18877
5356
22566
4370
19378
25625
6338
15644
5438
22711
6237
12840
13760
26237
22120
8759
17991
29966
17284
1203
17573
7875
5434
27474
9413
19627
492
7741
3134
21456
30987
17266
27687
30652
11147
5478
27950
30268
30868
27887
25060
100
4731
8802
13147
17619
28656
2552
31731
28473
23929
3959
17521
16662
17183
13582
5969
10180
29286
31104
24158
29623
4227
27013
15999
5380
28874
24685
26068
288
29542
15366
1
9706
15436
1984
17610
3564
22130
25359
21729
6622
5947
10001
22779
29548
22070
3953
5929
7482
19721
27275
29286
17444
13224
5328
2156
13770
27851
17260
25037
8268
22174
25127
26686
32594
5050
2185
5942
23120
24660
19010
6840
14344
18356
26313
20588
27472
19945
7234
24309
7445
25020
8613
22399
14240
10978
3101
5527
5912
2166
9134
20800
9032
21414
27419
5955
13987
15020
24327
7110
30341
18432
12378
6944
188
27083
32230
15596
4679
3487
20811
11612
2909
9318
25367
24785
29874
8857
27186
13736
27125
20659
31354
26710
3485
32740
13994
3511
27109
30473
22912
1955
25365
11228
23071
10179
7940
7272
12210
29858
1499
23745
30802
17671
16411
11505
1834
9603
21986
11061
7640
15430
21354
30314
21783
7990
5842
21698
30875
20547
11041
12987
23101
21492
21640
3666
24664
5702
12775
8819
21363
4535
6035
26293
12064
27806
1879
14148
31267
189
27064
14622
27095
281
27773
20099
21710
12810
10863
12198
14520
26510
94
31657
22406
15842
13156
21960
12239
16468
19566
25301
21618
29267
19703
15076
26493
28360
8471
9031
15437
4521
29373
9405
25847
24522
16952
20966
12007
8439
26621
20986
21191
24641
25508
955
23459
18069
7219
19624
2378
915
30111
26740
12791
14492
24464
19638
26416
6701
16741
29922
25071
15212
26488
10872
31232
14337
21923
7547
11434
12327
8963
24869
30353
19203
17147
8409
1243
13108
24444
8537
402
16811
10372
25145
32585
19133
15589
29588
18435
16758
4168
21501
4944
9521
29297
27320
26553
28005
7109
29227
11102
26562
25353
26255
10206
15485
108
19691
1399
3304
456
26179
367
24645
21541
8972
25522
21212
1663
27364
30652
15179
10697
3200
3257
14878
29233
27110
16619
26527
32166
13532
7245
5103
25495
20384
15990
19798
29182
9689
9151
8408
15262
4558
17832
18697
23432
8662
6776
16162
4580
21007
14372
25171
7662
3667
7794
10587
31039
4200
27742
4695
22606
28279
1213
17623
5174
28096
26144
6711
25018
28043
14843
45
31110
32354
24327
27038
5559
31101
29412
16822
26782
11390
7939
5431
28865
27999
11459
26129
20003
10920
9434
23860
31942
19429
32247
20130
6253
30295
7846
17352
3494
2538
13939
14
23560
27239
12882
13229
19898
26859
20542
20672
18485
24984
5665
13983
6730
24970
12276
10088
27494
26892
31015
15326
12309
7692
13635
18807
18373
717
15310
28336
10189
1244
7023
14756
14253
30789
30802
7389
17047
21254
10702
9834
8751
15556
23365
11569
1680
18109
13388
26759
32655
24574
19468
9726
11075
22998
27624
4478
11717
4234
25953
17304
22068
3146
32566
2582
5372
11876
15823
7895
10072
16056
2779
16602
7190
28012
57
25496
5531
7393
23060
26775
27942
2021
21587
5948
7001
6186
30512
18145
2549
246
5926
28455
13029
29213
3089
4749
12414
30509
25489
14146
8965
22248
4783
25144
3953
1783
27331
18554
7027
2012
21909
10943
19124
15657
7362
3903
8542
5615
16481
19909
20445
6522
8423
8710
19431
11323
72
14385
31417
8454
7775
26567
20644
27262
29840
4269
2505
205
21676
20096
24609
20376
28436
30248
25280
16433
1058
4528
21082
13327
17604
20052
9990
892
9834
4316
9026
21646
11811
9257
6199
24152
30466
13838
16191
27745
30663
5729
19621
13910
19387
27729
8108
24571
732
22009
13266
13671
15674
9782
14165
30577
5537
13494
27383
19558
8056
29778
12030
10493
31721
17310
24960
17804
19011
11198
29149
29563
30620
379
19853
26361
12730
7318
2588
18671
308
6491
28786
9522
20180
22650
19800
2301
22592
12563
11064
26014
22489
2320
22820
2927
25572
18359
25370
20744
18664
22143
24455
15027
25430
9251
13833
13857
15471
24054
17273
15963
28259
21366
32553
31738
5046
14371
1386
13723
17896
14226
11090
9358
28501
4029
32700
462
29786
9629
23951
24374
30649
18427
29508
8433
15935
5251
25506
11059
30116
13082
25548
6182
25266
23409
31358
2600
15017
22746
17556
28211
11235
91
25292
17052
22964
19713
29900
13825
20372
5751
17767
12925
12160
5591
3100
10525
8093
11456
26591
12696
15135
8873
30493
21050
2665
19573
12538
1058
18037
21063
25565
18349
27511
1943
32046
23858
24253
2438
32350
30192
11226
5998
17192
28996
7427
22974
32023
31264
12985
2821
2121
6328
16041
14156
32114
3198
9680
1449
9507
593
3554
16401
12365
31473
31213
3438
23041
30135
6713
4593
22137
13187
21364
27050
13148
9717
16651
12630
3390
24288
14043
4472
15974
5115
1545
32683
27349
2778
2350
10806
3460
285
15288
16865
27372
25832
24717
5639
3275
29075
31729
14061
11046
1186
9385
4690
9866
16119
28768
15943
30616
17990
32587
26177
14273
15050
27401
3693
10061
13622
7373
8515
21666
24815
20158
31582
18627
1656
15518
27019
23831
6701
18346
19744
7788
9013
4546
23183
24891
3762
21450
9786
27437
17210
29520
29577
21983
2187
7023
31290
3810
6010
23795
5625
6407
26157
6589
5169
29401
1162
16234
5153
18026
7407
5423
11570
18003
27940
8455
20360
23542
19342
26641
4823
2822
3237
3635
26488
11850
23720
6404
23996
29085
24975
23017
30592
11578
14657
17278
14337
1590
10247
11831
26098
30798
2880
20551
13260
11491
25687
27840
16998
17219
4083
32252
12741
28202
32109
24381
13365
2697
31367
14736
22424
4997
26459
14327
30975
6083
26257
18118
5751
5091
24021
25166
29478
22090
23176
14521
16790
20517
11958
9013
18512
30634
23113
14933
13485
8097
5244
2483
4073
26660
2450
9947
2681
11427
8391
12132
4510
4907
24199
29280
25403
8423
14046
18679
5092
30695
25648
25166
15159
8736
5674
1710
14959
3508
3320
5602
20790
7796
29880
17632
29883
30883
5423
24236
7429
26877
10683
3194
31879
3576
30089
26899
22004
9802
26632
25465
25684
10411
26014
13518
2392
2268
2201
28018
13802
19944
28264
23916
16649
23978
25867
23563
8404
8591
3272
13004
14820
26782
16928
12159
14559
10933
25601
8614
10826
4373
19005
18206
17567
26656
59
27649
6304
24162
6125
16842
7146
13519
10497
12730
16845
17483
20572
11899
5723
31856
17348
18692
4031
16267
19932
3260
2513
16359
18006
26338
8167
16975
23140
7468
22765
27086
14703
6062
22968
28857
31244
510
4503
29423
19244
1942
5419
11616
17810
12153
7033
22220
29067
6938
20798
30157
21721
11385
30338
22552
7408
22415
31344
3840
14693
8940
2405
5436
31395
7071
16711
489
2272
16470
24
27859
18255
10182
203
26608
30615
26189
14934
12845
12677
30422
13576
1901
765
11006
18973
12751
19511
26229
400
16432
11304
10662
560
1522
4413
12186
18422
18427
16975
8985
5270
15104
29652
12051
20052
14083
15698
28223
16665
17434
794
32258
30150
25715
10290
14482
5064
16277
7315
23131
237
4840
7060
5794
13173
2936
11943
24424
27245
27894
18499
25745
16440
10752
2849
3653
19311
20897
4523
30359
16875
30236
18866
9828
21023
28901
14431
6526
9899
10225
14956
19978
18479
14383
5267
25383
20829
10583
26695
2769
10579
3810
24739
21252
14375
14937
11168
2596
18883
25299
5002
17052
4851
26042
19637
14790
3260
1229
19308
9739
6640
17771
13866
12363
11007
21774
18445
7294
21520
5910
14215
26012
2384
16328
30039
20667
30090
8342
22455
15223
7929
2464
1495
10647
20058
25724
14219
21998
27716
27698
7488
19070
18620
9867
1077
17380
261
652
2792
25584
30645
16445
31182
30611
4878
1455
5190
21502
13706
17724
30160
3848
9400
22801
20346
5840
21063
30698
6556
27812
15200
26397
3525
1826
21050
3546
31989
8093
9704
19889
22029
28355
15477
17492
28803
7292
21298
23199
28506
26389
31055
17621
20562
17821
14505
22573
31580
2447
16611
22925
26192
17330
18616
10645
8418
28734
6543
29151
23763
11840
31056
14213
18020
1599
26231
30436
16656
1056
23143
11424
23674
10311
1536
28649
5541
29695
15475
508
14435
5404
85
30444
29968
29919
26355
23458
32383
11801
17894
32034
17461
11923
24295
13585
7381
1966
32228
24436
29916
12871
15699
23995
21902
18909
25798
19198
22577
758
5567
17798
22904
24766
15046
29071
322
28146
27834
6476
29317
31996
16997
3628
14212
13152
15954
12124
15945
25686
20195
14733
31055
32440
5278
17399
30847
4639
25288
3742
3677
12106
11829
1492
21892
10175
24158
7935
10832
28852
13492
29340
27866
11567
15924
14212
7977
9069
828
878
13222
8577
27037
29878
8145
5437
31985
10589
1843
23381
4399
10064
4755
2498
29564
6637
18285
14693
7492
2243
29600
4845
7562
27545
359
8954
11388
16306
18314
14722
7499
592
10710
22645
8761
13431
7626
30108
5876
19443
26515
5063
17698
13725
9019
30503
22333
19673
28189
30969
28065
27747
17564
15972
2531
31820
26644
22181
17509
8511
24849
1129
39
28937
29119
13946
4320
20568
3234
29598
1870
24003
9095
15805
6090
3595
25275
12353
20255
23969
11386
24002
2460
15208
26794
12515
24680
4283
31946
21623
278
2738
37
26345
9081
2209
75
31962
4538
21474
27073
14091
30375
1237
26872
28542
26190
14628
22396
16856
21707
32588
2414
29450
28510
7001
3892
31792
3009
2288
16239
15545
8632
24211
7469
6089
745
30241
28257
219
17646
32412
5776
15275
4521
23343
2508
21331
20951
29552
27622
3252
26088
22754
12256
22551
24847
26046
19361
1556
31381
14579
21484
17332
10610
13163
5267
8658
7710
23184
30952
11207
3749
17423
22645
20806
2298
28379
31725
10116
16269
11638
28258
17820
1055
1388
28343
16435
25813
10272
5465
2135
8076
26826
554
12717
24429
21441
9918
25548
30913
19190
202
31460
5894
19393
22745
7075
4418
16865
22849
15961
22679
3006
4438
30042
13592
5104
14557
29348
17627
9221
18372
4289
29007
21631
13840
25327
20176
15901
30742
4223
6777
20572
2798
32635
19002
28988
9509
4747
25386
19015
24498
32281
2590
26320
27435
30900
634
1913
9529
19122
3911
20216
8778
282
27270
11290
32645
18369
18116
9479
4355
11954
3823
26569
16444
24275
22632
17416
11967
454
15193
29207
28967
24846
1353
19253
30282
115
31214
22284
28339
14247
5698
21118
18515
3881
2521
5025
4723
25706
23153
28424
24045
6447
26059
581
28060
21046
13753
1963
19217
2332
23161
5977
4999
30078
16193
31092
4377
4447
11547
28083
29747
15561
28659
3105
16711
17591
20974
8990
18113
20787
24830
13991
12092
32444
12980
1240
1014
9962
6741
13231
13185
7253
1327
3091
28860
23986
28973
26133
32258
1087
12714
10869
14497
29026
30339
3432
30862
32652
18800
26264
6231
14948
30100
19053
14680
25122
3410
18571
6194
15928
611
29596
1401
824
1061
5711
22189
20466
6198
14752
25452
1500
8514
24667
25317
184
18457
7131
15760
29040
31493
24088
10013
24645
30554
11489
5290
6696
4430
6757
25400
3432
11787
9976
16992
22926
9219
28692
14146
5766
30084
20638
19391
5887
6540
22123
15848
10771
18142
12547
17333
8235
30037
32165
14075
5917
2425
5259
15768
20888
24144
15214
16880
7618
8567
24909
20382
3871
